episode_idx,total_reward,steps,success,wall_hits,penalty_entries,door_attempts,key_pickup_step,goal_reached_step,termination_reason,epsilon_final,lambda
0,-200.0,100,False,25,0,0,,,energy_depleted,1.0,0.7
1,-232.0,100,False,23,9,0,61,,energy_depleted,0.995,0.7
2,-196.0,100,False,19,2,0,,,energy_depleted,0.990025,0.7
3,-280.0,100,False,40,2,0,,,energy_depleted,0.985074875,0.7
4,-168.0,100,False,17,0,0,,,energy_depleted,0.980149500625,0.7
5,-196.0,100,False,24,0,0,,,energy_depleted,0.975248753121875,0.7
6,-180.0,100,False,20,0,0,,,energy_depleted,0.9703725093562656,0.7
7,-152.0,100,False,13,0,0,,,energy_depleted,0.9655206468094842,0.7
8,-272.0,100,False,38,2,0,,,energy_depleted,0.9606930435754368,0.7
9,-236.0,100,False,24,4,0,,,energy_depleted,0.9558895783575596,0.7
10,-118.0,100,False,17,0,0,89,,energy_depleted,0.9511101304657719,0.7
11,-218.0,100,False,22,3,0,,,energy_depleted,0.946354579813443,0.7
12,-184.0,100,False,21,0,0,,,energy_depleted,0.9416228069143757,0.7
13,-196.0,100,False,24,0,0,,,energy_depleted,0.9369146928798039,0.7
14,-266.0,100,False,24,7,0,,,energy_depleted,0.9322301194154049,0.7
15,-256.0,100,False,39,0,0,,,energy_depleted,0.9275689688183278,0.7
16,-228.0,100,False,27,2,0,,,energy_depleted,0.9229311239742362,0.7
17,-184.0,100,False,21,0,0,,,energy_depleted,0.918316468354365,0.7
18,-172.0,100,False,18,0,0,,,energy_depleted,0.9137248860125932,0.7
19,-194.0,100,False,21,1,0,,,energy_depleted,0.9091562615825302,0.7
20,-200.0,100,False,25,0,0,,,energy_depleted,0.9046104802746175,0.7
21,-244.0,100,False,31,2,0,,,energy_depleted,0.9000874278732445,0.7
22,-200.0,100,False,15,4,0,,,energy_depleted,0.8955869907338783,0.7
23,-212.0,100,False,28,0,0,,,energy_depleted,0.8911090557802088,0.7
24,-192.0,100,False,18,2,0,,,energy_depleted,0.8866535105013078,0.7
25,-260.0,100,False,25,6,0,,,energy_depleted,0.8822202429488012,0.7
26,-240.0,100,False,20,6,0,,,energy_depleted,0.8778091417340572,0.7
27,-204.0,100,False,26,0,0,,,energy_depleted,0.873420096025387,0.7
28,-244.0,100,False,36,0,0,,,energy_depleted,0.86905299554526,0.7
29,-168.0,100,False,17,0,0,,,energy_depleted,0.8647077305675337,0.7
30,-236.0,100,False,34,0,0,,,energy_depleted,0.8603841919146961,0.7
31,-200.0,100,False,25,0,0,,,energy_depleted,0.8560822709551226,0.7
32,-216.0,100,False,29,0,0,,,energy_depleted,0.8518018596003469,0.7
33,-236.0,100,False,34,0,0,,,energy_depleted,0.8475428503023452,0.7
34,-164.0,100,False,16,0,0,,,energy_depleted,0.8433051360508335,0.7
35,-176.0,100,False,19,0,0,,,energy_depleted,0.8390886103705792,0.7
36,-154.0,100,False,11,1,0,,,energy_depleted,0.8348931673187264,0.7
37,-212.0,100,False,28,0,0,,,energy_depleted,0.8307187014821328,0.7
38,-192.0,100,False,23,0,0,,,energy_depleted,0.826565107974722,0.7
39,-224.0,100,False,31,0,0,,,energy_depleted,0.8224322824348484,0.7
40,-234.0,100,False,26,3,0,,,energy_depleted,0.8183201210226743,0.7
41,-200.0,100,False,25,0,0,,,energy_depleted,0.8142285204175609,0.7
42,-316.0,100,False,34,8,0,,,energy_depleted,0.810157377815473,0.7
43,-220.0,100,False,30,0,0,,,energy_depleted,0.8061065909263957,0.7
44,-176.0,100,False,19,0,0,,,energy_depleted,0.8020760579717637,0.7
45,-172.0,100,False,18,0,0,,,energy_depleted,0.7980656776819048,0.7
46,-160.0,100,False,15,0,0,,,energy_depleted,0.7940753492934953,0.7
47,-194.0,100,False,21,1,0,,,energy_depleted,0.7901049725470278,0.7
48,-154.0,100,False,11,1,0,,,energy_depleted,0.7861544476842928,0.7
49,-128.0,100,False,7,0,0,,,energy_depleted,0.7822236754458712,0.7
50,-164.0,100,False,16,0,0,,,energy_depleted,0.7783125570686419,0.7
51,-184.0,100,False,21,0,0,,,energy_depleted,0.7744209942832987,0.7
52,-216.0,100,False,29,0,0,,,energy_depleted,0.7705488893118821,0.7
53,-228.0,100,False,32,0,0,,,energy_depleted,0.7666961448653228,0.7
54,-326.0,100,False,44,5,0,,,energy_depleted,0.7628626641409961,0.7
55,-176.0,100,False,19,0,0,,,energy_depleted,0.7590483508202912,0.7
56,-156.0,100,False,14,0,0,,,energy_depleted,0.7552531090661897,0.7
57,-156.0,100,False,14,0,0,,,energy_depleted,0.7514768435208588,0.7
58,-156.0,100,False,14,0,0,,,energy_depleted,0.7477194593032545,0.7
59,-188.0,100,False,22,0,0,,,energy_depleted,0.7439808620067382,0.7
60,-230.0,100,False,25,3,0,,,energy_depleted,0.7402609576967045,0.7
61,-176.0,100,False,19,0,0,,,energy_depleted,0.736559652908221,0.7
62,-214.0,100,False,26,1,0,,,energy_depleted,0.7328768546436799,0.7
63,-208.0,100,False,27,0,0,,,energy_depleted,0.7292124703704614,0.7
64,-190.0,100,False,20,1,0,,,energy_depleted,0.7255664080186092,0.7
65,-250.0,100,False,25,5,0,,,energy_depleted,0.7219385759785161,0.7
66,-160.0,100,False,15,0,0,,,energy_depleted,0.7183288830986235,0.7
67,-216.0,100,False,29,0,0,,,energy_depleted,0.7147372386831304,0.7
68,-212.0,100,False,28,0,0,,,energy_depleted,0.7111635524897147,0.7
69,-224.0,100,False,21,4,0,,,energy_depleted,0.7076077347272661,0.7
70,-196.0,100,False,19,2,0,,,energy_depleted,0.7040696960536298,0.7
71,-254.0,100,False,26,5,0,,,energy_depleted,0.7005493475733616,0.7
72,-152.0,100,False,13,0,0,,,energy_depleted,0.6970466008354949,0.7
73,-208.0,100,False,17,4,0,,,energy_depleted,0.6935613678313174,0.7
74,-208.0,100,False,22,2,0,,,energy_depleted,0.6900935609921608,0.7
75,-152.0,100,False,13,0,0,,,energy_depleted,0.6866430931872,0.7
76,-182.0,100,False,13,3,0,,,energy_depleted,0.683209877721264,0.7
77,-178.0,100,False,17,1,0,,,energy_depleted,0.6797938283326577,0.7
78,-204.0,100,False,26,0,0,,,energy_depleted,0.6763948591909944,0.7
79,-194.0,100,False,16,3,0,,,energy_depleted,0.6730128848950394,0.7
80,-242.0,100,False,33,1,0,,,energy_depleted,0.6696478204705641,0.7
81,-148.0,100,False,12,0,0,,,energy_depleted,0.6662995813682113,0.7
82,-184.0,100,False,21,0,0,,,energy_depleted,0.6629680834613703,0.7
83,-294.0,100,False,36,5,0,,,energy_depleted,0.6596532430440635,0.7
84,-270.0,100,False,40,1,0,,,energy_depleted,0.6563549768288431,0.7
85,-146.0,100,False,9,1,0,,,energy_depleted,0.6530732019446989,0.7
86,-332.0,100,False,48,4,0,,,energy_depleted,0.6498078359349754,0.7
87,-164.0,100,False,16,0,0,,,energy_depleted,0.6465587967553006,0.7
88,-128.0,100,False,7,0,0,,,energy_depleted,0.6433260027715241,0.7
89,-188.0,100,False,17,2,0,,,energy_depleted,0.6401093727576664,0.7
90,-208.0,100,False,17,4,0,,,energy_depleted,0.6369088258938781,0.7
91,-204.0,100,False,21,2,0,,,energy_depleted,0.6337242817644086,0.7
92,-200.0,100,False,25,0,0,,,energy_depleted,0.6305556603555866,0.7
93,-164.0,100,False,16,0,0,,,energy_depleted,0.6274028820538087,0.7
94,-204.0,100,False,21,2,0,,,energy_depleted,0.6242658676435396,0.7
95,-200.0,100,False,25,0,0,,,energy_depleted,0.6211445383053219,0.7
96,-196.0,100,False,24,0,0,,,energy_depleted,0.6180388156137954,0.7
97,-296.0,100,False,49,0,0,,,energy_depleted,0.6149486215357264,0.7
98,-136.0,100,False,19,1,0,89,,energy_depleted,0.6118738784280477,0.7
99,-152.0,100,False,13,0,0,,,energy_depleted,0.6088145090359075,0.7
100,-192.0,100,False,23,0,0,,,energy_depleted,0.6057704364907279,0.7
101,-132.0,100,False,8,0,0,,,energy_depleted,0.6027415843082743,0.7
102,-204.0,100,False,26,0,0,,,energy_depleted,0.599727876386733,0.7
103,-172.0,100,False,18,0,0,,,energy_depleted,0.5967292370047993,0.7
104,-164.0,100,False,16,0,0,,,energy_depleted,0.5937455908197753,0.7
105,-136.0,100,False,19,1,0,69,,energy_depleted,0.5907768628656764,0.7
106,-256.0,100,False,29,4,0,,,energy_depleted,0.587822978551348,0.7
107,-200.0,100,False,25,0,0,,,energy_depleted,0.5848838636585912,0.7
108,-172.0,100,False,18,0,0,,,energy_depleted,0.5819594443402983,0.7
109,-178.0,100,False,17,1,0,,,energy_depleted,0.5790496471185969,0.7
110,-130.0,100,False,5,1,0,,,energy_depleted,0.5761543988830038,0.7
111,-176.0,100,False,19,0,0,,,energy_depleted,0.5732736268885888,0.7
112,-232.0,100,False,23,4,0,,,energy_depleted,0.5704072587541459,0.7
113,-152.0,100,False,13,0,0,,,energy_depleted,0.5675552224603752,0.7
114,-144.0,100,False,11,0,0,,,energy_depleted,0.5647174463480732,0.7
115,-132.0,100,False,8,0,0,,,energy_depleted,0.5618938591163328,0.7
116,-228.0,100,False,32,0,0,,,energy_depleted,0.5590843898207511,0.7
117,-158.0,100,False,12,1,0,,,energy_depleted,0.5562889678716475,0.7
118,-116.0,100,False,4,0,0,,,energy_depleted,0.5535075230322892,0.7
119,-176.0,100,False,19,0,0,,,energy_depleted,0.5507399854171278,0.7
120,-196.0,100,False,24,0,0,,,energy_depleted,0.5479862854900421,0.7
121,-170.0,100,False,10,3,0,,,energy_depleted,0.5452463540625919,0.7
122,-192.0,100,False,18,2,0,,,energy_depleted,0.542520122292279,0.7
123,-184.0,100,False,21,0,0,,,energy_depleted,0.5398075216808176,0.7
124,-136.0,100,False,9,0,0,,,energy_depleted,0.5371084840724134,0.7
125,-210.0,100,False,20,3,0,,,energy_depleted,0.5344229416520514,0.7
126,-266.0,100,False,24,7,0,,,energy_depleted,0.5317508269437912,0.7
127,-164.0,100,False,11,2,0,,,energy_depleted,0.5290920728090721,0.7
128,-224.0,100,False,31,0,0,,,energy_depleted,0.5264466124450268,0.7
129,-210.0,100,False,20,3,0,,,energy_depleted,0.5238143793828016,0.7
130,-148.0,100,False,12,0,0,,,energy_depleted,0.5211953074858876,0.7
131,-136.0,100,False,9,0,0,,,energy_depleted,0.5185893309484582,0.7
132,-204.0,100,False,26,0,0,,,energy_depleted,0.515996384293716,0.7
133,-132.0,100,False,8,0,0,,,energy_depleted,0.5134164023722474,0.7
134,-144.0,100,False,11,0,0,,,energy_depleted,0.5108493203603861,0.7
135,-140.0,100,False,10,0,0,,,energy_depleted,0.5082950737585842,0.7
136,-128.0,100,False,7,0,0,,,energy_depleted,0.5057535983897913,0.7
137,-214.0,100,False,26,1,0,,,energy_depleted,0.5032248303978423,0.7
138,-140.0,100,False,10,0,0,,,energy_depleted,0.5007087062458531,0.7
139,-160.0,100,False,15,0,0,,,energy_depleted,0.4982051627146238,0.7
140,-228.0,100,False,27,2,0,,,energy_depleted,0.4957141369010507,0.7
141,-254.0,100,False,36,1,0,,,energy_depleted,0.4932355662165454,0.7
142,-154.0,100,False,11,1,0,,,energy_depleted,0.4907693883854627,0.7
143,-162.0,100,False,13,1,0,,,energy_depleted,0.4883155414435354,0.7
144,-152.0,100,False,13,0,0,,,energy_depleted,0.4858739637363177,0.7
145,-132.0,100,False,18,1,0,85,,energy_depleted,0.4834445939176361,0.7
146,-154.0,100,False,11,1,0,,,energy_depleted,0.4810273709480479,0.7
147,-140.0,100,False,10,0,0,,,energy_depleted,0.4786222340933077,0.7
148,-178.0,100,False,22,4,0,89,,energy_depleted,0.47622912292284114,0.7
149,-120.0,100,False,5,0,0,,,energy_depleted,0.4738479773082269,0.7
150,-138.0,100,False,22,0,0,67,,energy_depleted,0.4714787374216858,0.7
151,-164.0,100,False,21,3,0,89,,energy_depleted,0.46912134373457737,0.7
152,-216.0,100,False,14,6,0,,,energy_depleted,0.46677573701590447,0.7
153,-184.0,100,False,21,0,0,,,energy_depleted,0.46444185833082496,0.7
154,-136.0,100,False,9,0,0,,,energy_depleted,0.46211964903917085,0.7
155,-232.0,100,False,28,2,0,,,energy_depleted,0.459809050793975,0.7
156,-136.0,100,False,9,0,0,,,energy_depleted,0.4575100055400051,0.7
157,-180.0,100,False,20,0,0,,,energy_depleted,0.45522245551230506,0.7
158,-176.0,100,False,19,0,0,,,energy_depleted,0.45294634323474353,0.7
159,-148.0,100,False,12,0,0,,,energy_depleted,0.45068161151856984,0.7
160,-210.0,100,False,30,4,0,47,,energy_depleted,0.44842820346097695,0.7
161,-160.0,100,False,15,0,0,,,energy_depleted,0.4461860624436721,0.7
162,-178.0,100,False,17,1,0,,,energy_depleted,0.4439551321314537,0.7
163,-128.0,100,False,17,1,0,75,,energy_depleted,0.4417353564707965,0.7
164,-148.0,100,False,12,0,0,,,energy_depleted,0.43952667968844245,0.7
165,-230.0,100,False,20,5,0,,,energy_depleted,0.43732904629000025,0.7
166,-156.0,100,False,14,0,0,,,energy_depleted,0.43514240105855023,0.7
167,-154.0,100,False,11,1,0,,,energy_depleted,0.4329666890532575,0.7
168,-172.0,100,False,18,5,0,85,,energy_depleted,0.4308018556079912,0.7
169,-212.0,100,False,28,0,0,,,energy_depleted,0.42864784632995123,0.7
170,-106.0,100,False,14,0,0,41,,energy_depleted,0.4265046070983015,0.7
171,-216.0,100,False,29,0,0,,,energy_depleted,0.42437208406280996,0.7
172,-154.0,100,False,11,1,0,,,energy_depleted,0.4222502236424959,0.7
173,-188.0,100,False,22,0,0,,,energy_depleted,0.42013897252428345,0.7
174,-176.0,100,False,19,0,0,,,energy_depleted,0.418038277661662,0.7
175,-178.0,100,False,32,0,0,40,,energy_depleted,0.4159480862733537,0.7
176,-154.0,100,False,26,0,0,26,,energy_depleted,0.41386834584198695,0.7
177,-172.0,100,False,18,0,0,,,energy_depleted,0.41179900411277703,0.7
178,-302.0,100,False,43,3,0,,,energy_depleted,0.40974000909221314,0.7
179,-172.0,100,False,13,2,0,,,energy_depleted,0.40769130904675205,0.7
180,-144.0,100,False,16,3,0,89,,energy_depleted,0.4056528525015183,0.7
181,-220.0,100,False,40,1,0,26,,energy_depleted,0.4036245882390107,0.7
182,-192.0,100,False,23,0,0,,,energy_depleted,0.40160646529781563,0.7
183,-172.0,100,False,28,1,0,26,,energy_depleted,0.3995984329713266,0.7
184,-164.0,100,False,16,0,0,,,energy_depleted,0.39760044080646995,0.7
185,-202.0,100,False,18,3,0,,,energy_depleted,0.39561243860243755,0.7
186,-128.0,100,False,7,0,0,,,energy_depleted,0.3936343764094254,0.7
187,-136.0,100,False,9,0,0,,,energy_depleted,0.39166620452737827,0.7
188,-162.0,100,False,13,1,0,,,energy_depleted,0.3897078735047414,0.7
189,-172.0,100,False,18,0,0,,,energy_depleted,0.38775933413721764,0.7
190,-124.0,100,False,6,0,0,,,energy_depleted,0.38582053746653155,0.7
191,-174.0,100,False,21,4,0,40,,energy_depleted,0.3838914347791989,0.7
192,-140.0,100,False,10,0,0,,,energy_depleted,0.38197197760530294,0.7
193,-118.0,100,False,17,0,0,28,,energy_depleted,0.3800621177172764,0.7
194,-226.0,100,False,19,5,0,,,energy_depleted,0.37816180712869,0.7
195,-128.0,100,False,7,0,0,,,energy_depleted,0.37627099809304654,0.7
196,-182.0,100,False,33,0,0,85,,energy_depleted,0.3743896431025813,0.7
197,-176.0,100,False,19,0,0,,,energy_depleted,0.37251769488706843,0.7
198,-154.0,100,False,21,2,0,35,,energy_depleted,0.37065510641263305,0.7
199,-124.0,100,False,6,0,0,,,energy_depleted,0.3688018308805699,0.7
200,-140.0,100,False,10,0,0,,,energy_depleted,0.36695782172616703,0.7
201,-210.0,100,False,25,6,0,68,,energy_depleted,0.3651230326175362,0.7
202,-148.0,100,False,12,0,0,,,energy_depleted,0.36329741745444855,0.7
203,-142.0,100,False,23,0,0,85,,energy_depleted,0.3614809303671763,0.7
204,-206.0,100,False,14,5,0,,,energy_depleted,0.3596735257153404,0.7
205,-200.0,100,False,30,3,0,40,,energy_depleted,0.35787515808676373,0.7
206,-270.0,100,False,30,5,0,,,energy_depleted,0.35608578229632987,0.7
207,-148.0,100,False,22,1,0,67,,energy_depleted,0.35430535338484825,0.7
208,-190.0,100,False,20,1,0,,,energy_depleted,0.352533826617924,0.7
209,-180.0,100,False,15,2,0,,,energy_depleted,0.3507711574848344,0.7
210,-164.0,100,False,21,3,0,67,,energy_depleted,0.3490173016974102,0.7
211,-152.0,100,False,23,1,0,80,,energy_depleted,0.34727221518892315,0.7
212,-138.0,100,False,7,1,0,,,energy_depleted,0.34553585411297855,0.7
213,-332.0,100,False,38,8,0,,,energy_depleted,0.34380817484241366,0.7
214,-152.0,100,False,13,0,0,,,energy_depleted,0.34208913396820156,0.7
215,-120.0,100,False,15,1,0,85,,energy_depleted,0.34037868829836054,0.7
216,-170.0,100,False,15,6,0,67,,energy_depleted,0.33867679485686875,0.7
217,-218.0,100,False,42,0,0,26,,energy_depleted,0.33698341088258443,0.7
218,-94.0,100,False,11,0,0,89,,energy_depleted,0.3352984938281715,0.7
219,-138.0,100,False,17,2,0,26,,energy_depleted,0.33362200135903064,0.7
220,-106.0,100,False,9,2,0,89,,energy_depleted,0.33195389135223546,0.7
221,-128.0,100,False,7,0,0,,,energy_depleted,0.3302941218954743,0.7
222,-116.0,100,False,4,0,0,,,energy_depleted,0.3286426512859969,0.7
223,-172.0,100,False,18,0,0,,,energy_depleted,0.32699943802956694,0.7
224,-170.0,100,False,20,4,0,26,,energy_depleted,0.3253644408394191,0.7
225,-180.0,100,False,15,2,0,,,energy_depleted,0.323737618635222,0.7
226,-208.0,100,False,27,5,0,68,,energy_depleted,0.3221189305420459,0.7
227,-184.0,100,False,31,1,0,28,,energy_depleted,0.32050833588933564,0.7
228,-248.0,100,False,37,0,0,,,energy_depleted,0.31890579420988896,0.7
229,-196.0,100,False,24,0,0,,,energy_depleted,0.3173112652388395,0.7
230,-156.0,100,False,14,0,0,,,energy_depleted,0.3157247089126453,0.7
231,-246.0,100,False,29,8,0,28,,energy_depleted,0.3141460853680821,0.7
232,-214.0,100,False,16,5,0,,,energy_depleted,0.31257535494124167,0.7
233,-174.0,100,False,21,4,0,85,,energy_depleted,0.3110124781665355,0.7
234,-178.0,100,False,17,1,0,,,energy_depleted,0.3094574157757028,0.7
235,-186.0,100,False,29,2,0,28,,energy_depleted,0.30791012869682427,0.7
236,-164.0,100,False,16,0,0,,,energy_depleted,0.30637057805334017,0.7
237,-146.0,100,False,9,1,0,,,energy_depleted,0.3048387251630735,0.7
238,-136.0,100,False,9,0,0,,,energy_depleted,0.30331453153725807,0.7
239,-96.0,100,False,9,1,0,28,,energy_depleted,0.3017979588795718,0.7
240,-180.0,100,False,20,5,0,67,,energy_depleted,0.30028896908517394,0.7
241,-144.0,100,False,11,0,0,,,energy_depleted,0.2987875242397481,0.7
242,-136.0,100,False,9,0,0,,,energy_depleted,0.2972935866185493,0.7
243,-150.0,100,False,10,1,0,,,energy_depleted,0.29580711868545656,0.7
244,-104.0,100,False,11,1,0,85,,energy_depleted,0.2943280830920293,0.7
245,-180.0,100,False,20,0,0,,,energy_depleted,0.29285644267656913,0.7
246,-170.0,100,False,15,1,0,,,energy_depleted,0.2913921604631863,0.7
247,-128.0,100,False,7,0,0,,,energy_depleted,0.2899351996608704,0.7
248,-132.0,100,False,8,0,0,,,energy_depleted,0.288485523662566,0.7
249,-132.0,100,False,18,1,0,96,,energy_depleted,0.2870430960442532,0.7
250,-172.0,100,False,18,0,0,,,energy_depleted,0.2856078805640319,0.7
251,-188.0,100,False,32,1,0,28,,energy_depleted,0.28417984116121175,0.7
252,-122.0,100,False,8,4,0,98,,energy_depleted,0.2827589419554057,0.7
253,-160.0,100,False,15,0,0,,,energy_depleted,0.28134514724562865,0.7
254,-128.0,100,False,12,3,0,28,,energy_depleted,0.2799384215094005,0.7
255,-200.0,100,False,25,0,0,,,energy_depleted,0.27853872940185354,0.7
256,-140.0,100,False,10,0,0,,,energy_depleted,0.27714603575484426,0.7
257,-160.0,100,False,15,5,0,28,,energy_depleted,0.27576030557607,0.7
258,-168.0,100,False,17,5,0,40,,energy_depleted,0.2743815040481897,0.7
259,-212.0,100,False,23,7,0,28,,energy_depleted,0.2730095965279487,0.7
260,-142.0,100,False,8,1,0,,,energy_depleted,0.271644548545309,0.7
261,-132.0,100,False,8,0,0,,,energy_depleted,0.27028632580258244,0.7
262,-208.0,100,False,32,3,0,26,,energy_depleted,0.2689348941735695,0.7
263,-132.0,100,False,8,0,0,,,energy_depleted,0.2675902197027017,0.7
264,-182.0,100,False,18,1,0,,,energy_depleted,0.26625226860418816,0.7
265,-156.0,100,False,14,0,0,,,energy_depleted,0.26492100726116724,0.7
266,-118.0,100,False,12,2,0,28,,energy_depleted,0.26359640222486136,0.7
267,-144.0,100,False,11,0,0,,,energy_depleted,0.2622784202137371,0.7
268,-90.0,100,False,10,0,0,85,,energy_depleted,0.26096702811266836,0.7
269,-146.0,100,False,24,0,0,40,,energy_depleted,0.259662192972105,0.7
270,-128.0,100,False,17,1,0,26,,energy_depleted,0.2583638820072445,0.7
271,-78.0,100,False,7,0,0,89,,energy_depleted,0.2570720625972083,0.7
272,-220.0,100,False,40,1,0,35,,energy_depleted,0.25578670228422223,0.7
273,-120.0,100,False,15,1,0,89,,energy_depleted,0.2545077687728011,0.7
274,-138.0,100,False,17,2,0,89,,energy_depleted,0.25323522992893716,0.7
275,-120.0,100,False,5,0,0,,,energy_depleted,0.25196905377929246,0.7
276,-230.0,100,False,30,6,0,35,,energy_depleted,0.25070920851039596,0.7
277,-208.0,100,False,32,3,0,65,,energy_depleted,0.249455662467844,0.7
278,-94.0,100,False,6,2,0,67,,energy_depleted,0.24820838415550478,0.7
279,-192.0,100,False,13,4,0,,,energy_depleted,0.24696734223472724,0.7
280,-124.0,100,False,16,1,0,98,,energy_depleted,0.2457325055235536,0.7
281,-222.0,100,False,28,6,0,26,,energy_depleted,0.24450384299593586,0.7
282,-204.0,100,False,11,6,0,,,energy_depleted,0.24328132378095618,0.7
283,-198.0,100,False,32,2,0,28,,energy_depleted,0.2420649171620514,0.7
284,-82.0,100,False,8,0,0,96,,energy_depleted,0.24085459257624112,0.7
285,-220.0,100,False,35,3,0,26,,energy_depleted,0.23965031961335992,0.7
286,-188.0,100,False,22,0,0,,,energy_depleted,0.23845206801529312,0.7
287,-188.0,100,False,17,2,0,,,energy_depleted,0.23725980767521665,0.7
288,-176.0,100,False,19,0,0,,,energy_depleted,0.23607350863684057,0.7
289,-222.0,100,False,28,6,0,26,,energy_depleted,0.23489314109365636,0.7
290,-140.0,100,False,10,0,0,,,energy_depleted,0.23371867538818808,0.7
291,-124.0,100,False,16,1,0,80,,energy_depleted,0.23255008201124713,0.7
292,-152.0,100,False,13,0,0,,,energy_depleted,0.2313873316011909,0.7
293,-154.0,100,False,21,2,0,26,,energy_depleted,0.23023039494318495,0.7
294,-152.0,100,False,13,0,0,,,energy_depleted,0.22907924296846902,0.7
295,-264.0,100,False,41,0,0,,,energy_depleted,0.22793384675362668,0.7
296,-172.0,100,False,23,3,0,29,,energy_depleted,0.22679417751985856,0.7
297,-152.0,100,False,13,0,0,,,energy_depleted,0.22566020663225925,0.7
298,-124.0,100,False,6,0,0,,,energy_depleted,0.22453190559909794,0.7
299,-134.0,100,False,11,4,0,68,,energy_depleted,0.22340924607110246,0.7
300,-132.0,100,False,8,0,0,,,energy_depleted,0.22229219984074694,0.7
301,-196.0,100,False,24,5,0,40,,energy_depleted,0.2211807388415432,0.7
302,-144.0,100,False,16,3,0,67,,energy_depleted,0.2200748351473355,0.7
303,-132.0,100,False,18,1,0,67,,energy_depleted,0.2189744609715988,0.7
304,-158.0,100,False,22,2,0,35,,energy_depleted,0.21787958866674081,0.7
305,-148.0,100,False,17,3,0,69,,energy_depleted,0.2167901907234071,0.7
306,-122.0,100,False,13,2,0,40,,energy_depleted,0.2157062397697901,0.7
307,-226.0,100,False,29,6,0,26,,energy_depleted,0.21462770857094113,0.7
308,-94.0,100,False,11,0,0,67,,energy_depleted,0.21355457002808642,0.7
309,-174.0,100,False,31,0,0,28,,energy_depleted,0.212486797177946,0.7
310,-124.0,100,False,11,3,0,67,,energy_depleted,0.21142436319205626,0.7
311,-184.0,100,False,26,3,0,26,,energy_depleted,0.21036724137609597,0.7
312,-116.0,100,False,14,1,0,29,,energy_depleted,0.20931540516921548,0.7
313,-122.0,100,False,18,0,0,26,,energy_depleted,0.20826882814336942,0.7
314,-110.0,100,False,15,0,0,37,,energy_depleted,0.20722748400265256,0.7
315,-152.0,100,False,23,1,0,25,,energy_depleted,0.2061913465826393,0.7
316,-86.0,100,False,9,0,0,67,,energy_depleted,0.20516038984972612,0.7
317,-204.0,100,False,36,1,0,29,,energy_depleted,0.20413458790047748,0.7
318,-116.0,100,False,14,1,0,38,,energy_depleted,0.20311391496097508,0.7
319,-202.0,100,False,18,8,0,35,,energy_depleted,0.20209834538617022,0.7
320,-212.0,100,False,23,7,0,28,,energy_depleted,0.20108785365923937,0.7
321,-166.0,100,False,19,4,0,26,,energy_depleted,0.20008241439094315,0.7
322,-166.0,100,False,29,0,0,28,,energy_depleted,0.19908200231898845,0.7
323,-154.0,100,False,16,4,0,23,,energy_depleted,0.1980865923073935,0.7
324,-86.0,100,False,9,0,0,67,,energy_depleted,0.19709615934585653,0.7
325,-160.0,100,False,15,0,0,,,energy_depleted,0.19611067854912725,0.7
326,-144.0,100,False,11,0,0,,,energy_depleted,0.19513012515638162,0.7
327,-98.0,100,False,12,0,0,29,,energy_depleted,0.1941544745305997,0.7
328,-94.0,100,False,11,0,0,89,,energy_depleted,0.1931837021579467,0.7
329,-112.0,100,False,3,0,0,,,energy_depleted,0.19221778364715697,0.7
330,-172.0,100,False,23,3,0,26,,energy_depleted,0.19125669472892118,0.7
331,-150.0,100,False,10,1,0,,,energy_depleted,0.19030041125527658,0.7
332,-114.0,100,False,16,0,0,80,,energy_depleted,0.1893489091990002,0.7
333,-96.0,100,False,9,1,0,89,,energy_depleted,0.1884021646530052,0.7
334,-114.0,100,False,16,0,0,85,,energy_depleted,0.18746015382974016,0.7
335,-82.0,100,False,8,0,0,28,,energy_depleted,0.18652285306059146,0.7
336,-128.0,100,False,7,0,0,,,energy_depleted,0.18559023879528852,0.7
337,-74.0,100,False,1,2,0,89,,energy_depleted,0.18466228760131206,0.7
338,-136.0,100,False,9,0,0,,,energy_depleted,0.1837389761633055,0.7
339,-126.0,100,False,14,2,0,69,,energy_depleted,0.18282028128248898,0.7
340,-108.0,100,False,12,1,0,29,,energy_depleted,0.18190617987607652,0.7
341,-140.0,100,False,15,3,0,35,,energy_depleted,0.18099664897669615,0.7
342,-124.0,100,False,6,0,0,,,energy_depleted,0.18009166573181265,0.7
343,-152.0,100,False,23,1,0,40,,energy_depleted,0.1791912074031536,0.7
344,-70.0,100,False,5,0,0,40,,energy_depleted,0.17829525136613783,0.7
345,-172.0,100,False,23,3,0,26,,energy_depleted,0.17740377510930713,0.7
346,-104.0,100,False,1,0,0,,,energy_depleted,0.1765167562337606,0.7
347,-136.0,100,False,9,0,0,,,energy_depleted,0.1756341724525918,0.7
348,-142.0,100,False,8,1,0,,,energy_depleted,0.17475600159032884,0.7
349,-78.0,100,False,7,0,0,28,,energy_depleted,0.1738822215823772,0.7
350,-168.0,100,False,12,2,0,,,energy_depleted,0.17301281047446532,0.7
351,-128.0,100,False,12,3,0,69,,energy_depleted,0.172147746422093,0.7
352,-160.0,100,False,15,0,0,,,energy_depleted,0.1712870076899825,0.7
353,-144.0,100,False,11,0,0,,,energy_depleted,0.1704305726515326,0.7
354,-136.0,100,False,9,0,0,,,energy_depleted,0.16957841978827493,0.7
355,-138.0,100,False,22,0,0,75,,energy_depleted,0.16873052768933355,0.7
356,-142.0,100,False,18,2,0,36,,energy_depleted,0.1678868750508869,0.7
357,-150.0,100,False,25,0,0,26,,energy_depleted,0.16704744067563246,0.7
358,-88.0,100,False,7,1,0,26,,energy_depleted,0.1662122034722543,0.7
359,-162.0,100,False,23,2,0,26,,energy_depleted,0.16538114245489302,0.7
360,-102.0,100,False,13,0,0,90,,energy_depleted,0.16455423674261857,0.7
361,-176.0,100,False,19,0,0,,,energy_depleted,0.16373146555890547,0.7
362,-156.0,100,False,24,1,0,26,,energy_depleted,0.16291280823111093,0.7
363,-158.0,100,False,27,0,0,26,,energy_depleted,0.1620982441899554,0.7
364,-176.0,100,False,19,5,0,28,,energy_depleted,0.1612877529690056,0.7
365,-210.0,100,False,20,8,0,26,,energy_depleted,0.16048131420416056,0.7
366,-102.0,100,False,13,0,0,29,,energy_depleted,0.15967890763313977,0.7
367,-170.0,100,False,25,2,0,26,,energy_depleted,0.15888051309497409,0.7
368,-108.0,100,False,12,1,0,29,,energy_depleted,0.1580861105294992,0.7
369,-120.0,100,False,10,3,0,28,,energy_depleted,0.1572956799768517,0.7
370,-198.0,100,False,27,4,0,28,,energy_depleted,0.15650920157696743,0.7
371,-92.0,100,False,8,1,0,29,,energy_depleted,0.1557266555690826,0.7
372,-216.0,100,False,29,5,0,28,,energy_depleted,0.1549480222912372,0.7
373,-142.0,100,False,18,2,0,85,,energy_depleted,0.15417328217978102,0.7
374,-98.0,100,False,12,0,0,75,,energy_depleted,0.1534024157688821,0.7
375,-202.0,100,False,13,10,0,28,,energy_depleted,0.1526354036900377,0.7
376,-86.0,100,False,9,0,0,26,,energy_depleted,0.1518722266715875,0.7
377,-90.0,100,False,10,0,0,28,,energy_depleted,0.15111286553822956,0.7
378,-186.0,100,False,29,2,0,36,,energy_depleted,0.15035730121053842,0.7
379,-192.0,100,False,23,5,0,26,,energy_depleted,0.14960551470448571,0.7
380,-94.0,100,False,11,0,0,29,,energy_depleted,0.14885748713096328,0.7
381,-130.0,100,False,15,2,0,26,,energy_depleted,0.14811319969530848,0.7
382,-216.0,100,False,29,0,0,,,energy_depleted,0.14737263369683193,0.7
383,-74.0,100,False,6,0,0,75,,energy_depleted,0.14663577052834778,0.7
384,-130.0,100,False,20,0,0,67,,energy_depleted,0.14590259167570604,0.7
385,-164.0,100,False,26,1,0,23,,energy_depleted,0.14517307871732751,0.7
386,-102.0,100,False,13,0,0,26,,energy_depleted,0.14444721332374086,0.7
387,-122.0,100,False,18,0,0,40,,energy_depleted,0.14372497725712216,0.7
388,-138.0,100,False,12,4,0,69,,energy_depleted,0.14300635237083656,0.7
389,-120.0,100,False,15,1,0,28,,energy_depleted,0.14229132060898236,0.7
390,-140.0,100,False,15,3,0,26,,energy_depleted,0.14157986400593744,0.7
391,-116.0,100,False,9,3,0,28,,energy_depleted,0.14087196468590776,0.7
392,-94.0,100,False,11,0,0,67,,energy_depleted,0.14016760486247823,0.7
393,-78.0,100,False,7,0,0,67,,energy_depleted,0.13946676683816583,0.7
394,-90.0,100,False,10,0,0,23,,energy_depleted,0.138769433003975,0.7
395,-162.0,100,False,18,4,0,26,,energy_depleted,0.13807558583895513,0.7
396,-102.0,100,False,13,0,0,26,,energy_depleted,0.13738520790976036,0.7
397,-152.0,100,False,13,0,0,,,energy_depleted,0.13669828187021155,0.7
398,-144.0,100,False,21,1,0,26,,energy_depleted,0.13601479046086049,0.7
399,-218.0,100,False,32,4,0,28,,energy_depleted,0.1353347165085562,0.7
400,-128.0,100,False,17,1,0,26,,energy_depleted,0.1346580429260134,0.7
401,-168.0,100,False,17,0,0,,,energy_depleted,0.13398475271138333,0.7
402,-110.0,100,False,15,0,0,89,,energy_depleted,0.13331482894782642,0.7
403,-114.0,100,False,16,0,0,29,,energy_depleted,0.13264825480308728,0.7
404,-124.0,100,False,16,1,0,26,,energy_depleted,0.13198501352907185,0.7
405,-162.0,100,False,23,2,0,23,,energy_depleted,0.1313250884614265,0.7
406,-150.0,100,False,25,0,0,27,,energy_depleted,0.13066846301911936,0.7
407,-112.0,100,False,3,0,0,,,energy_depleted,0.13001512070402377,0.7
408,-166.0,100,False,24,2,0,36,,energy_depleted,0.12936504510050365,0.7
409,-96.0,100,False,9,1,0,23,,energy_depleted,0.12871821987500112,0.7
410,-70.0,100,False,5,0,0,36,,energy_depleted,0.12807462877562611,0.7
411,-126.0,100,False,14,2,0,60,,energy_depleted,0.12743425563174798,0.7
412,-174.0,100,False,26,2,0,26,,energy_depleted,0.12679708435358925,0.7
413,-110.0,100,False,15,0,0,23,,energy_depleted,0.1261630989318213,0.7
414,-154.0,100,False,26,0,0,28,,energy_depleted,0.1255322834371622,0.7
415,-182.0,100,False,18,6,0,26,,energy_depleted,0.12490462201997637,0.7
416,-138.0,100,False,22,0,0,26,,energy_depleted,0.1242800989098765,0.7
417,-78.0,100,False,7,0,0,26,,energy_depleted,0.12365869841532712,0.7
418,-98.0,100,False,7,2,0,40,,energy_depleted,0.12304040492325048,0.7
419,-84.0,100,False,6,1,0,26,,energy_depleted,0.12242520289863422,0.7
420,-114.0,100,False,16,0,0,28,,energy_depleted,0.12181307688414106,0.7
421,-122.0,100,False,18,0,0,29,,energy_depleted,0.12120401149972035,0.7
422,-166.0,100,False,29,0,0,26,,energy_depleted,0.12059799144222175,0.7
423,-110.0,100,False,10,2,0,28,,energy_depleted,0.11999500148501063,0.7
424,-192.0,100,False,28,3,0,40,,energy_depleted,0.11939502647758558,0.7
425,-110.0,100,False,10,2,0,26,,energy_depleted,0.11879805134519765,0.7
426,-120.0,100,False,15,1,0,28,,energy_depleted,0.11820406108847166,0.7
427,-104.0,100,False,11,1,0,26,,energy_depleted,0.11761304078302931,0.7
428,-74.0,100,False,6,0,0,67,,energy_depleted,0.11702497557911416,0.7
429,-152.0,100,False,13,5,0,26,,energy_depleted,0.11643985070121858,0.7
430,-100.0,100,False,10,1,0,67,,energy_depleted,0.1158576514477125,0.7
431,-162.0,100,False,18,4,0,26,,energy_depleted,0.11527836319047394,0.7
432,-134.0,100,False,21,0,0,26,,energy_depleted,0.11470197137452157,0.7
433,-78.0,100,False,7,0,0,28,,energy_depleted,0.11412846151764895,0.7
434,-128.0,100,False,17,1,0,40,,energy_depleted,0.11355781921006071,0.7
435,-132.0,100,False,8,0,0,,,energy_depleted,0.1129900301140104,0.7
436,-90.0,100,False,10,0,0,26,,energy_depleted,0.11242507996344035,0.7
437,-86.0,100,False,9,0,0,23,,energy_depleted,0.11186295456362315,0.7
438,-112.0,100,False,13,1,0,26,,energy_depleted,0.11130363979080503,0.7
439,-130.0,100,False,20,0,0,28,,energy_depleted,0.110747121591851,0.7
440,-168.0,100,False,17,5,0,29,,energy_depleted,0.11019338598389175,0.7
441,-178.0,100,False,22,4,0,26,,energy_depleted,0.10964241905397229,0.7
442,-142.0,100,False,23,0,0,26,,energy_depleted,0.10909420695870244,0.7
443,-62.0,100,False,3,0,0,90,,energy_depleted,0.10854873592390892,0.7
444,-114.0,100,False,16,0,0,28,,energy_depleted,0.10800599224428938,0.7
445,-128.0,100,False,17,1,0,28,,energy_depleted,0.10746596228306793,0.7
446,-144.0,100,False,21,1,0,28,,energy_depleted,0.10692863247165259,0.7
447,-114.0,100,False,16,0,0,26,,energy_depleted,0.10639398930929432,0.7
448,-62.0,100,False,3,0,0,36,,energy_depleted,0.10586201936274785,0.7
449,-82.0,100,False,8,0,0,26,,energy_depleted,0.1053327092659341,0.7
450,-94.0,100,False,11,0,0,67,,energy_depleted,0.10480604571960443,0.7
451,-92.0,100,False,8,1,0,28,,energy_depleted,0.10428201549100642,0.7
452,-108.0,100,False,12,1,0,29,,energy_depleted,0.10376060541355138,0.7
453,-92.0,100,False,8,1,0,36,,energy_depleted,0.10324180238648363,0.7
454,-116.0,100,False,14,1,0,26,,energy_depleted,0.10272559337455121,0.7
455,-88.0,100,False,7,1,0,26,,energy_depleted,0.10221196540767845,0.7
456,-102.0,100,False,8,2,0,26,,energy_depleted,0.10170090558064006,0.7
457,-132.0,100,False,18,1,0,28,,energy_depleted,0.10119240105273686,0.7
458,-136.0,100,False,19,1,0,26,,energy_depleted,0.10068643904747317,0.7
459,-118.0,100,False,17,0,0,26,,energy_depleted,0.1001830068522358,0.7
460,-194.0,100,False,21,6,0,26,,energy_depleted,0.09968209181797463,0.7
461,-92.0,100,False,8,1,0,89,,energy_depleted,0.09918368135888475,0.7
462,-126.0,100,False,19,0,0,26,,energy_depleted,0.09868776295209034,0.7
463,-96.0,100,False,9,1,0,26,,energy_depleted,0.09819432413732988,0.7
464,-146.0,100,False,24,0,0,36,,energy_depleted,0.09770335251664322,0.7
465,-140.0,100,False,20,1,0,26,,energy_depleted,0.09721483575406001,0.7
466,-116.0,100,False,9,3,0,40,,energy_depleted,0.09672876157528972,0.7
467,-90.0,100,False,10,0,0,28,,energy_depleted,0.09624511776741326,0.7
468,-90.0,100,False,10,0,0,36,,energy_depleted,0.0957638921785762,0.7
469,-134.0,100,False,6,6,0,28,,energy_depleted,0.09528507271768331,0.7
470,-182.0,100,False,33,0,0,23,,energy_depleted,0.0948086473540949,0.7
471,-144.0,100,False,16,3,0,28,,energy_depleted,0.09433460411732442,0.7
472,-122.0,100,False,18,0,0,26,,energy_depleted,0.0938629310967378,0.7
473,-78.0,100,False,7,0,0,28,,energy_depleted,0.09339361644125412,0.7
474,-184.0,100,False,21,5,0,23,,energy_depleted,0.09292664835904783,0.7
475,-148.0,100,False,22,1,0,28,,energy_depleted,0.0924620151172526,0.7
476,-106.0,100,False,14,0,0,26,,energy_depleted,0.09199970504166634,0.7
477,-126.0,100,False,19,0,0,26,,energy_depleted,0.091539706516458,0.7
478,-158.0,100,False,12,6,0,23,,energy_depleted,0.09108200798387571,0.7
479,-166.0,100,False,29,0,0,28,,energy_depleted,0.09062659794395633,0.7
480,-124.0,100,False,16,1,0,28,,energy_depleted,0.09017346495423655,0.7
481,-118.0,100,False,17,0,0,28,,energy_depleted,0.08972259762946537,0.7
482,-154.0,100,False,16,4,0,26,,energy_depleted,0.08927398464131804,0.7
483,-102.0,100,False,13,0,0,26,,energy_depleted,0.08882761471811144,0.7
484,-138.0,100,False,22,0,0,28,,energy_depleted,0.0883834766445209,0.7
485,-158.0,100,False,27,0,0,26,,energy_depleted,0.08794155926129829,0.7
486,-122.0,100,False,18,0,0,29,,energy_depleted,0.0875018514649918,0.7
487,-98.0,100,False,12,0,0,89,,energy_depleted,0.08706434220766683,0.7
488,-106.0,100,False,14,0,0,26,,energy_depleted,0.0866290204966285,0.7
489,-102.0,100,False,13,0,0,28,,energy_depleted,0.08619587539414536,0.7
490,-100.0,100,False,10,1,0,36,,energy_depleted,0.08576489601717463,0.7
491,-98.0,100,False,12,0,0,26,,energy_depleted,0.08533607153708876,0.7
492,-114.0,100,False,11,2,0,23,,energy_depleted,0.08490939117940331,0.7
493,-82.0,100,False,8,0,0,29,,energy_depleted,0.0844848442235063,0.7
494,-110.0,100,False,15,0,0,40,,energy_depleted,0.08406242000238877,0.7
495,-78.0,100,False,7,0,0,67,,energy_depleted,0.08364210790237682,0.7
496,-82.0,100,False,8,0,0,23,,energy_depleted,0.08322389736286494,0.7
497,-94.0,100,False,11,0,0,28,,energy_depleted,0.0828077778760506,0.7
498,-74.0,100,False,6,0,0,26,,energy_depleted,0.08239373898667036,0.7
499,-98.0,100,False,12,0,0,26,,energy_depleted,0.081981770291737,0.7
500,-158.0,100,False,27,0,0,23,,energy_depleted,0.08157186144027832,0.7
501,-156.0,100,False,24,1,0,26,,energy_depleted,0.08116400213307692,0.7
502,-106.0,100,False,14,0,0,28,,energy_depleted,0.08075818212241154,0.7
503,-144.0,100,False,21,1,0,26,,energy_depleted,0.08035439121179949,0.7
504,-88.0,100,False,7,1,0,36,,energy_depleted,0.07995261925574049,0.7
505,-94.0,100,False,11,0,0,25,,energy_depleted,0.07955285615946178,0.7
506,-86.0,100,False,9,0,0,36,,energy_depleted,0.07915509187866447,0.7
507,-92.0,100,False,8,1,0,23,,energy_depleted,0.07875931641927116,0.7
508,-102.0,100,False,13,0,0,26,,energy_depleted,0.0783655198371748,0.7
509,-82.0,100,False,8,0,0,40,,energy_depleted,0.07797369223798892,0.7
510,-174.0,100,False,21,4,0,28,,energy_depleted,0.07758382377679898,0.7
511,-90.0,100,False,10,0,0,28,,energy_depleted,0.07719590465791498,0.7
512,-134.0,100,False,21,0,0,26,,energy_depleted,0.07680992513462541,0.7
513,-130.0,100,False,15,2,0,26,,energy_depleted,0.07642587550895227,0.7
514,-128.0,100,False,17,1,0,26,,energy_depleted,0.07604374613140752,0.7
515,-142.0,100,False,23,0,0,26,,energy_depleted,0.07566352740075048,0.7
516,-90.0,100,False,10,0,0,26,,energy_depleted,0.07528520976374672,0.7
517,-126.0,100,False,19,0,0,28,,energy_depleted,0.074908783714928,0.7
518,-102.0,100,False,13,0,0,26,,energy_depleted,0.07453423979635335,0.7
519,-62.0,100,False,3,0,0,26,,energy_depleted,0.07416156859737158,0.7
520,-130.0,100,False,15,2,0,23,,energy_depleted,0.07379076075438473,0.7
521,-94.0,100,False,11,0,0,26,,energy_depleted,0.0734218069506128,0.7
522,-134.0,100,False,11,4,0,29,,energy_depleted,0.07305469791585974,0.7
523,-82.0,100,False,8,0,0,26,,energy_depleted,0.07268942442628044,0.7
524,-130.0,100,False,20,0,0,23,,energy_depleted,0.07232597730414904,0.7
525,-112.0,100,False,13,1,0,26,,energy_depleted,0.07196434741762829,0.7
526,-124.0,100,False,16,1,0,28,,energy_depleted,0.07160452568054015,0.7
527,-92.0,100,False,8,1,0,26,,energy_depleted,0.07124650305213745,0.7
528,-144.0,100,False,21,1,0,26,,energy_depleted,0.07089027053687676,0.7
529,-94.0,100,False,11,0,0,28,,energy_depleted,0.07053581918419238,0.7
530,-90.0,100,False,10,0,0,26,,energy_depleted,0.07018314008827141,0.7
531,-192.0,100,False,33,1,0,28,,energy_depleted,0.06983222438783006,0.7
532,-90.0,100,False,10,0,0,60,,energy_depleted,0.0694830632658909,0.7
533,-114.0,100,False,6,4,0,28,,energy_depleted,0.06913564794956145,0.7
534,-150.0,100,False,15,4,0,26,,energy_depleted,0.06878996970981364,0.7
535,-82.0,100,False,8,0,0,26,,energy_depleted,0.06844601986126457,0.7
536,-78.0,100,False,7,0,0,26,,energy_depleted,0.06810378976195826,0.7
537,-82.0,100,False,8,0,0,28,,energy_depleted,0.06776327081314847,0.7
538,-88.0,100,False,7,1,0,26,,energy_depleted,0.06742445445908272,0.7
539,-106.0,100,False,14,0,0,26,,energy_depleted,0.06708733218678731,0.7
540,-128.0,100,False,17,1,0,67,,energy_depleted,0.06675189552585337,0.7
541,-86.0,100,False,9,0,0,26,,energy_depleted,0.06641813604822411,0.7
542,-168.0,100,False,27,1,0,23,,energy_depleted,0.06608604536798299,0.7
543,-82.0,100,False,8,0,0,23,,energy_depleted,0.06575561514114306,0.7
544,-116.0,100,False,14,1,0,23,,energy_depleted,0.06542683706543735,0.7
545,-116.0,100,False,9,3,0,23,,energy_depleted,0.06509970288011016,0.7
546,-156.0,100,False,24,1,0,26,,energy_depleted,0.06477420436570962,0.7
547,-74.0,100,False,6,0,0,26,,energy_depleted,0.06445033334388106,0.7
548,-82.0,100,False,8,0,0,26,,energy_depleted,0.06412808167716166,0.7
549,-136.0,100,False,14,3,0,28,,energy_depleted,0.06380744126877586,0.7
550,-130.0,100,False,20,0,0,26,,energy_depleted,0.06348840406243197,0.7
551,-114.0,100,False,11,2,0,28,,energy_depleted,0.0631709620421198,0.7
552,-98.0,100,False,12,0,0,29,,energy_depleted,0.06285510723190921,0.7
553,-94.0,100,False,11,0,0,23,,energy_depleted,0.06254083169574966,0.7
554,-74.0,100,False,6,0,0,26,,energy_depleted,0.062228127537270916,0.7
555,-132.0,100,False,13,3,0,26,,energy_depleted,0.06191698689958456,0.7
556,-180.0,100,False,20,5,0,26,,energy_depleted,0.061607401965086635,0.7
557,-90.0,100,False,10,0,0,26,,energy_depleted,0.061299364955261205,0.7
558,-98.0,100,False,12,0,0,26,,energy_depleted,0.0609928681304849,0.7
559,-106.0,100,False,9,2,0,26,,energy_depleted,0.06068790378983247,0.7
560,-104.0,100,False,11,1,0,26,,energy_depleted,0.06038446427088331,0.7
561,-78.0,100,False,7,0,0,26,,energy_depleted,0.060082541949528896,0.7
562,-150.0,100,False,25,0,0,26,,energy_depleted,0.05978212923978125,0.7
563,-106.0,100,False,9,2,0,26,,energy_depleted,0.05948321859358234,0.7
564,-132.0,100,False,18,1,0,26,,energy_depleted,0.05918580250061443,0.7
565,-88.0,100,False,7,1,0,23,,energy_depleted,0.05888987348811136,0.7
566,-132.0,100,False,18,1,0,28,,energy_depleted,0.0585954241206708,0.7
567,-90.0,100,False,10,0,0,28,,energy_depleted,0.058302447000067446,0.7
568,-178.0,100,False,17,6,0,40,,energy_depleted,0.05801093476506711,0.7
569,-148.0,100,False,17,3,0,26,,energy_depleted,0.05772088009124177,0.7
570,-142.0,100,False,23,0,0,23,,energy_depleted,0.057432275690785566,0.7
571,-100.0,100,False,10,1,0,26,,energy_depleted,0.05714511431233164,0.7
572,-136.0,100,False,19,1,0,26,,energy_depleted,0.05685938874076998,0.7
573,-126.0,100,False,14,2,0,23,,energy_depleted,0.05657509179706613,0.7
574,-98.0,100,False,12,0,0,26,,energy_depleted,0.0562922163380808,0.7
575,-114.0,100,False,16,0,0,28,,energy_depleted,0.05601075525639039,0.7
576,-136.0,100,False,14,3,0,26,,energy_depleted,0.05573070148010844,0.7
577,-78.0,100,False,7,0,0,26,,energy_depleted,0.0554520479727079,0.7
578,-144.0,100,False,21,1,0,26,,energy_depleted,0.05517478773284436,0.7
579,-82.0,100,False,8,0,0,26,,energy_depleted,0.05489891379418014,0.7
580,-120.0,100,False,15,1,0,26,,energy_depleted,0.054624419225209234,0.7
581,-168.0,100,False,27,1,0,23,,energy_depleted,0.05435129712908319,0.7
582,-104.0,100,False,11,1,0,28,,energy_depleted,0.05407954064343777,0.7
583,-94.0,100,False,11,0,0,28,,energy_depleted,0.053809142940220586,0.7
584,-126.0,100,False,19,0,0,29,,energy_depleted,0.05354009722551948,0.7
585,-192.0,100,False,28,3,0,80,,energy_depleted,0.05327239673939188,0.7
586,-140.0,100,False,20,1,0,26,,energy_depleted,0.053006034755694924,0.7
587,-176.0,100,False,29,1,0,23,,energy_depleted,0.05274100458191645,0.7
588,-82.0,100,False,8,0,0,26,,energy_depleted,0.05247729955900687,0.7
589,-158.0,100,False,12,6,0,28,,energy_depleted,0.05221491306121183,0.7
590,-102.0,100,False,13,0,0,26,,energy_depleted,0.05195383849590577,0.7
591,-112.0,100,False,13,1,0,23,,energy_depleted,0.051694069303426245,0.7
592,-72.0,100,False,3,1,0,28,,energy_depleted,0.051435598956909113,0.7
593,-158.0,100,False,17,4,0,28,,energy_depleted,0.05117842096212456,0.7
594,-82.0,100,False,8,0,0,29,,energy_depleted,0.050922528857313944,0.7
595,-94.0,100,False,11,0,0,26,,energy_depleted,0.050667916213027374,0.7
596,-62.0,100,False,3,0,0,26,,energy_depleted,0.050414576631962235,0.7
597,-70.0,100,False,5,0,0,23,,energy_depleted,0.05016250374880243,0.7
598,-124.0,100,False,16,1,0,23,,energy_depleted,0.04991169123005841,0.7
599,-50.0,100,False,0,0,0,26,,energy_depleted,0.049662132773908116,0.7
600,-120.0,100,False,15,1,0,26,,energy_depleted,0.04941382211003858,0.7
601,-116.0,100,False,14,1,0,26,,energy_depleted,0.04916675299948838,0.7
602,-90.0,100,False,10,0,0,29,,energy_depleted,0.04892091923449094,0.7
603,-74.0,100,False,6,0,0,26,,energy_depleted,0.04867631463831849,0.7
604,-78.0,100,False,7,0,0,26,,energy_depleted,0.048432933065126894,0.7
605,-94.0,100,False,11,0,0,23,,energy_depleted,0.04819076839980126,0.7
606,-110.0,100,False,15,0,0,26,,energy_depleted,0.047949814557802256,0.7
607,-66.0,100,False,4,0,0,26,,energy_depleted,0.04771006548501324,0.7
608,-98.0,100,False,12,0,0,26,,energy_depleted,0.04747151515758818,0.7
609,-116.0,100,False,14,1,0,26,,energy_depleted,0.04723415758180024,0.7
610,-104.0,100,False,11,1,0,26,,energy_depleted,0.046997986793891236,0.7
611,-92.0,100,False,8,1,0,28,,energy_depleted,0.04676299685992178,0.7
612,-138.0,100,False,7,6,0,26,,energy_depleted,0.04652918187562217,0.7
613,-96.0,100,False,4,3,0,26,,energy_depleted,0.04629653596624406,0.7
614,-98.0,100,False,7,2,0,26,,energy_depleted,0.04606505328641284,0.7
615,-112.0,100,False,3,0,0,,,energy_depleted,0.04583472801998077,0.7
616,-84.0,100,False,6,1,0,26,,energy_depleted,0.04560555437988087,0.7
617,-62.0,100,False,3,0,0,26,,energy_depleted,0.045377526607981465,0.7
618,-92.0,100,False,8,1,0,23,,energy_depleted,0.04515063897494156,0.7
619,-94.0,100,False,6,2,0,26,,energy_depleted,0.04492488578006685,0.7
620,-116.0,100,False,9,3,0,26,,energy_depleted,0.04470026135116651,0.7
621,-174.0,100,False,26,2,0,26,,energy_depleted,0.04447676004441068,0.7
622,-100.0,100,False,5,3,0,29,,energy_depleted,0.044254376244188626,0.7
623,-94.0,100,False,6,2,0,23,,energy_depleted,0.04403310436296769,0.7
624,-110.0,100,False,10,2,0,26,,energy_depleted,0.043812938841152844,0.7
625,-78.0,100,False,7,0,0,26,,energy_depleted,0.043593874146947084,0.7
626,-94.0,100,False,11,0,0,26,,energy_depleted,0.043375904776212344,0.7
627,-90.0,100,False,10,0,0,28,,energy_depleted,0.043159025252331285,0.7
628,-94.0,100,False,11,0,0,26,,energy_depleted,0.042943230126069626,0.7
629,-72.0,100,False,3,1,0,26,,energy_depleted,0.04272851397543928,0.7
630,-150.0,100,False,15,4,0,26,,energy_depleted,0.04251487140556208,0.7
631,-82.0,100,False,8,0,0,26,,energy_depleted,0.04230229704853427,0.7
632,-160.0,100,False,10,7,0,26,,energy_depleted,0.0420907855632916,0.7
633,-82.0,100,False,8,0,0,80,,energy_depleted,0.041880331635475145,0.7
634,-92.0,100,False,3,3,0,26,,energy_depleted,0.041670929977297766,0.7
635,-140.0,100,False,20,1,0,23,,energy_depleted,0.04146257532741128,0.7
636,-66.0,100,False,4,0,0,26,,energy_depleted,0.04125526245077422,0.7
637,-136.0,100,False,14,3,0,29,,energy_depleted,0.04104898613852035,0.7
638,-82.0,100,False,8,0,0,26,,energy_depleted,0.040843741207827744,0.7
639,-74.0,100,False,6,0,0,26,,energy_depleted,0.04063952250178861,0.7
640,-106.0,100,False,14,0,0,26,,energy_depleted,0.040436324889279666,0.7
641,-138.0,100,False,22,0,0,26,,energy_depleted,0.040234143264833266,0.7
642,-78.0,100,False,7,0,0,26,,energy_depleted,0.0400329725485091,0.7
643,-114.0,100,False,16,0,0,23,,energy_depleted,0.03983280768576655,0.7
644,-86.0,100,False,9,0,0,23,,energy_depleted,0.03963364364733772,0.7
645,-120.0,100,False,15,1,0,26,,energy_depleted,0.03943547542910103,0.7
646,-78.0,100,False,7,0,0,26,,energy_depleted,0.03923829805195553,0.7
647,-66.0,100,False,4,0,0,26,,energy_depleted,0.03904210656169575,0.7
648,-98.0,100,False,7,2,0,26,,energy_depleted,0.03884689602888727,0.7
649,-98.0,100,False,12,0,0,26,,energy_depleted,0.038652661548742834,0.7
650,-68.0,100,False,2,1,0,26,,energy_depleted,0.03845939824099912,0.7
651,-98.0,100,False,12,0,0,26,,energy_depleted,0.03826710124979412,0.7
652,-112.0,100,False,13,1,0,23,,energy_depleted,0.038075765743545154,0.7
653,-88.0,100,False,7,1,0,28,,energy_depleted,0.03788538691482743,0.7
654,-90.0,100,False,5,2,0,26,,energy_depleted,0.03769595998025329,0.7
655,-78.0,100,False,7,0,0,26,,energy_depleted,0.03750748018035202,0.7
656,-80.0,100,False,5,1,0,26,,energy_depleted,0.03731994277945026,0.7
657,-78.0,100,False,7,0,0,26,,energy_depleted,0.037133343065553014,0.7
658,-100.0,100,False,10,1,0,26,,energy_depleted,0.03694767635022524,0.7
659,-84.0,100,False,6,1,0,26,,energy_depleted,0.03676293796847412,0.7
660,-116.0,100,False,9,3,0,26,,energy_depleted,0.03657912327863175,0.7
661,-188.0,100,False,22,0,0,,,energy_depleted,0.036396227662238594,0.7
662,-90.0,100,False,10,0,0,26,,energy_depleted,0.0362142465239274,0.7
663,-152.0,100,False,23,1,0,26,,energy_depleted,0.03603317529130776,0.7
664,-78.0,100,False,2,2,0,26,,energy_depleted,0.03585300941485122,0.7
665,-96.0,100,False,9,1,0,26,,energy_depleted,0.03567374436777696,0.7
666,-78.0,100,False,7,0,0,26,,energy_depleted,0.035495375645938076,0.7
667,-134.0,100,False,21,0,0,26,,energy_depleted,0.03531789876770839,0.7
668,-70.0,100,False,5,0,0,26,,energy_depleted,0.035141309273869846,0.7
669,-130.0,100,False,15,2,0,26,,energy_depleted,0.034965602727500496,0.7
670,-150.0,100,False,25,0,0,26,,energy_depleted,0.03479077471386299,0.7
671,-92.0,100,False,8,1,0,26,,energy_depleted,0.03461682084029368,0.7
672,-122.0,100,False,18,0,0,26,,energy_depleted,0.03444373673609221,0.7
673,-86.0,100,False,9,0,0,26,,energy_depleted,0.03427151805241175,0.7
674,-82.0,100,False,8,0,0,26,,energy_depleted,0.03410016046214969,0.7
675,-62.0,100,False,3,0,0,26,,energy_depleted,0.03392965965983894,0.7
676,-74.0,100,False,6,0,0,23,,energy_depleted,0.03376001136153975,0.7
677,-98.0,100,False,12,0,0,26,,energy_depleted,0.03359121130473205,0.7
678,-70.0,100,False,5,0,0,26,,energy_depleted,0.03342325524820839,0.7
679,-102.0,100,False,13,0,0,28,,energy_depleted,0.033256138971967344,0.7
680,-154.0,100,False,26,0,0,26,,energy_depleted,0.03308985827710751,0.7
681,-70.0,100,False,5,0,0,26,,energy_depleted,0.03292440898572197,0.7
682,-110.0,100,False,15,0,0,26,,energy_depleted,0.03275978694079336,0.7
683,-142.0,100,False,13,4,0,26,,energy_depleted,0.03259598800608939,0.7
684,-114.0,100,False,11,2,0,26,,energy_depleted,0.03243300806605895,0.7
685,-70.0,100,False,5,0,0,26,,energy_depleted,0.032270843025728656,0.7
686,-96.0,100,False,9,1,0,26,,energy_depleted,0.03210948881060001,0.7
687,-198.0,100,False,37,0,0,26,,energy_depleted,0.03194894136654701,0.7
688,-74.0,100,False,6,0,0,26,,energy_depleted,0.031789196659714275,0.7
689,-102.0,100,False,13,0,0,26,,energy_depleted,0.0316302506764157,0.7
690,-74.0,100,False,6,0,0,26,,energy_depleted,0.031472099423033625,0.7
691,-110.0,100,False,5,4,0,26,,energy_depleted,0.031314738925918455,0.7
692,-90.0,100,False,10,0,0,23,,energy_depleted,0.031158165231288865,0.7
693,-162.0,100,False,18,4,0,26,,energy_depleted,0.03100237440513242,0.7
694,-62.0,100,False,3,0,0,26,,energy_depleted,0.030847362533106756,0.7
695,-50.0,100,False,0,0,0,28,,energy_depleted,0.030693125720441222,0.7
696,-150.0,100,False,25,0,0,26,,energy_depleted,0.030539660091839015,0.7
697,-74.0,100,False,6,0,0,26,,energy_depleted,0.03038696179137982,0.7
698,-78.0,100,False,2,2,0,28,,energy_depleted,0.030235026982422922,0.7
699,-106.0,100,False,14,0,0,26,,energy_depleted,0.030083851847510806,0.7
700,-72.0,100,False,3,1,0,26,,energy_depleted,0.029933432588273252,0.7
701,-70.0,100,False,5,0,0,26,,energy_depleted,0.029783765425331888,0.7
702,-96.0,100,False,9,1,0,26,,energy_depleted,0.029634846598205228,0.7
703,-74.0,100,False,1,2,0,26,,energy_depleted,0.0294866723652142,0.7
704,-78.0,100,False,7,0,0,26,,energy_depleted,0.02933923900338813,0.7
705,-78.0,100,False,7,0,0,26,,energy_depleted,0.029192542808371188,0.7
706,-74.0,100,False,6,0,0,26,,energy_depleted,0.02904658009432933,0.7
707,-62.0,100,False,3,0,0,26,,energy_depleted,0.028901347193857688,0.7
708,-54.0,100,False,1,0,0,26,,energy_depleted,0.028756840457888396,0.7
709,-66.0,100,False,4,0,0,28,,energy_depleted,0.028613056255598956,0.7
710,-70.0,100,False,5,0,0,26,,energy_depleted,0.02846999097432096,0.7
711,-78.0,100,False,7,0,0,26,,energy_depleted,0.028327641019449356,0.7
712,-90.0,100,False,10,0,0,26,,energy_depleted,0.028186002814352108,0.7
713,-94.0,100,False,11,0,0,26,,energy_depleted,0.028045072800280346,0.7
714,-70.0,100,False,5,0,0,26,,energy_depleted,0.027904847436278947,0.7
715,-194.0,100,False,31,2,0,23,,energy_depleted,0.027765323199097552,0.7
716,-102.0,100,False,13,0,0,26,,energy_depleted,0.027626496583102064,0.7
717,-74.0,100,False,6,0,0,28,,energy_depleted,0.02748836410018655,0.7
718,-154.0,100,False,21,2,0,26,,energy_depleted,0.02735092227968562,0.7
719,-58.0,100,False,2,0,0,26,,energy_depleted,0.02721416766828719,0.7
720,-96.0,100,False,9,1,0,28,,energy_depleted,0.027078096829945757,0.7
721,-110.0,100,False,15,0,0,26,,energy_depleted,0.026942706345796028,0.7
722,-102.0,100,False,13,0,0,26,,energy_depleted,0.026807992814067046,0.7
723,-76.0,100,False,4,1,0,28,,energy_depleted,0.026673952849996713,0.7
724,-90.0,100,False,10,0,0,26,,energy_depleted,0.02654058308574673,0.7
725,-74.0,100,False,6,0,0,28,,energy_depleted,0.026407880170317994,0.7
726,-74.0,100,False,6,0,0,29,,energy_depleted,0.026275840769466402,0.7
727,-74.0,100,False,6,0,0,26,,energy_depleted,0.026144461565619073,0.7
728,-118.0,100,False,17,0,0,26,,energy_depleted,0.026013739257790977,0.7
729,-90.0,100,False,10,0,0,26,,energy_depleted,0.02588367056150202,0.7
730,-74.0,100,False,6,0,0,26,,energy_depleted,0.02575425220869451,0.7
731,-156.0,100,False,24,1,0,26,,energy_depleted,0.025625480947651037,0.7
732,-82.0,100,False,8,0,0,26,,energy_depleted,0.025497353542912785,0.7
733,-74.0,100,False,6,0,0,26,,energy_depleted,0.02536986677519822,0.7
734,-146.0,100,False,24,0,0,26,,energy_depleted,0.02524301744132223,0.7
735,-102.0,100,False,13,0,0,26,,energy_depleted,0.025116802354115616,0.7
736,-100.0,100,False,10,1,0,26,,energy_depleted,0.024991218342345037,0.7
737,-90.0,100,False,10,0,0,26,,energy_depleted,0.024866262250633313,0.7
738,-78.0,100,False,7,0,0,28,,energy_depleted,0.024741930939380145,0.7
739,-104.0,100,False,11,1,0,26,,energy_depleted,0.024618221284683245,0.7
740,-82.0,100,False,8,0,0,29,,energy_depleted,0.024495130178259827,0.7
741,-126.0,100,False,19,0,0,26,,energy_depleted,0.02437265452736853,0.7
742,-88.0,100,False,7,1,0,26,,energy_depleted,0.024250791254731688,0.7
743,-102.0,100,False,13,0,0,26,,energy_depleted,0.02412953729845803,0.7
744,-82.0,100,False,8,0,0,26,,energy_depleted,0.024008889611965737,0.7
745,-114.0,100,False,16,0,0,26,,energy_depleted,0.02388884516390591,0.7
746,-98.0,100,False,12,0,0,26,,energy_depleted,0.02376940093808638,0.7
747,-62.0,100,False,3,0,0,26,,energy_depleted,0.02365055393339595,0.7
748,-106.0,100,False,14,0,0,26,,energy_depleted,0.023532301163728966,0.7
749,-62.0,100,False,3,0,0,26,,energy_depleted,0.023414639657910324,0.7
750,-102.0,100,False,8,2,0,28,,energy_depleted,0.02329756645962077,0.7
751,-78.0,100,False,2,2,0,26,,energy_depleted,0.023181078627322667,0.7
752,-116.0,100,False,9,3,0,26,,energy_depleted,0.023065173234186054,0.7
753,-142.0,100,False,13,4,0,26,,energy_depleted,0.022949847368015124,0.7
754,-134.0,100,False,16,2,0,26,,energy_depleted,0.022835098131175048,0.7
755,-106.0,100,False,9,2,0,26,,energy_depleted,0.022720922640519173,0.7
756,-76.0,100,False,4,1,0,26,,energy_depleted,0.022607318027316577,0.7
757,-102.0,100,False,13,0,0,26,,energy_depleted,0.022494281437179995,0.7
758,-62.0,100,False,3,0,0,26,,energy_depleted,0.022381810029994093,0.7
759,-70.0,100,False,5,0,0,26,,energy_depleted,0.02226990097984412,0.7
760,-62.0,100,False,3,0,0,26,,energy_depleted,0.0221585514749449,0.7
761,-82.0,100,False,8,0,0,26,,energy_depleted,0.022047758717570178,0.7
762,-126.0,100,False,9,4,0,26,,energy_depleted,0.021937519923982327,0.7
763,-114.0,100,False,16,0,0,26,,energy_depleted,0.021827832324362414,0.7
764,-66.0,100,False,4,0,0,26,,energy_depleted,0.021718693162740603,0.7
765,-68.0,100,False,2,1,0,26,,energy_depleted,0.0216100996969269,0.7
766,-70.0,100,False,5,0,0,26,,energy_depleted,0.021502049198442265,0.7
767,-100.0,100,False,10,1,0,26,,energy_depleted,0.021394538952450054,0.7
768,-82.0,100,False,8,0,0,26,,energy_depleted,0.021287566257687802,0.7
769,-58.0,100,False,2,0,0,26,,energy_depleted,0.021181128426399364,0.7
770,-86.0,100,False,9,0,0,26,,energy_depleted,0.021075222784267367,0.7
771,-94.0,100,False,11,0,0,26,,energy_depleted,0.02096984667034603,0.7
772,-86.0,100,False,9,0,0,26,,energy_depleted,0.0208649974369943,0.7
773,-66.0,100,False,4,0,0,26,,energy_depleted,0.02076067244980933,0.7
774,-70.0,100,False,5,0,0,26,,energy_depleted,0.020656869087560283,0.7
775,-70.0,100,False,5,0,0,26,,energy_depleted,0.02055358474212248,0.7
776,-138.0,100,False,22,0,0,26,,energy_depleted,0.020450816818411866,0.7
777,-130.0,100,False,15,2,0,26,,energy_depleted,0.020348562734319807,0.7
778,-80.0,100,False,5,1,0,26,,energy_depleted,0.02024681992064821,0.7
779,-88.0,100,False,7,1,0,26,,energy_depleted,0.02014558582104497,0.7
780,-98.0,100,False,7,2,0,26,,energy_depleted,0.020044857891939744,0.7
781,-54.0,100,False,1,0,0,26,,energy_depleted,0.019944633602480045,0.7
782,-70.0,100,False,5,0,0,26,,energy_depleted,0.019844910434467643,0.7
783,-104.0,100,False,11,1,0,28,,energy_depleted,0.019745685882295305,0.7
784,-98.0,100,False,12,0,0,26,,energy_depleted,0.019646957452883827,0.7
785,-66.0,100,False,4,0,0,26,,energy_depleted,0.01954872266561941,0.7
786,-120.0,100,False,15,1,0,26,,energy_depleted,0.019450979052291314,0.7
787,-142.0,100,False,18,2,0,26,,energy_depleted,0.019353724157029857,0.7
788,-54.0,100,False,1,0,0,26,,energy_depleted,0.019256955536244708,0.7
789,-66.0,100,False,4,0,0,26,,energy_depleted,0.019160670758563484,0.7
790,-54.0,100,False,1,0,0,26,,energy_depleted,0.019064867404770664,0.7
791,-94.0,100,False,11,0,0,26,,energy_depleted,0.018969543067746814,0.7
792,-54.0,100,False,1,0,0,26,,energy_depleted,0.01887469535240808,0.7
793,-78.0,100,False,7,0,0,26,,energy_depleted,0.018780321875646037,0.7
794,-82.0,100,False,8,0,0,26,,energy_depleted,0.01868642026626781,0.7
795,-96.0,100,False,4,3,0,26,,energy_depleted,0.01859298816493647,0.7
796,-78.0,100,False,7,0,0,26,,energy_depleted,0.018500023224111786,0.7
797,-66.0,100,False,4,0,0,26,,energy_depleted,0.018407523107991226,0.7
798,-82.0,100,False,8,0,0,26,,energy_depleted,0.01831548549245127,0.7
799,-62.0,100,False,3,0,0,26,,energy_depleted,0.018223908064989015,0.7
800,-74.0,100,False,6,0,0,26,,energy_depleted,0.01813278852466407,0.7
801,-78.0,100,False,7,0,0,26,,energy_depleted,0.01804212458204075,0.7
802,-98.0,100,False,12,0,0,28,,energy_depleted,0.017951913959130546,0.7
803,-70.0,100,False,5,0,0,26,,energy_depleted,0.017862154389334892,0.7
804,-74.0,100,False,6,0,0,28,,energy_depleted,0.017772843617388217,0.7
805,-82.0,100,False,8,0,0,26,,energy_depleted,0.017683979399301275,0.7
806,-152.0,100,False,8,7,0,28,,energy_depleted,0.01759555950230477,0.7
807,-100.0,100,False,10,1,0,26,,energy_depleted,0.017507581704793246,0.7
808,-62.0,100,False,3,0,0,26,,energy_depleted,0.01742004379626928,0.7
809,-54.0,100,False,1,0,0,28,,energy_depleted,0.017332943577287933,0.7
810,-74.0,100,False,6,0,0,26,,energy_depleted,0.017246278859401495,0.7
811,-74.0,100,False,6,0,0,26,,energy_depleted,0.017160047465104487,0.7
812,-82.0,100,False,8,0,0,26,,energy_depleted,0.017074247227778963,0.7
813,-122.0,100,False,18,0,0,23,,energy_depleted,0.01698887599164007,0.7
814,-72.0,100,False,3,1,0,26,,energy_depleted,0.01690393161168187,0.7
815,-66.0,100,False,4,0,0,26,,energy_depleted,0.016819411953623457,0.7
816,-112.0,100,False,13,1,0,23,,energy_depleted,0.01673531489385534,0.7
817,-66.0,100,False,4,0,0,26,,energy_depleted,0.016651638319386063,0.7
818,-74.0,100,False,6,0,0,26,,energy_depleted,0.016568380127789134,0.7
819,-120.0,100,False,15,1,0,26,,energy_depleted,0.01648553822715019,0.7
820,-80.0,100,False,5,1,0,29,,energy_depleted,0.016403110536014436,0.7
821,-92.0,100,False,3,3,0,26,,energy_depleted,0.016321094983334363,0.7
822,-78.0,100,False,7,0,0,23,,energy_depleted,0.016239489508417693,0.7
823,-62.0,100,False,3,0,0,26,,energy_depleted,0.016158292060875604,0.7
824,-74.0,100,False,6,0,0,26,,energy_depleted,0.016077500600571226,0.7
825,-62.0,100,False,3,0,0,26,,energy_depleted,0.01599711309756837,0.7
826,-82.0,100,False,8,0,0,26,,energy_depleted,0.01591712753208053,0.7
827,-98.0,100,False,12,0,0,26,,energy_depleted,0.015837541894420125,0.7
828,-58.0,100,False,2,0,0,26,,energy_depleted,0.015758354184948024,0.7
829,-70.0,100,False,5,0,0,28,,energy_depleted,0.015679562414023285,0.7
830,-74.0,100,False,1,2,0,26,,energy_depleted,0.015601164601953169,0.7
831,-70.0,100,False,5,0,0,26,,energy_depleted,0.015523158778943402,0.7
832,-76.0,100,False,4,1,0,26,,energy_depleted,0.015445542985048685,0.7
833,-90.0,100,False,10,0,0,26,,energy_depleted,0.015368315270123441,0.7
834,-74.0,100,False,6,0,0,26,,energy_depleted,0.015291473693772824,0.7
835,-80.0,100,False,5,1,0,26,,energy_depleted,0.01521501632530396,0.7
836,-78.0,100,False,7,0,0,26,,energy_depleted,0.01513894124367744,0.7
837,-80.0,100,False,5,1,0,26,,energy_depleted,0.015063246537459054,0.7
838,-64.0,100,False,1,1,0,26,,energy_depleted,0.014987930304771758,0.7
839,-110.0,100,False,15,0,0,26,,energy_depleted,0.0149129906532479,0.7
840,-82.0,100,False,8,0,0,26,,energy_depleted,0.01483842569998166,0.7
841,-114.0,100,False,11,2,0,26,,energy_depleted,0.01476423357148175,0.7
842,-58.0,100,False,2,0,0,26,,energy_depleted,0.014690412403624342,0.7
843,-138.0,100,False,22,0,0,26,,energy_depleted,0.01461696034160622,0.7
844,-70.0,100,False,5,0,0,26,,energy_depleted,0.01454387553989819,0.7
845,-172.0,100,False,28,1,0,26,,energy_depleted,0.014471156162198698,0.7
846,-70.0,100,False,5,0,0,28,,energy_depleted,0.014398800381387704,0.7
847,-54.0,100,False,1,0,0,26,,energy_depleted,0.014326806379480765,0.7
848,-86.0,100,False,9,0,0,28,,energy_depleted,0.014255172347583361,0.7
849,-162.0,100,False,23,2,0,26,,energy_depleted,0.014183896485845445,0.7
850,-138.0,100,False,17,2,0,26,,energy_depleted,0.014112977003416217,0.7
851,-106.0,100,False,14,0,0,26,,energy_depleted,0.014042412118399137,0.7
852,-90.0,100,False,5,2,0,26,,energy_depleted,0.013972200057807142,0.7
853,-106.0,100,False,4,4,0,26,,energy_depleted,0.013902339057518105,0.7
854,-98.0,100,False,12,0,0,26,,energy_depleted,0.013832827362230515,0.7
855,-62.0,100,False,3,0,0,26,,energy_depleted,0.013763663225419363,0.7
856,-88.0,100,False,7,1,0,26,,energy_depleted,0.013694844909292266,0.7
857,-90.0,100,False,10,0,0,26,,energy_depleted,0.013626370684745804,0.7
858,-76.0,100,False,4,1,0,26,,energy_depleted,0.013558238831322074,0.7
859,-98.0,100,False,12,0,0,26,,energy_depleted,0.013490447637165464,0.7
860,-126.0,100,False,19,0,0,26,,energy_depleted,0.013422995398979638,0.7
861,-98.0,100,False,12,0,0,26,,energy_depleted,0.01335588042198474,0.7
862,-92.0,100,False,8,1,0,26,,energy_depleted,0.013289101019874815,0.7
863,-94.0,100,False,11,0,0,26,,energy_depleted,0.01322265551477544,0.7
864,-62.0,100,False,3,0,0,26,,energy_depleted,0.013156542237201564,0.7
865,-70.0,100,False,5,0,0,26,,energy_depleted,0.013090759526015556,0.7
866,-54.0,100,False,1,0,0,26,,energy_depleted,0.013025305728385478,0.7
867,-110.0,100,False,15,0,0,26,,energy_depleted,0.01296017919974355,0.7
868,-116.0,100,False,9,3,0,26,,energy_depleted,0.012895378303744832,0.7
869,-106.0,100,False,14,0,0,26,,energy_depleted,0.012830901412226108,0.7
870,-120.0,100,False,10,3,0,26,,energy_depleted,0.012766746905164978,0.7
871,-78.0,100,False,7,0,0,26,,energy_depleted,0.012702913170639154,0.7
872,-58.0,100,False,2,0,0,26,,energy_depleted,0.012639398604785957,0.7
873,-62.0,100,False,3,0,0,26,,energy_depleted,0.012576201611762027,0.7
874,-136.0,100,False,9,5,0,26,,energy_depleted,0.012513320603703217,0.7
875,-70.0,100,False,5,0,0,26,,energy_depleted,0.0124507540006847,0.7
876,-84.0,100,False,6,1,0,26,,energy_depleted,0.012388500230681276,0.7
877,-110.0,100,False,15,0,0,26,,energy_depleted,0.01232655772952787,0.7
878,-98.0,100,False,12,0,0,26,,energy_depleted,0.012264924940880231,0.7
879,-106.0,100,False,14,0,0,26,,energy_depleted,0.01220360031617583,0.7
880,-92.0,100,False,3,3,0,26,,energy_depleted,0.012142582314594952,0.7
881,-88.0,100,False,7,1,0,26,,energy_depleted,0.012081869403021975,0.7
882,-86.0,100,False,9,0,0,26,,energy_depleted,0.012021460056006867,0.7
883,-154.0,100,False,26,0,0,26,,energy_depleted,0.011961352755726832,0.7
884,-58.0,100,False,2,0,0,26,,energy_depleted,0.011901545991948198,0.7
885,-74.0,100,False,6,0,0,26,,energy_depleted,0.011842038261988456,0.7
886,-106.0,100,False,14,0,0,26,,energy_depleted,0.011782828070678514,0.7
887,-104.0,100,False,11,1,0,26,,energy_depleted,0.011723913930325121,0.7
888,-62.0,100,False,3,0,0,28,,energy_depleted,0.011665294360673496,0.7
889,-108.0,100,False,12,1,0,26,,energy_depleted,0.011606967888870128,0.7
890,-82.0,100,False,8,0,0,26,,energy_depleted,0.011548933049425779,0.7
891,-136.0,100,False,14,3,0,26,,energy_depleted,0.011491188384178648,0.7
892,-50.0,100,False,0,0,0,26,,energy_depleted,0.011433732442257755,0.7
893,-58.0,100,False,2,0,0,26,,energy_depleted,0.011376563780046466,0.7
894,-66.0,100,False,4,0,0,26,,energy_depleted,0.011319680961146234,0.7
895,-94.0,100,False,11,0,0,26,,energy_depleted,0.011263082556340504,0.7
896,-98.0,100,False,12,0,0,26,,energy_depleted,0.0112067671435588,0.7
897,-130.0,100,False,20,0,0,26,,energy_depleted,0.011150733307841006,0.7
898,-78.0,100,False,7,0,0,26,,energy_depleted,0.011094979641301801,0.7
899,-94.0,100,False,11,0,0,26,,energy_depleted,0.011039504743095292,0.7
900,-50.0,100,False,0,0,0,26,,energy_depleted,0.010984307219379815,0.7
901,-92.0,100,False,8,1,0,26,,energy_depleted,0.010929385683282916,0.7
902,-102.0,100,False,13,0,0,26,,energy_depleted,0.010874738754866503,0.7
903,-62.0,100,False,3,0,0,26,,energy_depleted,0.01082036506109217,0.7
904,-98.0,100,False,12,0,0,26,,energy_depleted,0.010766263235786708,0.7
905,-54.0,100,False,1,0,0,26,,energy_depleted,0.010712431919607775,0.7
906,-66.0,100,False,4,0,0,26,,energy_depleted,0.010658869760009735,0.7
907,-96.0,100,False,4,3,0,26,,energy_depleted,0.010605575411209687,0.7
908,-134.0,100,False,21,0,0,26,,energy_depleted,0.010552547534153639,0.7
909,-62.0,100,False,3,0,0,26,,energy_depleted,0.01049978479648287,0.7
910,-94.0,100,False,11,0,0,26,,energy_depleted,0.010447285872500456,0.7
911,-174.0,100,False,16,6,0,26,,energy_depleted,0.010395049443137953,0.7
912,-78.0,100,False,7,0,0,26,,energy_depleted,0.010343074195922264,0.7
913,-82.0,100,False,3,2,0,26,,energy_depleted,0.010291358824942653,0.7
914,-66.0,100,False,4,0,0,26,,energy_depleted,0.010239902030817939,0.7
915,-146.0,100,False,14,4,0,28,,energy_depleted,0.01018870252066385,0.7
916,-72.0,100,False,3,1,0,26,,energy_depleted,0.010137759008060531,0.7
917,-80.0,100,False,5,1,0,26,,energy_depleted,0.010087070213020228,0.7
918,-128.0,100,False,12,3,0,26,,energy_depleted,0.010036634861955126,0.7
919,-70.0,100,False,5,0,0,26,,energy_depleted,0.01,0.7
920,-102.0,100,False,13,0,0,26,,energy_depleted,0.01,0.7
921,-90.0,100,False,10,0,0,26,,energy_depleted,0.01,0.7
922,-100.0,100,False,5,3,0,26,,energy_depleted,0.01,0.7
923,-86.0,100,False,9,0,0,26,,energy_depleted,0.01,0.7
924,-106.0,100,False,14,0,0,29,,energy_depleted,0.01,0.7
925,-70.0,100,False,5,0,0,26,,energy_depleted,0.01,0.7
926,-170.0,100,False,30,0,0,26,,energy_depleted,0.01,0.7
927,-90.0,100,False,10,0,0,26,,energy_depleted,0.01,0.7
928,-54.0,100,False,1,0,0,26,,energy_depleted,0.01,0.7
929,-116.0,100,False,14,1,0,26,,energy_depleted,0.01,0.7
930,-96.0,100,False,4,3,0,26,,energy_depleted,0.01,0.7
931,-66.0,100,False,4,0,0,26,,energy_depleted,0.01,0.7
932,-94.0,100,False,6,2,0,26,,energy_depleted,0.01,0.7
933,-70.0,100,False,5,0,0,26,,energy_depleted,0.01,0.7
934,-98.0,100,False,12,0,0,26,,energy_depleted,0.01,0.7
935,-116.0,100,False,14,1,0,26,,energy_depleted,0.01,0.7
936,-58.0,100,False,2,0,0,26,,energy_depleted,0.01,0.7
937,-70.0,100,False,5,0,0,26,,energy_depleted,0.01,0.7
938,-86.0,100,False,9,0,0,26,,energy_depleted,0.01,0.7
939,-62.0,100,False,3,0,0,26,,energy_depleted,0.01,0.7
940,-66.0,100,False,4,0,0,26,,energy_depleted,0.01,0.7
941,-84.0,100,False,6,1,0,26,,energy_depleted,0.01,0.7
942,-66.0,100,False,4,0,0,26,,energy_depleted,0.01,0.7
943,-74.0,100,False,6,0,0,26,,energy_depleted,0.01,0.7
944,-82.0,100,False,8,0,0,23,,energy_depleted,0.01,0.7
945,-74.0,100,False,6,0,0,26,,energy_depleted,0.01,0.7
946,-58.0,100,False,2,0,0,26,,energy_depleted,0.01,0.7
947,-70.0,100,False,5,0,0,29,,energy_depleted,0.01,0.7
948,-74.0,100,False,6,0,0,28,,energy_depleted,0.01,0.7
949,-62.0,100,False,3,0,0,26,,energy_depleted,0.01,0.7
950,-90.0,100,False,5,2,0,26,,energy_depleted,0.01,0.7
951,-84.0,100,False,6,1,0,26,,energy_depleted,0.01,0.7
952,-82.0,100,False,8,0,0,26,,energy_depleted,0.01,0.7
953,-66.0,100,False,4,0,0,26,,energy_depleted,0.01,0.7
954,-70.0,100,False,5,0,0,26,,energy_depleted,0.01,0.7
955,-174.0,100,False,11,8,0,26,,energy_depleted,0.01,0.7
956,-82.0,100,False,3,2,0,26,,energy_depleted,0.01,0.7
957,-62.0,100,False,3,0,0,26,,energy_depleted,0.01,0.7
958,-90.0,100,False,10,0,0,26,,energy_depleted,0.01,0.7
959,-62.0,100,False,3,0,0,26,,energy_depleted,0.01,0.7
960,-82.0,100,False,8,0,0,26,,energy_depleted,0.01,0.7
961,-110.0,100,False,15,0,0,26,,energy_depleted,0.01,0.7
962,-54.0,100,False,1,0,0,26,,energy_depleted,0.01,0.7
963,-62.0,100,False,3,0,0,26,,energy_depleted,0.01,0.7
964,-70.0,100,False,5,0,0,26,,energy_depleted,0.01,0.7
965,-98.0,100,False,12,0,0,26,,energy_depleted,0.01,0.7
966,-66.0,100,False,4,0,0,26,,energy_depleted,0.01,0.7
967,-74.0,100,False,6,0,0,26,,energy_depleted,0.01,0.7
968,-66.0,100,False,4,0,0,26,,energy_depleted,0.01,0.7
969,-70.0,100,False,5,0,0,26,,energy_depleted,0.01,0.7
970,-88.0,100,False,7,1,0,26,,energy_depleted,0.01,0.7
971,-70.0,100,False,5,0,0,26,,energy_depleted,0.01,0.7
972,-66.0,100,False,4,0,0,26,,energy_depleted,0.01,0.7
973,-62.0,100,False,3,0,0,26,,energy_depleted,0.01,0.7
974,-108.0,100,False,12,1,0,28,,energy_depleted,0.01,0.7
975,-70.0,100,False,5,0,0,26,,energy_depleted,0.01,0.7
976,-78.0,100,False,7,0,0,26,,energy_depleted,0.01,0.7
977,-70.0,100,False,5,0,0,26,,energy_depleted,0.01,0.7
978,-94.0,100,False,11,0,0,26,,energy_depleted,0.01,0.7
979,-70.0,100,False,5,0,0,26,,energy_depleted,0.01,0.7
980,-62.0,100,False,3,0,0,26,,energy_depleted,0.01,0.7
981,-70.0,100,False,5,0,0,26,,energy_depleted,0.01,0.7
982,-58.0,100,False,2,0,0,28,,energy_depleted,0.01,0.7
983,-58.0,100,False,2,0,0,26,,energy_depleted,0.01,0.7
984,-108.0,100,False,12,1,0,26,,energy_depleted,0.01,0.7
985,-82.0,100,False,8,0,0,26,,energy_depleted,0.01,0.7
986,-78.0,100,False,7,0,0,26,,energy_depleted,0.01,0.7
987,-78.0,100,False,7,0,0,26,,energy_depleted,0.01,0.7
988,-212.0,100,False,38,1,0,26,,energy_depleted,0.01,0.7
989,-90.0,100,False,5,2,0,26,,energy_depleted,0.01,0.7
990,-112.0,100,False,13,1,0,26,,energy_depleted,0.01,0.7
991,-62.0,100,False,3,0,0,26,,energy_depleted,0.01,0.7
992,-78.0,100,False,7,0,0,26,,energy_depleted,0.01,0.7
993,-58.0,100,False,2,0,0,26,,energy_depleted,0.01,0.7
994,-70.0,100,False,5,0,0,26,,energy_depleted,0.01,0.7
995,-96.0,100,False,9,1,0,26,,energy_depleted,0.01,0.7
996,-66.0,100,False,4,0,0,26,,energy_depleted,0.01,0.7
997,-82.0,100,False,8,0,0,26,,energy_depleted,0.01,0.7
998,-58.0,100,False,2,0,0,26,,energy_depleted,0.01,0.7
999,-66.0,100,False,4,0,0,26,,energy_depleted,0.01,0.7
1000,-82.0,100,False,8,0,0,26,,energy_depleted,0.01,0.7
1001,-86.0,100,False,9,0,0,26,,energy_depleted,0.01,0.7
1002,-74.0,100,False,6,0,0,26,,energy_depleted,0.01,0.7
1003,-78.0,100,False,7,0,0,26,,energy_depleted,0.01,0.7
1004,-154.0,100,False,11,6,0,26,,energy_depleted,0.01,0.7
1005,-92.0,100,False,8,1,0,26,,energy_depleted,0.01,0.7
1006,-74.0,100,False,6,0,0,26,,energy_depleted,0.01,0.7
1007,-102.0,100,False,13,0,0,26,,energy_depleted,0.01,0.7
1008,-68.0,100,False,2,1,0,26,,energy_depleted,0.01,0.7
1009,-130.0,100,False,20,0,0,26,,energy_depleted,0.01,0.7
1010,-66.0,100,False,4,0,0,26,,energy_depleted,0.01,0.7
1011,-62.0,100,False,3,0,0,26,,energy_depleted,0.01,0.7
1012,-78.0,100,False,7,0,0,26,,energy_depleted,0.01,0.7
1013,-50.0,100,False,0,0,0,26,,energy_depleted,0.01,0.7
1014,-62.0,100,False,3,0,0,26,,energy_depleted,0.01,0.7
1015,-74.0,100,False,6,0,0,28,,energy_depleted,0.01,0.7
1016,-58.0,100,False,2,0,0,26,,energy_depleted,0.01,0.7
1017,-50.0,100,False,0,0,0,26,,energy_depleted,0.01,0.7
1018,-80.0,100,False,5,1,0,26,,energy_depleted,0.01,0.7
1019,-58.0,100,False,2,0,0,26,,energy_depleted,0.01,0.7
1020,-58.0,100,False,2,0,0,26,,energy_depleted,0.01,0.7
1021,-74.0,100,False,6,0,0,28,,energy_depleted,0.01,0.7
1022,-66.0,100,False,4,0,0,26,,energy_depleted,0.01,0.7
1023,-70.0,100,False,5,0,0,26,,energy_depleted,0.01,0.7
1024,-58.0,100,False,2,0,0,26,,energy_depleted,0.01,0.7
1025,-74.0,100,False,6,0,0,26,,energy_depleted,0.01,0.7
1026,-122.0,100,False,18,0,0,26,,energy_depleted,0.01,0.7
1027,-182.0,100,False,33,0,0,26,,energy_depleted,0.01,0.7
1028,-80.0,100,False,5,1,0,26,,energy_depleted,0.01,0.7
1029,-86.0,100,False,9,0,0,26,,energy_depleted,0.01,0.7
1030,-190.0,100,False,30,2,0,26,,energy_depleted,0.01,0.7
1031,-82.0,100,False,8,0,0,26,,energy_depleted,0.01,0.7
1032,-96.0,100,False,9,1,0,26,,energy_depleted,0.01,0.7
1033,-82.0,100,False,8,0,0,26,,energy_depleted,0.01,0.7
1034,-80.0,100,False,5,1,0,26,,energy_depleted,0.01,0.7
1035,-98.0,100,False,12,0,0,26,,energy_depleted,0.01,0.7
1036,-54.0,100,False,1,0,0,26,,energy_depleted,0.01,0.7
1037,-86.0,100,False,9,0,0,26,,energy_depleted,0.01,0.7
1038,-102.0,100,False,13,0,0,26,,energy_depleted,0.01,0.7
1039,-78.0,100,False,7,0,0,26,,energy_depleted,0.01,0.7
1040,-80.0,100,False,5,1,0,26,,energy_depleted,0.01,0.7
1041,-86.0,100,False,9,0,0,26,,energy_depleted,0.01,0.7
1042,-110.0,100,False,15,0,0,26,,energy_depleted,0.01,0.7
1043,-54.0,100,False,1,0,0,26,,energy_depleted,0.01,0.7
1044,-66.0,100,False,4,0,0,26,,energy_depleted,0.01,0.7
1045,-124.0,100,False,11,3,0,26,,energy_depleted,0.01,0.7
1046,-84.0,100,False,6,1,0,26,,energy_depleted,0.01,0.7
1047,-150.0,100,False,15,4,0,28,,energy_depleted,0.01,0.7
1048,-164.0,100,False,26,1,0,26,,energy_depleted,0.01,0.7
1049,-102.0,100,False,13,0,0,26,,energy_depleted,0.01,0.7
1050,-100.0,100,False,10,1,0,26,,energy_depleted,0.01,0.7
1051,-114.0,100,False,11,2,0,26,,energy_depleted,0.01,0.7
1052,-108.0,100,False,12,1,0,26,,energy_depleted,0.01,0.7
1053,-94.0,100,False,11,0,0,26,,energy_depleted,0.01,0.7
1054,-58.0,100,False,2,0,0,26,,energy_depleted,0.01,0.7
1055,-64.0,100,False,1,1,0,26,,energy_depleted,0.01,0.7
1056,-90.0,100,False,10,0,0,26,,energy_depleted,0.01,0.7
1057,-60.0,100,False,0,1,0,26,,energy_depleted,0.01,0.7
1058,-66.0,100,False,4,0,0,26,,energy_depleted,0.01,0.7
1059,-134.0,100,False,21,0,0,26,,energy_depleted,0.01,0.7
1060,-98.0,100,False,7,2,0,26,,energy_depleted,0.01,0.7
1061,-66.0,100,False,4,0,0,26,,energy_depleted,0.01,0.7
1062,-70.0,100,False,5,0,0,26,,energy_depleted,0.01,0.7
1063,-82.0,100,False,8,0,0,26,,energy_depleted,0.01,0.7
1064,-82.0,100,False,8,0,0,28,,energy_depleted,0.01,0.7
1065,-132.0,100,False,18,1,0,23,,energy_depleted,0.01,0.7
1066,-66.0,100,False,4,0,0,26,,energy_depleted,0.01,0.7
1067,-62.0,100,False,3,0,0,26,,energy_depleted,0.01,0.7
1068,-96.0,100,False,9,1,0,26,,energy_depleted,0.01,0.7
1069,-58.0,100,False,2,0,0,26,,energy_depleted,0.01,0.7
1070,-106.0,100,False,14,0,0,26,,energy_depleted,0.01,0.7
1071,-94.0,100,False,11,0,0,26,,energy_depleted,0.01,0.7
1072,-66.0,100,False,4,0,0,26,,energy_depleted,0.01,0.7
1073,-64.0,100,False,1,1,0,26,,energy_depleted,0.01,0.7
1074,-78.0,100,False,7,0,0,26,,energy_depleted,0.01,0.7
1075,-78.0,100,False,2,2,0,26,,energy_depleted,0.01,0.7
1076,-58.0,100,False,2,0,0,26,,energy_depleted,0.01,0.7
1077,-54.0,100,False,1,0,0,26,,energy_depleted,0.01,0.7
1078,-92.0,100,False,8,1,0,28,,energy_depleted,0.01,0.7
1079,-78.0,100,False,7,0,0,26,,energy_depleted,0.01,0.7
1080,-90.0,100,False,5,2,0,26,,energy_depleted,0.01,0.7
1081,-86.0,100,False,4,2,0,26,,energy_depleted,0.01,0.7
1082,-70.0,100,False,5,0,0,26,,energy_depleted,0.01,0.7
1083,-78.0,100,False,7,0,0,26,,energy_depleted,0.01,0.7
1084,-126.0,100,False,14,2,0,26,,energy_depleted,0.01,0.7
1085,-78.0,100,False,7,0,0,26,,energy_depleted,0.01,0.7
1086,-82.0,100,False,8,0,0,26,,energy_depleted,0.01,0.7
1087,-82.0,100,False,8,0,0,26,,energy_depleted,0.01,0.7
1088,-66.0,100,False,4,0,0,26,,energy_depleted,0.01,0.7
1089,-74.0,100,False,6,0,0,26,,energy_depleted,0.01,0.7
1090,-86.0,100,False,9,0,0,26,,energy_depleted,0.01,0.7
1091,-82.0,100,False,8,0,0,26,,energy_depleted,0.01,0.7
1092,-122.0,100,False,13,2,0,26,,energy_depleted,0.01,0.7
1093,-94.0,100,False,11,0,0,40,,energy_depleted,0.01,0.7
1094,-70.0,100,False,5,0,0,26,,energy_depleted,0.01,0.7
1095,-90.0,100,False,10,0,0,26,,energy_depleted,0.01,0.7
1096,-80.0,100,False,5,1,0,26,,energy_depleted,0.01,0.7
1097,-58.0,100,False,2,0,0,26,,energy_depleted,0.01,0.7
1098,-62.0,100,False,3,0,0,26,,energy_depleted,0.01,0.7
1099,-58.0,100,False,2,0,0,26,,energy_depleted,0.01,0.7
1100,-62.0,100,False,3,0,0,26,,energy_depleted,0.01,0.7
1101,-58.0,100,False,2,0,0,26,,energy_depleted,0.01,0.7
1102,-90.0,100,False,10,0,0,26,,energy_depleted,0.01,0.7
1103,-78.0,100,False,7,0,0,26,,energy_depleted,0.01,0.7
1104,-70.0,100,False,5,0,0,26,,energy_depleted,0.01,0.7
1105,-118.0,100,False,12,2,0,26,,energy_depleted,0.01,0.7
1106,-54.0,100,False,1,0,0,26,,energy_depleted,0.01,0.7
1107,-90.0,100,False,10,0,0,26,,energy_depleted,0.01,0.7
1108,-70.0,100,False,5,0,0,26,,energy_depleted,0.01,0.7
1109,-70.0,100,False,5,0,0,26,,energy_depleted,0.01,0.7
1110,-106.0,100,False,14,0,0,26,,energy_depleted,0.01,0.7
1111,-86.0,100,False,9,0,0,26,,energy_depleted,0.01,0.7
1112,-74.0,100,False,6,0,0,26,,energy_depleted,0.01,0.7
1113,-78.0,100,False,7,0,0,26,,energy_depleted,0.01,0.7
1114,-102.0,100,False,13,0,0,28,,energy_depleted,0.01,0.7
1115,-66.0,100,False,4,0,0,26,,energy_depleted,0.01,0.7
1116,-58.0,100,False,2,0,0,26,,energy_depleted,0.01,0.7
1117,-70.0,100,False,5,0,0,26,,energy_depleted,0.01,0.7
1118,-70.0,100,False,5,0,0,26,,energy_depleted,0.01,0.7
1119,-90.0,100,False,10,0,0,26,,energy_depleted,0.01,0.7
1120,-70.0,100,False,5,0,0,26,,energy_depleted,0.01,0.7
1121,-62.0,100,False,3,0,0,26,,energy_depleted,0.01,0.7
1122,-108.0,100,False,7,3,0,26,,energy_depleted,0.01,0.7
1123,-66.0,100,False,4,0,0,26,,energy_depleted,0.01,0.7
1124,-82.0,100,False,8,0,0,26,,energy_depleted,0.01,0.7
1125,-70.0,100,False,5,0,0,26,,energy_depleted,0.01,0.7
1126,-66.0,100,False,4,0,0,26,,energy_depleted,0.01,0.7
1127,-76.0,100,False,4,1,0,26,,energy_depleted,0.01,0.7
1128,-70.0,100,False,5,0,0,26,,energy_depleted,0.01,0.7
1129,-74.0,100,False,6,0,0,26,,energy_depleted,0.01,0.7
1130,-72.0,100,False,3,1,0,26,,energy_depleted,0.01,0.7
1131,-62.0,100,False,3,0,0,26,,energy_depleted,0.01,0.7
1132,-72.0,100,False,3,1,0,26,,energy_depleted,0.01,0.7
1133,-102.0,100,False,13,0,0,26,,energy_depleted,0.01,0.7
1134,-88.0,100,False,7,1,0,26,,energy_depleted,0.01,0.7
1135,-106.0,100,False,9,2,0,26,,energy_depleted,0.01,0.7
1136,-66.0,100,False,4,0,0,26,,energy_depleted,0.01,0.7
1137,-76.0,100,False,4,1,0,26,,energy_depleted,0.01,0.7
1138,-112.0,100,False,13,1,0,26,,energy_depleted,0.01,0.7
1139,-110.0,100,False,10,2,0,26,,energy_depleted,0.01,0.7
1140,-62.0,100,False,3,0,0,26,,energy_depleted,0.01,0.7
1141,-78.0,100,False,7,0,0,26,,energy_depleted,0.01,0.7
1142,-62.0,100,False,3,0,0,26,,energy_depleted,0.01,0.7
1143,-66.0,100,False,4,0,0,26,,energy_depleted,0.01,0.7
1144,-70.0,100,False,5,0,0,26,,energy_depleted,0.01,0.7
1145,-78.0,100,False,7,0,0,26,,energy_depleted,0.01,0.7
1146,-74.0,100,False,6,0,0,26,,energy_depleted,0.01,0.7
1147,-98.0,100,False,12,0,0,29,,energy_depleted,0.01,0.7
1148,-84.0,100,False,6,1,0,26,,energy_depleted,0.01,0.7
1149,-106.0,100,False,9,2,0,26,,energy_depleted,0.01,0.7
1150,-66.0,100,False,4,0,0,26,,energy_depleted,0.01,0.7
1151,-88.0,100,False,7,1,0,26,,energy_depleted,0.01,0.7
1152,-78.0,100,False,7,0,0,26,,energy_depleted,0.01,0.7
1153,-66.0,100,False,4,0,0,26,,energy_depleted,0.01,0.7
1154,-66.0,100,False,4,0,0,26,,energy_depleted,0.01,0.7
1155,-84.0,100,False,6,1,0,26,,energy_depleted,0.01,0.7
1156,-74.0,100,False,6,0,0,26,,energy_depleted,0.01,0.7
1157,-66.0,100,False,4,0,0,26,,energy_depleted,0.01,0.7
1158,-78.0,100,False,7,0,0,26,,energy_depleted,0.01,0.7
1159,-58.0,100,False,2,0,0,26,,energy_depleted,0.01,0.7
1160,-70.0,100,False,5,0,0,26,,energy_depleted,0.01,0.7
1161,-108.0,100,False,7,3,0,26,,energy_depleted,0.01,0.7
1162,-58.0,100,False,2,0,0,26,,energy_depleted,0.01,0.7
1163,-54.0,100,False,1,0,0,26,,energy_depleted,0.01,0.7
1164,-104.0,100,False,11,1,0,26,,energy_depleted,0.01,0.7
1165,-94.0,100,False,6,2,0,26,,energy_depleted,0.01,0.7
1166,-66.0,100,False,4,0,0,26,,energy_depleted,0.01,0.7
1167,-74.0,100,False,6,0,0,26,,energy_depleted,0.01,0.7
1168,-62.0,100,False,3,0,0,26,,energy_depleted,0.01,0.7
1169,-98.0,100,False,12,0,0,26,,energy_depleted,0.01,0.7
1170,-58.0,100,False,2,0,0,26,,energy_depleted,0.01,0.7
1171,-62.0,100,False,3,0,0,26,,energy_depleted,0.01,0.7
1172,-196.0,100,False,29,3,0,26,,energy_depleted,0.01,0.7
1173,-58.0,100,False,2,0,0,26,,energy_depleted,0.01,0.7
1174,-82.0,100,False,8,0,0,26,,energy_depleted,0.01,0.7
1175,-62.0,100,False,3,0,0,26,,energy_depleted,0.01,0.7
1176,-80.0,100,False,5,1,0,26,,energy_depleted,0.01,0.7
1177,-80.0,100,False,5,1,0,26,,energy_depleted,0.01,0.7
1178,-102.0,100,False,13,0,0,26,,energy_depleted,0.01,0.7
1179,-86.0,100,False,9,0,0,26,,energy_depleted,0.01,0.7
1180,-58.0,100,False,2,0,0,26,,energy_depleted,0.01,0.7
1181,-106.0,100,False,14,0,0,26,,energy_depleted,0.01,0.7
1182,-74.0,100,False,6,0,0,26,,energy_depleted,0.01,0.7
1183,-70.0,100,False,5,0,0,26,,energy_depleted,0.01,0.7
1184,-70.0,100,False,5,0,0,26,,energy_depleted,0.01,0.7
1185,-100.0,100,False,5,3,0,26,,energy_depleted,0.01,0.7
1186,-66.0,100,False,4,0,0,26,,energy_depleted,0.01,0.7
1187,-70.0,100,False,5,0,0,26,,energy_depleted,0.01,0.7
1188,-66.0,100,False,4,0,0,26,,energy_depleted,0.01,0.7
1189,-62.0,100,False,3,0,0,26,,energy_depleted,0.01,0.7
1190,-124.0,100,False,11,3,0,26,,energy_depleted,0.01,0.7
1191,-70.0,100,False,5,0,0,26,,energy_depleted,0.01,0.7
1192,-82.0,100,False,8,0,0,26,,energy_depleted,0.01,0.7
1193,-74.0,100,False,6,0,0,26,,energy_depleted,0.01,0.7
1194,-82.0,100,False,8,0,0,28,,energy_depleted,0.01,0.7
1195,-62.0,100,False,3,0,0,26,,energy_depleted,0.01,0.7
1196,-82.0,100,False,8,0,0,26,,energy_depleted,0.01,0.7
1197,-58.0,100,False,2,0,0,26,,energy_depleted,0.01,0.7
1198,-86.0,100,False,9,0,0,28,,energy_depleted,0.01,0.7
1199,-70.0,100,False,5,0,0,26,,energy_depleted,0.01,0.7
1200,-66.0,100,False,4,0,0,26,,energy_depleted,0.01,0.7
1201,-78.0,100,False,7,0,0,26,,energy_depleted,0.01,0.7
1202,-62.0,100,False,3,0,0,26,,energy_depleted,0.01,0.7
1203,-70.0,100,False,5,0,0,26,,energy_depleted,0.01,0.7
1204,-58.0,100,False,2,0,0,26,,energy_depleted,0.01,0.7
1205,-116.0,100,False,14,1,0,26,,energy_depleted,0.01,0.7
1206,-84.0,100,False,6,1,0,26,,energy_depleted,0.01,0.7
1207,-62.0,100,False,3,0,0,26,,energy_depleted,0.01,0.7
1208,-66.0,100,False,4,0,0,26,,energy_depleted,0.01,0.7
1209,-82.0,100,False,8,0,0,26,,energy_depleted,0.01,0.7
1210,-88.0,100,False,7,1,0,26,,energy_depleted,0.01,0.7
1211,-62.0,100,False,3,0,0,26,,energy_depleted,0.01,0.7
1212,-70.0,100,False,5,0,0,26,,energy_depleted,0.01,0.7
1213,-86.0,100,False,9,0,0,26,,energy_depleted,0.01,0.7
1214,-82.0,100,False,8,0,0,26,,energy_depleted,0.01,0.7
1215,-50.0,100,False,0,0,0,26,,energy_depleted,0.01,0.7
1216,-112.0,100,False,13,1,0,26,,energy_depleted,0.01,0.7
1217,-82.0,100,False,8,0,0,26,,energy_depleted,0.01,0.7
1218,-74.0,100,False,6,0,0,26,,energy_depleted,0.01,0.7
1219,-104.0,100,False,11,1,0,26,,energy_depleted,0.01,0.7
1220,-80.0,100,False,5,1,0,26,,energy_depleted,0.01,0.7
1221,-66.0,100,False,4,0,0,26,,energy_depleted,0.01,0.7
1222,-82.0,100,False,8,0,0,26,,energy_depleted,0.01,0.7
1223,-106.0,100,False,14,0,0,26,,energy_depleted,0.01,0.7
1224,-66.0,100,False,4,0,0,26,,energy_depleted,0.01,0.7
1225,-94.0,100,False,6,2,0,26,,energy_depleted,0.01,0.7
1226,-66.0,100,False,4,0,0,26,,energy_depleted,0.01,0.7
1227,-74.0,100,False,6,0,0,26,,energy_depleted,0.01,0.7
1228,-78.0,100,False,7,0,0,26,,energy_depleted,0.01,0.7
1229,-70.0,100,False,5,0,0,26,,energy_depleted,0.01,0.7
1230,-84.0,100,False,6,1,0,26,,energy_depleted,0.01,0.7
1231,-114.0,100,False,16,0,0,26,,energy_depleted,0.01,0.7
1232,-58.0,100,False,2,0,0,26,,energy_depleted,0.01,0.7
1233,-66.0,100,False,4,0,0,26,,energy_depleted,0.01,0.7
1234,-58.0,100,False,2,0,0,26,,energy_depleted,0.01,0.7
1235,-114.0,100,False,16,0,0,26,,energy_depleted,0.01,0.7
1236,-94.0,100,False,11,0,0,26,,energy_depleted,0.01,0.7
1237,-80.0,100,False,5,1,0,26,,energy_depleted,0.01,0.7
1238,-100.0,100,False,10,1,0,26,,energy_depleted,0.01,0.7
1239,-50.0,100,False,0,0,0,26,,energy_depleted,0.01,0.7
1240,-58.0,100,False,2,0,0,26,,energy_depleted,0.01,0.7
1241,-70.0,100,False,5,0,0,26,,energy_depleted,0.01,0.7
1242,-58.0,100,False,2,0,0,26,,energy_depleted,0.01,0.7
1243,-134.0,100,False,21,0,0,28,,energy_depleted,0.01,0.7
1244,-62.0,100,False,3,0,0,26,,energy_depleted,0.01,0.7
1245,-108.0,100,False,12,1,0,28,,energy_depleted,0.01,0.7
1246,-114.0,100,False,11,2,0,26,,energy_depleted,0.01,0.7
1247,-66.0,100,False,4,0,0,26,,energy_depleted,0.01,0.7
1248,-78.0,100,False,7,0,0,26,,energy_depleted,0.01,0.7
1249,-82.0,100,False,8,0,0,26,,energy_depleted,0.01,0.7
1250,-82.0,100,False,8,0,0,26,,energy_depleted,0.01,0.7
1251,-84.0,100,False,6,1,0,26,,energy_depleted,0.01,0.7
1252,-54.0,100,False,1,0,0,26,,energy_depleted,0.01,0.7
1253,-88.0,100,False,7,1,0,26,,energy_depleted,0.01,0.7
1254,-130.0,100,False,20,0,0,26,,energy_depleted,0.01,0.7
1255,-94.0,100,False,1,4,0,26,,energy_depleted,0.01,0.7
1256,-142.0,100,False,23,0,0,26,,energy_depleted,0.01,0.7
1257,-130.0,100,False,20,0,0,26,,energy_depleted,0.01,0.7
1258,-62.0,100,False,3,0,0,26,,energy_depleted,0.01,0.7
1259,-66.0,100,False,4,0,0,26,,energy_depleted,0.01,0.7
1260,-62.0,100,False,3,0,0,26,,energy_depleted,0.01,0.7
1261,-80.0,100,False,5,1,0,26,,energy_depleted,0.01,0.7
1262,-106.0,100,False,14,0,0,26,,energy_depleted,0.01,0.7
1263,-66.0,100,False,4,0,0,26,,energy_depleted,0.01,0.7
1264,-74.0,100,False,6,0,0,26,,energy_depleted,0.01,0.7
1265,-82.0,100,False,8,0,0,28,,energy_depleted,0.01,0.7
1266,-66.0,100,False,4,0,0,28,,energy_depleted,0.01,0.7
1267,-88.0,100,False,7,1,0,26,,energy_depleted,0.01,0.7
1268,-114.0,100,False,16,0,0,23,,energy_depleted,0.01,0.7
1269,-98.0,100,False,12,0,0,26,,energy_depleted,0.01,0.7
1270,-70.0,100,False,5,0,0,26,,energy_depleted,0.01,0.7
1271,-54.0,100,False,1,0,0,26,,energy_depleted,0.01,0.7
1272,-104.0,100,False,6,3,0,28,,energy_depleted,0.01,0.7
1273,-66.0,100,False,4,0,0,26,,energy_depleted,0.01,0.7
1274,-102.0,100,False,13,0,0,26,,energy_depleted,0.01,0.7
1275,-94.0,100,False,11,0,0,28,,energy_depleted,0.01,0.7
1276,-106.0,100,False,9,2,0,26,,energy_depleted,0.01,0.7
1277,-66.0,100,False,4,0,0,26,,energy_depleted,0.01,0.7
1278,-124.0,100,False,16,1,0,26,,energy_depleted,0.01,0.7
1279,-70.0,100,False,5,0,0,26,,energy_depleted,0.01,0.7
1280,-86.0,100,False,9,0,0,26,,energy_depleted,0.01,0.7
1281,-70.0,100,False,5,0,0,26,,energy_depleted,0.01,0.7
1282,-78.0,100,False,7,0,0,26,,energy_depleted,0.01,0.7
1283,-96.0,100,False,9,1,0,26,,energy_depleted,0.01,0.7
1284,-78.0,100,False,7,0,0,26,,energy_depleted,0.01,0.7
1285,-88.0,100,False,7,1,0,26,,energy_depleted,0.01,0.7
1286,-108.0,100,False,12,1,0,26,,energy_depleted,0.01,0.7
1287,-90.0,100,False,5,2,0,26,,energy_depleted,0.01,0.7
1288,-82.0,100,False,8,0,0,26,,energy_depleted,0.01,0.7
1289,-98.0,100,False,12,0,0,26,,energy_depleted,0.01,0.7
1290,-78.0,100,False,7,0,0,26,,energy_depleted,0.01,0.7
1291,-66.0,100,False,4,0,0,28,,energy_depleted,0.01,0.7
1292,-126.0,100,False,19,0,0,26,,energy_depleted,0.01,0.7
1293,-78.0,100,False,7,0,0,26,,energy_depleted,0.01,0.7
1294,-98.0,100,False,12,0,0,26,,energy_depleted,0.01,0.7
1295,-96.0,100,False,9,1,0,26,,energy_depleted,0.01,0.7
1296,-88.0,100,False,7,1,0,26,,energy_depleted,0.01,0.7
1297,-98.0,100,False,12,0,0,26,,energy_depleted,0.01,0.7
1298,-98.0,100,False,7,2,0,26,,energy_depleted,0.01,0.7
1299,-58.0,100,False,2,0,0,26,,energy_depleted,0.01,0.7
1300,-70.0,100,False,5,0,0,26,,energy_depleted,0.01,0.7
1301,-74.0,100,False,6,0,0,26,,energy_depleted,0.01,0.7
1302,-78.0,100,False,7,0,0,26,,energy_depleted,0.01,0.7
1303,-82.0,100,False,8,0,0,26,,energy_depleted,0.01,0.7
1304,-108.0,100,False,12,1,0,26,,energy_depleted,0.01,0.7
1305,-82.0,100,False,8,0,0,26,,energy_depleted,0.01,0.7
1306,-74.0,100,False,6,0,0,26,,energy_depleted,0.01,0.7
1307,-88.0,100,False,7,1,0,26,,energy_depleted,0.01,0.7
1308,-74.0,100,False,6,0,0,26,,energy_depleted,0.01,0.7
1309,-96.0,100,False,9,1,0,26,,energy_depleted,0.01,0.7
1310,-90.0,100,False,10,0,0,26,,energy_depleted,0.01,0.7
1311,-80.0,100,False,5,1,0,28,,energy_depleted,0.01,0.7
1312,-70.0,100,False,5,0,0,26,,energy_depleted,0.01,0.7
1313,-68.0,100,False,2,1,0,26,,energy_depleted,0.01,0.7
1314,-70.0,100,False,5,0,0,26,,energy_depleted,0.01,0.7
1315,-84.0,100,False,6,1,0,26,,energy_depleted,0.01,0.7
1316,-70.0,100,False,5,0,0,26,,energy_depleted,0.01,0.7
1317,-66.0,100,False,4,0,0,26,,energy_depleted,0.01,0.7
1318,-82.0,100,False,8,0,0,26,,energy_depleted,0.01,0.7
1319,-126.0,100,False,14,2,0,28,,energy_depleted,0.01,0.7
1320,-132.0,100,False,18,1,0,26,,energy_depleted,0.01,0.7
1321,-74.0,100,False,6,0,0,26,,energy_depleted,0.01,0.7
1322,-78.0,100,False,7,0,0,26,,energy_depleted,0.01,0.7
1323,-96.0,100,False,9,1,0,26,,energy_depleted,0.01,0.7
1324,-68.0,100,False,2,1,0,26,,energy_depleted,0.01,0.7
1325,-68.0,100,False,2,1,0,26,,energy_depleted,0.01,0.7
1326,-62.0,100,False,3,0,0,26,,energy_depleted,0.01,0.7
1327,-62.0,100,False,3,0,0,26,,energy_depleted,0.01,0.7
1328,-76.0,100,False,4,1,0,26,,energy_depleted,0.01,0.7
1329,-68.0,100,False,2,1,0,26,,energy_depleted,0.01,0.7
1330,-86.0,100,False,9,0,0,26,,energy_depleted,0.01,0.7
1331,-92.0,100,False,8,1,0,26,,energy_depleted,0.01,0.7
1332,-82.0,100,False,8,0,0,26,,energy_depleted,0.01,0.7
1333,-96.0,100,False,9,1,0,26,,energy_depleted,0.01,0.7
1334,-82.0,100,False,8,0,0,28,,energy_depleted,0.01,0.7
1335,-94.0,100,False,6,2,0,26,,energy_depleted,0.01,0.7
1336,-70.0,100,False,5,0,0,26,,energy_depleted,0.01,0.7
1337,-82.0,100,False,8,0,0,26,,energy_depleted,0.01,0.7
1338,-66.0,100,False,4,0,0,23,,energy_depleted,0.01,0.7
1339,-70.0,100,False,5,0,0,26,,energy_depleted,0.01,0.7
1340,-78.0,100,False,7,0,0,26,,energy_depleted,0.01,0.7
1341,-62.0,100,False,3,0,0,26,,energy_depleted,0.01,0.7
1342,-62.0,100,False,3,0,0,26,,energy_depleted,0.01,0.7
1343,-78.0,100,False,7,0,0,26,,energy_depleted,0.01,0.7
1344,-118.0,100,False,7,4,0,26,,energy_depleted,0.01,0.7
1345,-106.0,100,False,14,0,0,26,,energy_depleted,0.01,0.7
1346,-78.0,100,False,7,0,0,28,,energy_depleted,0.01,0.7
1347,-74.0,100,False,6,0,0,26,,energy_depleted,0.01,0.7
1348,-94.0,100,False,11,0,0,26,,energy_depleted,0.01,0.7
1349,-70.0,100,False,5,0,0,26,,energy_depleted,0.01,0.7
1350,-86.0,100,False,9,0,0,26,,energy_depleted,0.01,0.7
1351,-110.0,100,False,10,2,0,26,,energy_depleted,0.01,0.7
1352,-70.0,100,False,5,0,0,26,,energy_depleted,0.01,0.7
1353,-90.0,100,False,10,0,0,26,,energy_depleted,0.01,0.7
1354,-94.0,100,False,6,2,0,26,,energy_depleted,0.01,0.7
1355,-94.0,100,False,11,0,0,26,,energy_depleted,0.01,0.7
1356,-82.0,100,False,8,0,0,26,,energy_depleted,0.01,0.7
1357,-58.0,100,False,2,0,0,26,,energy_depleted,0.01,0.7
1358,-66.0,100,False,4,0,0,26,,energy_depleted,0.01,0.7
1359,-98.0,100,False,12,0,0,26,,energy_depleted,0.01,0.7
1360,-90.0,100,False,5,2,0,26,,energy_depleted,0.01,0.7
1361,-86.0,100,False,4,2,0,26,,energy_depleted,0.01,0.7
1362,-122.0,100,False,8,4,0,26,,energy_depleted,0.01,0.7
1363,-78.0,100,False,7,0,0,26,,energy_depleted,0.01,0.7
1364,-74.0,100,False,6,0,0,26,,energy_depleted,0.01,0.7
1365,-58.0,100,False,2,0,0,26,,energy_depleted,0.01,0.7
1366,-50.0,100,False,0,0,0,26,,energy_depleted,0.01,0.7
1367,-58.0,100,False,2,0,0,26,,energy_depleted,0.01,0.7
1368,-78.0,100,False,7,0,0,26,,energy_depleted,0.01,0.7
1369,-80.0,100,False,5,1,0,26,,energy_depleted,0.01,0.7
1370,-66.0,100,False,4,0,0,26,,energy_depleted,0.01,0.7
1371,-62.0,100,False,3,0,0,26,,energy_depleted,0.01,0.7
1372,-74.0,100,False,6,0,0,26,,energy_depleted,0.01,0.7
1373,-74.0,100,False,6,0,0,26,,energy_depleted,0.01,0.7
1374,-100.0,100,False,5,3,0,26,,energy_depleted,0.01,0.7
1375,-118.0,100,False,12,2,0,26,,energy_depleted,0.01,0.7
1376,-74.0,100,False,6,0,0,26,,energy_depleted,0.01,0.7
1377,-66.0,100,False,4,0,0,26,,energy_depleted,0.01,0.7
1378,-66.0,100,False,4,0,0,26,,energy_depleted,0.01,0.7
1379,-58.0,100,False,2,0,0,26,,energy_depleted,0.01,0.7
1380,-66.0,100,False,4,0,0,28,,energy_depleted,0.01,0.7
1381,-78.0,100,False,7,0,0,26,,energy_depleted,0.01,0.7
1382,-62.0,100,False,3,0,0,26,,energy_depleted,0.01,0.7
1383,-62.0,100,False,3,0,0,26,,energy_depleted,0.01,0.7
1384,-102.0,100,False,13,0,0,26,,energy_depleted,0.01,0.7
1385,-58.0,100,False,2,0,0,26,,energy_depleted,0.01,0.7
1386,-114.0,100,False,16,0,0,26,,energy_depleted,0.01,0.7
1387,-54.0,100,False,1,0,0,26,,energy_depleted,0.01,0.7
1388,-62.0,100,False,3,0,0,26,,energy_depleted,0.01,0.7
1389,-74.0,100,False,6,0,0,26,,energy_depleted,0.01,0.7
1390,-88.0,100,False,7,1,0,26,,energy_depleted,0.01,0.7
1391,-64.0,100,False,1,1,0,26,,energy_depleted,0.01,0.7
1392,-66.0,100,False,4,0,0,26,,energy_depleted,0.01,0.7
1393,-62.0,100,False,3,0,0,26,,energy_depleted,0.01,0.7
1394,-62.0,100,False,3,0,0,26,,energy_depleted,0.01,0.7
1395,-70.0,100,False,5,0,0,28,,energy_depleted,0.01,0.7
1396,-118.0,100,False,12,2,0,26,,energy_depleted,0.01,0.7
1397,-70.0,100,False,5,0,0,26,,energy_depleted,0.01,0.7
1398,-124.0,100,False,16,1,0,26,,energy_depleted,0.01,0.7
1399,-102.0,100,False,13,0,0,26,,energy_depleted,0.01,0.7
1400,-76.0,100,False,4,1,0,26,,energy_depleted,0.01,0.7
1401,-66.0,100,False,4,0,0,26,,energy_depleted,0.01,0.7
1402,-70.0,100,False,5,0,0,26,,energy_depleted,0.01,0.7
1403,-92.0,100,False,8,1,0,26,,energy_depleted,0.01,0.7
1404,-74.0,100,False,6,0,0,26,,energy_depleted,0.01,0.7
1405,-58.0,100,False,2,0,0,26,,energy_depleted,0.01,0.7
1406,-74.0,100,False,6,0,0,26,,energy_depleted,0.01,0.7
1407,-72.0,100,False,3,1,0,26,,energy_depleted,0.01,0.7
1408,-116.0,100,False,14,1,0,26,,energy_depleted,0.01,0.7
1409,-78.0,100,False,7,0,0,26,,energy_depleted,0.01,0.7
1410,-90.0,100,False,10,0,0,26,,energy_depleted,0.01,0.7
1411,-78.0,100,False,7,0,0,26,,energy_depleted,0.01,0.7
1412,-86.0,100,False,9,0,0,26,,energy_depleted,0.01,0.7
1413,-86.0,100,False,9,0,0,26,,energy_depleted,0.01,0.7
1414,-74.0,100,False,6,0,0,26,,energy_depleted,0.01,0.7
1415,-78.0,100,False,7,0,0,26,,energy_depleted,0.01,0.7
1416,-74.0,100,False,6,0,0,26,,energy_depleted,0.01,0.7
1417,-62.0,100,False,3,0,0,26,,energy_depleted,0.01,0.7
1418,-62.0,100,False,3,0,0,26,,energy_depleted,0.01,0.7
1419,-124.0,100,False,16,1,0,26,,energy_depleted,0.01,0.7
1420,-58.0,100,False,2,0,0,26,,energy_depleted,0.01,0.7
1421,-82.0,100,False,8,0,0,28,,energy_depleted,0.01,0.7
1422,-70.0,100,False,5,0,0,26,,energy_depleted,0.01,0.7
1423,-114.0,100,False,16,0,0,26,,energy_depleted,0.01,0.7
1424,-66.0,100,False,4,0,0,26,,energy_depleted,0.01,0.7
1425,-78.0,100,False,2,2,0,26,,energy_depleted,0.01,0.7
1426,-74.0,100,False,6,0,0,26,,energy_depleted,0.01,0.7
1427,-74.0,100,False,6,0,0,26,,energy_depleted,0.01,0.7
1428,-54.0,100,False,1,0,0,26,,energy_depleted,0.01,0.7
1429,-70.0,100,False,5,0,0,26,,energy_depleted,0.01,0.7
1430,-108.0,100,False,12,1,0,26,,energy_depleted,0.01,0.7
1431,-70.0,100,False,5,0,0,26,,energy_depleted,0.01,0.7
1432,-70.0,100,False,5,0,0,26,,energy_depleted,0.01,0.7
1433,-62.0,100,False,3,0,0,26,,energy_depleted,0.01,0.7
1434,-54.0,100,False,1,0,0,26,,energy_depleted,0.01,0.7
1435,-62.0,100,False,3,0,0,26,,energy_depleted,0.01,0.7
1436,-78.0,100,False,7,0,0,26,,energy_depleted,0.01,0.7
1437,-94.0,100,False,11,0,0,26,,energy_depleted,0.01,0.7
1438,-86.0,100,False,9,0,0,26,,energy_depleted,0.01,0.7
1439,-84.0,100,False,6,1,0,26,,energy_depleted,0.01,0.7
1440,-78.0,100,False,7,0,0,26,,energy_depleted,0.01,0.7
1441,-90.0,100,False,10,0,0,26,,energy_depleted,0.01,0.7
1442,-74.0,100,False,6,0,0,26,,energy_depleted,0.01,0.7
1443,-62.0,100,False,3,0,0,26,,energy_depleted,0.01,0.7
1444,-62.0,100,False,3,0,0,26,,energy_depleted,0.01,0.7
1445,-90.0,100,False,10,0,0,26,,energy_depleted,0.01,0.7
1446,-66.0,100,False,4,0,0,26,,energy_depleted,0.01,0.7
1447,-58.0,100,False,2,0,0,26,,energy_depleted,0.01,0.7
1448,-70.0,100,False,5,0,0,26,,energy_depleted,0.01,0.7
1449,-58.0,100,False,2,0,0,26,,energy_depleted,0.01,0.7
1450,-70.0,100,False,5,0,0,26,,energy_depleted,0.01,0.7
1451,-62.0,100,False,3,0,0,26,,energy_depleted,0.01,0.7
1452,-86.0,100,False,9,0,0,26,,energy_depleted,0.01,0.7
1453,-58.0,100,False,2,0,0,26,,energy_depleted,0.01,0.7
1454,-70.0,100,False,5,0,0,26,,energy_depleted,0.01,0.7
1455,-78.0,100,False,7,0,0,26,,energy_depleted,0.01,0.7
1456,-54.0,100,False,1,0,0,26,,energy_depleted,0.01,0.7
1457,-66.0,100,False,4,0,0,26,,energy_depleted,0.01,0.7
1458,-70.0,100,False,5,0,0,26,,energy_depleted,0.01,0.7
1459,-82.0,100,False,8,0,0,26,,energy_depleted,0.01,0.7
1460,-98.0,100,False,12,0,0,26,,energy_depleted,0.01,0.7
1461,-58.0,100,False,2,0,0,26,,energy_depleted,0.01,0.7
1462,-78.0,100,False,7,0,0,26,,energy_depleted,0.01,0.7
1463,-70.0,100,False,5,0,0,26,,energy_depleted,0.01,0.7
1464,-62.0,100,False,3,0,0,26,,energy_depleted,0.01,0.7
1465,-62.0,100,False,3,0,0,26,,energy_depleted,0.01,0.7
1466,-62.0,100,False,3,0,0,26,,energy_depleted,0.01,0.7
1467,-54.0,100,False,1,0,0,26,,energy_depleted,0.01,0.7
1468,-78.0,100,False,7,0,0,26,,energy_depleted,0.01,0.7
1469,-82.0,100,False,3,2,0,26,,energy_depleted,0.01,0.7
1470,-62.0,100,False,3,0,0,26,,energy_depleted,0.01,0.7
1471,-74.0,100,False,6,0,0,26,,energy_depleted,0.01,0.7
1472,-66.0,100,False,4,0,0,26,,energy_depleted,0.01,0.7
1473,-102.0,100,False,13,0,0,26,,energy_depleted,0.01,0.7
1474,-74.0,100,False,6,0,0,26,,energy_depleted,0.01,0.7
1475,-100.0,100,False,10,1,0,26,,energy_depleted,0.01,0.7
1476,-70.0,100,False,5,0,0,26,,energy_depleted,0.01,0.7
1477,-54.0,100,False,1,0,0,28,,energy_depleted,0.01,0.7
1478,-106.0,100,False,14,0,0,26,,energy_depleted,0.01,0.7
1479,-62.0,100,False,3,0,0,26,,energy_depleted,0.01,0.7
1480,-98.0,100,False,12,0,0,26,,energy_depleted,0.01,0.7
1481,-86.0,100,False,9,0,0,26,,energy_depleted,0.01,0.7
1482,-94.0,100,False,11,0,0,26,,energy_depleted,0.01,0.7
1483,-66.0,100,False,4,0,0,26,,energy_depleted,0.01,0.7
1484,-86.0,100,False,9,0,0,26,,energy_depleted,0.01,0.7
1485,-76.0,100,False,4,1,0,26,,energy_depleted,0.01,0.7
1486,-66.0,100,False,4,0,0,26,,energy_depleted,0.01,0.7
1487,-80.0,100,False,5,1,0,26,,energy_depleted,0.01,0.7
1488,-74.0,100,False,6,0,0,26,,energy_depleted,0.01,0.7
1489,-90.0,100,False,10,0,0,26,,energy_depleted,0.01,0.7
1490,-82.0,100,False,8,0,0,26,,energy_depleted,0.01,0.7
1491,-58.0,100,False,2,0,0,26,,energy_depleted,0.01,0.7
1492,-136.0,100,False,9,5,0,26,,energy_depleted,0.01,0.7
1493,-70.0,100,False,5,0,0,26,,energy_depleted,0.01,0.7
1494,-66.0,100,False,4,0,0,26,,energy_depleted,0.01,0.7
1495,-110.0,100,False,15,0,0,26,,energy_depleted,0.01,0.7
1496,-58.0,100,False,2,0,0,26,,energy_depleted,0.01,0.7
1497,-90.0,100,False,5,2,0,26,,energy_depleted,0.01,0.7
1498,-62.0,100,False,3,0,0,26,,energy_depleted,0.01,0.7
1499,-82.0,100,False,8,0,0,28,,energy_depleted,0.01,0.7
1500,-54.0,100,False,1,0,0,26,,energy_depleted,0.01,0.7
1501,-98.0,100,False,12,0,0,26,,energy_depleted,0.01,0.7
1502,-136.0,100,False,14,3,0,26,,energy_depleted,0.01,0.7
1503,-78.0,100,False,7,0,0,26,,energy_depleted,0.01,0.7
1504,-62.0,100,False,3,0,0,28,,energy_depleted,0.01,0.7
1505,-90.0,100,False,10,0,0,26,,energy_depleted,0.01,0.7
1506,-66.0,100,False,4,0,0,26,,energy_depleted,0.01,0.7
1507,-62.0,100,False,3,0,0,26,,energy_depleted,0.01,0.7
1508,-70.0,100,False,5,0,0,26,,energy_depleted,0.01,0.7
1509,-98.0,100,False,12,0,0,26,,energy_depleted,0.01,0.7
1510,-62.0,100,False,3,0,0,26,,energy_depleted,0.01,0.7
1511,-90.0,100,False,10,0,0,26,,energy_depleted,0.01,0.7
1512,-102.0,100,False,13,0,0,26,,energy_depleted,0.01,0.7
1513,-90.0,100,False,10,0,0,26,,energy_depleted,0.01,0.7
1514,-106.0,100,False,9,2,0,26,,energy_depleted,0.01,0.7
1515,-78.0,100,False,7,0,0,26,,energy_depleted,0.01,0.7
1516,-54.0,100,False,1,0,0,26,,energy_depleted,0.01,0.7
1517,-66.0,100,False,4,0,0,26,,energy_depleted,0.01,0.7
1518,-82.0,100,False,8,0,0,26,,energy_depleted,0.01,0.7
1519,-62.0,100,False,3,0,0,26,,energy_depleted,0.01,0.7
1520,-70.0,100,False,5,0,0,26,,energy_depleted,0.01,0.7
1521,-62.0,100,False,3,0,0,26,,energy_depleted,0.01,0.7
1522,-78.0,100,False,7,0,0,26,,energy_depleted,0.01,0.7
1523,-70.0,100,False,5,0,0,26,,energy_depleted,0.01,0.7
1524,-78.0,100,False,7,0,0,26,,energy_depleted,0.01,0.7
1525,-66.0,100,False,4,0,0,26,,energy_depleted,0.01,0.7
1526,-134.0,100,False,16,2,0,26,,energy_depleted,0.01,0.7
1527,-68.0,100,False,2,1,0,26,,energy_depleted,0.01,0.7
1528,-70.0,100,False,5,0,0,26,,energy_depleted,0.01,0.7
1529,-78.0,100,False,7,0,0,26,,energy_depleted,0.01,0.7
1530,-62.0,100,False,3,0,0,26,,energy_depleted,0.01,0.7
1531,-62.0,100,False,3,0,0,26,,energy_depleted,0.01,0.7
1532,-58.0,100,False,2,0,0,29,,energy_depleted,0.01,0.7
1533,-86.0,100,False,9,0,0,26,,energy_depleted,0.01,0.7
1534,-62.0,100,False,3,0,0,26,,energy_depleted,0.01,0.7
1535,-82.0,100,False,8,0,0,26,,energy_depleted,0.01,0.7
1536,-118.0,100,False,7,4,0,29,,energy_depleted,0.01,0.7
1537,-74.0,100,False,6,0,0,26,,energy_depleted,0.01,0.7
1538,-58.0,100,False,2,0,0,26,,energy_depleted,0.01,0.7
1539,-58.0,100,False,2,0,0,26,,energy_depleted,0.01,0.7
1540,-114.0,100,False,16,0,0,26,,energy_depleted,0.01,0.7
1541,-86.0,100,False,9,0,0,26,,energy_depleted,0.01,0.7
1542,-82.0,100,False,8,0,0,26,,energy_depleted,0.01,0.7
1543,-54.0,100,False,1,0,0,26,,energy_depleted,0.01,0.7
1544,-66.0,100,False,4,0,0,26,,energy_depleted,0.01,0.7
1545,-70.0,100,False,5,0,0,26,,energy_depleted,0.01,0.7
1546,-74.0,100,False,6,0,0,26,,energy_depleted,0.01,0.7
1547,-76.0,100,False,4,1,0,26,,energy_depleted,0.01,0.7
1548,-88.0,100,False,7,1,0,26,,energy_depleted,0.01,0.7
1549,-58.0,100,False,2,0,0,26,,energy_depleted,0.01,0.7
1550,-82.0,100,False,8,0,0,26,,energy_depleted,0.01,0.7
1551,-98.0,100,False,12,0,0,26,,energy_depleted,0.01,0.7
1552,-62.0,100,False,3,0,0,26,,energy_depleted,0.01,0.7
1553,-78.0,100,False,7,0,0,26,,energy_depleted,0.01,0.7
1554,-82.0,100,False,8,0,0,26,,energy_depleted,0.01,0.7
1555,-80.0,100,False,5,1,0,26,,energy_depleted,0.01,0.7
1556,-74.0,100,False,6,0,0,26,,energy_depleted,0.01,0.7
1557,-116.0,100,False,14,1,0,28,,energy_depleted,0.01,0.7
1558,-120.0,100,False,15,1,0,26,,energy_depleted,0.01,0.7
1559,-78.0,100,False,7,0,0,26,,energy_depleted,0.01,0.7
1560,-144.0,100,False,16,3,0,26,,energy_depleted,0.01,0.7
1561,-108.0,100,False,12,1,0,26,,energy_depleted,0.01,0.7
1562,-50.0,100,False,0,0,0,26,,energy_depleted,0.01,0.7
1563,-90.0,100,False,10,0,0,26,,energy_depleted,0.01,0.7
1564,-90.0,100,False,10,0,0,26,,energy_depleted,0.01,0.7
1565,-62.0,100,False,3,0,0,26,,energy_depleted,0.01,0.7
1566,-86.0,100,False,9,0,0,26,,energy_depleted,0.01,0.7
1567,-66.0,100,False,4,0,0,26,,energy_depleted,0.01,0.7
1568,-70.0,100,False,5,0,0,26,,energy_depleted,0.01,0.7
1569,-84.0,100,False,6,1,0,26,,energy_depleted,0.01,0.7
1570,-78.0,100,False,7,0,0,26,,energy_depleted,0.01,0.7
1571,-82.0,100,False,8,0,0,26,,energy_depleted,0.01,0.7
1572,-58.0,100,False,2,0,0,26,,energy_depleted,0.01,0.7
1573,-116.0,100,False,14,1,0,26,,energy_depleted,0.01,0.7
1574,-66.0,100,False,4,0,0,26,,energy_depleted,0.01,0.7
1575,-94.0,100,False,11,0,0,26,,energy_depleted,0.01,0.7
1576,-92.0,100,False,8,1,0,26,,energy_depleted,0.01,0.7
1577,-66.0,100,False,4,0,0,26,,energy_depleted,0.01,0.7
1578,-86.0,100,False,9,0,0,26,,energy_depleted,0.01,0.7
1579,-70.0,100,False,5,0,0,26,,energy_depleted,0.01,0.7
1580,-112.0,100,False,8,3,0,26,,energy_depleted,0.01,0.7
1581,-58.0,100,False,2,0,0,26,,energy_depleted,0.01,0.7
1582,-66.0,100,False,4,0,0,26,,energy_depleted,0.01,0.7
1583,-78.0,100,False,7,0,0,26,,energy_depleted,0.01,0.7
1584,-58.0,100,False,2,0,0,26,,energy_depleted,0.01,0.7
1585,-78.0,100,False,7,0,0,28,,energy_depleted,0.01,0.7
1586,-108.0,100,False,12,1,0,26,,energy_depleted,0.01,0.7
1587,-54.0,100,False,1,0,0,26,,energy_depleted,0.01,0.7
1588,-78.0,100,False,7,0,0,28,,energy_depleted,0.01,0.7
1589,-92.0,100,False,8,1,0,26,,energy_depleted,0.01,0.7
1590,-116.0,100,False,14,1,0,26,,energy_depleted,0.01,0.7
1591,-70.0,100,False,5,0,0,26,,energy_depleted,0.01,0.7
1592,-98.0,100,False,12,0,0,26,,energy_depleted,0.01,0.7
1593,-70.0,100,False,5,0,0,26,,energy_depleted,0.01,0.7
1594,-74.0,100,False,6,0,0,26,,energy_depleted,0.01,0.7
1595,-90.0,100,False,10,0,0,26,,energy_depleted,0.01,0.7
1596,-82.0,100,False,8,0,0,26,,energy_depleted,0.01,0.7
1597,-78.0,100,False,7,0,0,26,,energy_depleted,0.01,0.7
1598,-54.0,100,False,1,0,0,26,,energy_depleted,0.01,0.7
1599,-60.0,100,False,0,1,0,26,,energy_depleted,0.01,0.7
1600,-78.0,100,False,7,0,0,26,,energy_depleted,0.01,0.7
1601,-94.0,100,False,11,0,0,28,,energy_depleted,0.01,0.7
1602,-54.0,100,False,1,0,0,26,,energy_depleted,0.01,0.7
1603,-122.0,100,False,18,0,0,26,,energy_depleted,0.01,0.7
1604,-86.0,100,False,4,2,0,26,,energy_depleted,0.01,0.7
1605,-74.0,100,False,6,0,0,26,,energy_depleted,0.01,0.7
1606,-82.0,100,False,8,0,0,26,,energy_depleted,0.01,0.7
1607,-94.0,100,False,6,2,0,26,,energy_depleted,0.01,0.7
1608,-90.0,100,False,10,0,0,26,,energy_depleted,0.01,0.7
1609,-92.0,100,False,8,1,0,26,,energy_depleted,0.01,0.7
1610,-74.0,100,False,6,0,0,26,,energy_depleted,0.01,0.7
1611,-90.0,100,False,10,0,0,26,,energy_depleted,0.01,0.7
1612,-102.0,100,False,8,2,0,26,,energy_depleted,0.01,0.7
1613,-106.0,100,False,4,4,0,26,,energy_depleted,0.01,0.7
1614,-90.0,100,False,5,2,0,26,,energy_depleted,0.01,0.7
1615,-70.0,100,False,5,0,0,26,,energy_depleted,0.01,0.7
1616,-54.0,100,False,1,0,0,26,,energy_depleted,0.01,0.7
1617,-78.0,100,False,7,0,0,26,,energy_depleted,0.01,0.7
1618,-70.0,100,False,5,0,0,26,,energy_depleted,0.01,0.7
1619,-66.0,100,False,4,0,0,26,,energy_depleted,0.01,0.7
1620,-70.0,100,False,5,0,0,26,,energy_depleted,0.01,0.7
1621,-74.0,100,False,6,0,0,26,,energy_depleted,0.01,0.7
1622,-70.0,100,False,5,0,0,26,,energy_depleted,0.01,0.7
1623,-118.0,100,False,17,0,0,26,,energy_depleted,0.01,0.7
1624,-102.0,100,False,13,0,0,26,,energy_depleted,0.01,0.7
1625,-54.0,100,False,1,0,0,26,,energy_depleted,0.01,0.7
1626,-66.0,100,False,4,0,0,26,,energy_depleted,0.01,0.7
1627,-70.0,100,False,5,0,0,26,,energy_depleted,0.01,0.7
1628,-102.0,100,False,13,0,0,26,,energy_depleted,0.01,0.7
1629,-70.0,100,False,5,0,0,26,,energy_depleted,0.01,0.7
1630,-70.0,100,False,5,0,0,26,,energy_depleted,0.01,0.7
1631,-74.0,100,False,6,0,0,26,,energy_depleted,0.01,0.7
1632,-62.0,100,False,3,0,0,26,,energy_depleted,0.01,0.7
1633,-68.0,100,False,2,1,0,26,,energy_depleted,0.01,0.7
1634,-144.0,100,False,21,1,0,26,,energy_depleted,0.01,0.7
1635,-88.0,100,False,7,1,0,26,,energy_depleted,0.01,0.7
1636,-94.0,100,False,11,0,0,26,,energy_depleted,0.01,0.7
1637,-86.0,100,False,9,0,0,28,,energy_depleted,0.01,0.7
1638,-62.0,100,False,3,0,0,26,,energy_depleted,0.01,0.7
1639,-84.0,100,False,6,1,0,26,,energy_depleted,0.01,0.7
1640,-74.0,100,False,6,0,0,26,,energy_depleted,0.01,0.7
1641,-74.0,100,False,6,0,0,26,,energy_depleted,0.01,0.7
1642,-62.0,100,False,3,0,0,26,,energy_depleted,0.01,0.7
1643,-86.0,100,False,9,0,0,26,,energy_depleted,0.01,0.7
1644,-90.0,100,False,10,0,0,28,,energy_depleted,0.01,0.7
1645,-86.0,100,False,9,0,0,26,,energy_depleted,0.01,0.7
1646,-74.0,100,False,6,0,0,26,,energy_depleted,0.01,0.7
1647,-78.0,100,False,7,0,0,26,,energy_depleted,0.01,0.7
1648,-68.0,100,False,2,1,0,26,,energy_depleted,0.01,0.7
1649,-74.0,100,False,6,0,0,26,,energy_depleted,0.01,0.7
1650,-62.0,100,False,3,0,0,26,,energy_depleted,0.01,0.7
1651,-66.0,100,False,4,0,0,26,,energy_depleted,0.01,0.7
1652,-54.0,100,False,1,0,0,26,,energy_depleted,0.01,0.7
1653,-114.0,100,False,16,0,0,26,,energy_depleted,0.01,0.7
1654,-58.0,100,False,2,0,0,26,,energy_depleted,0.01,0.7
1655,-74.0,100,False,6,0,0,26,,energy_depleted,0.01,0.7
1656,-66.0,100,False,4,0,0,26,,energy_depleted,0.01,0.7
1657,-126.0,100,False,19,0,0,36,,energy_depleted,0.01,0.7
1658,-78.0,100,False,7,0,0,26,,energy_depleted,0.01,0.7
1659,-82.0,100,False,8,0,0,26,,energy_depleted,0.01,0.7
1660,-78.0,100,False,7,0,0,26,,energy_depleted,0.01,0.7
1661,-66.0,100,False,4,0,0,26,,energy_depleted,0.01,0.7
1662,-116.0,100,False,14,1,0,26,,energy_depleted,0.01,0.7
1663,-66.0,100,False,4,0,0,26,,energy_depleted,0.01,0.7
1664,-148.0,100,False,7,7,0,26,,energy_depleted,0.01,0.7
1665,-62.0,100,False,3,0,0,26,,energy_depleted,0.01,0.7
1666,-86.0,100,False,9,0,0,26,,energy_depleted,0.01,0.7
1667,-76.0,100,False,4,1,0,26,,energy_depleted,0.01,0.7
1668,-58.0,100,False,2,0,0,26,,energy_depleted,0.01,0.7
1669,-66.0,100,False,4,0,0,26,,energy_depleted,0.01,0.7
1670,-66.0,100,False,4,0,0,26,,energy_depleted,0.01,0.7
1671,-74.0,100,False,6,0,0,26,,energy_depleted,0.01,0.7
1672,-70.0,100,False,5,0,0,28,,energy_depleted,0.01,0.7
1673,-62.0,100,False,3,0,0,26,,energy_depleted,0.01,0.7
1674,-86.0,100,False,9,0,0,26,,energy_depleted,0.01,0.7
1675,-92.0,100,False,8,1,0,26,,energy_depleted,0.01,0.7
1676,-82.0,100,False,8,0,0,26,,energy_depleted,0.01,0.7
1677,-78.0,100,False,7,0,0,26,,energy_depleted,0.01,0.7
1678,-66.0,100,False,4,0,0,26,,energy_depleted,0.01,0.7
1679,-82.0,100,False,8,0,0,26,,energy_depleted,0.01,0.7
1680,-92.0,100,False,8,1,0,26,,energy_depleted,0.01,0.7
1681,-86.0,100,False,9,0,0,26,,energy_depleted,0.01,0.7
1682,-58.0,100,False,2,0,0,26,,energy_depleted,0.01,0.7
1683,-70.0,100,False,5,0,0,26,,energy_depleted,0.01,0.7
1684,-90.0,100,False,10,0,0,29,,energy_depleted,0.01,0.7
1685,-112.0,100,False,8,3,0,26,,energy_depleted,0.01,0.7
1686,-96.0,100,False,9,1,0,26,,energy_depleted,0.01,0.7
1687,-110.0,100,False,15,0,0,26,,energy_depleted,0.01,0.7
1688,-86.0,100,False,9,0,0,26,,energy_depleted,0.01,0.7
1689,-76.0,100,False,4,1,0,26,,energy_depleted,0.01,0.7
1690,-66.0,100,False,4,0,0,26,,energy_depleted,0.01,0.7
1691,-66.0,100,False,4,0,0,26,,energy_depleted,0.01,0.7
1692,-82.0,100,False,8,0,0,26,,energy_depleted,0.01,0.7
1693,-78.0,100,False,7,0,0,26,,energy_depleted,0.01,0.7
1694,-62.0,100,False,3,0,0,26,,energy_depleted,0.01,0.7
1695,-70.0,100,False,5,0,0,26,,energy_depleted,0.01,0.7
1696,-66.0,100,False,4,0,0,26,,energy_depleted,0.01,0.7
1697,-100.0,100,False,10,1,0,26,,energy_depleted,0.01,0.7
1698,-66.0,100,False,4,0,0,26,,energy_depleted,0.01,0.7
1699,-100.0,100,False,10,1,0,26,,energy_depleted,0.01,0.7
1700,-70.0,100,False,5,0,0,26,,energy_depleted,0.01,0.7
1701,-118.0,100,False,12,2,0,26,,energy_depleted,0.01,0.7
1702,-66.0,100,False,4,0,0,26,,energy_depleted,0.01,0.7
1703,-86.0,100,False,9,0,0,26,,energy_depleted,0.01,0.7
1704,-86.0,100,False,9,0,0,26,,energy_depleted,0.01,0.7
1705,-78.0,100,False,7,0,0,26,,energy_depleted,0.01,0.7
1706,-86.0,100,False,9,0,0,23,,energy_depleted,0.01,0.7
1707,-66.0,100,False,4,0,0,26,,energy_depleted,0.01,0.7
1708,-62.0,100,False,3,0,0,26,,energy_depleted,0.01,0.7
1709,-54.0,100,False,1,0,0,26,,energy_depleted,0.01,0.7
1710,-74.0,100,False,6,0,0,26,,energy_depleted,0.01,0.7
1711,-58.0,100,False,2,0,0,26,,energy_depleted,0.01,0.7
1712,-68.0,100,False,2,1,0,26,,energy_depleted,0.01,0.7
1713,-50.0,100,False,0,0,0,26,,energy_depleted,0.01,0.7
1714,-94.0,100,False,6,2,0,26,,energy_depleted,0.01,0.7
1715,-62.0,100,False,3,0,0,26,,energy_depleted,0.01,0.7
1716,-58.0,100,False,2,0,0,26,,energy_depleted,0.01,0.7
1717,-82.0,100,False,8,0,0,28,,energy_depleted,0.01,0.7
1718,-70.0,100,False,5,0,0,26,,energy_depleted,0.01,0.7
1719,-100.0,100,False,10,1,0,26,,energy_depleted,0.01,0.7
1720,-92.0,100,False,8,1,0,26,,energy_depleted,0.01,0.7
1721,-74.0,100,False,6,0,0,26,,energy_depleted,0.01,0.7
1722,-94.0,100,False,11,0,0,26,,energy_depleted,0.01,0.7
1723,-78.0,100,False,7,0,0,26,,energy_depleted,0.01,0.7
1724,-62.0,100,False,3,0,0,26,,energy_depleted,0.01,0.7
1725,-66.0,100,False,4,0,0,26,,energy_depleted,0.01,0.7
1726,-62.0,100,False,3,0,0,26,,energy_depleted,0.01,0.7
1727,-102.0,100,False,8,2,0,26,,energy_depleted,0.01,0.7
1728,-110.0,100,False,15,0,0,26,,energy_depleted,0.01,0.7
1729,-66.0,100,False,4,0,0,26,,energy_depleted,0.01,0.7
1730,-82.0,100,False,8,0,0,26,,energy_depleted,0.01,0.7
1731,-58.0,100,False,2,0,0,26,,energy_depleted,0.01,0.7
1732,-70.0,100,False,5,0,0,26,,energy_depleted,0.01,0.7
1733,-66.0,100,False,4,0,0,26,,energy_depleted,0.01,0.7
1734,-90.0,100,False,5,2,0,26,,energy_depleted,0.01,0.7
1735,-62.0,100,False,3,0,0,26,,energy_depleted,0.01,0.7
1736,-70.0,100,False,5,0,0,26,,energy_depleted,0.01,0.7
1737,-62.0,100,False,3,0,0,26,,energy_depleted,0.01,0.7
1738,-74.0,100,False,6,0,0,26,,energy_depleted,0.01,0.7
1739,-98.0,100,False,12,0,0,26,,energy_depleted,0.01,0.7
1740,-72.0,100,False,3,1,0,26,,energy_depleted,0.01,0.7
1741,-70.0,100,False,5,0,0,26,,energy_depleted,0.01,0.7
1742,-54.0,100,False,1,0,0,26,,energy_depleted,0.01,0.7
1743,-62.0,100,False,3,0,0,26,,energy_depleted,0.01,0.7
1744,-74.0,100,False,6,0,0,26,,energy_depleted,0.01,0.7
1745,-74.0,100,False,6,0,0,26,,energy_depleted,0.01,0.7
1746,-66.0,100,False,4,0,0,26,,energy_depleted,0.01,0.7
1747,-82.0,100,False,8,0,0,26,,energy_depleted,0.01,0.7
1748,-88.0,100,False,7,1,0,26,,energy_depleted,0.01,0.7
1749,-86.0,100,False,9,0,0,26,,energy_depleted,0.01,0.7
1750,-64.0,100,False,1,1,0,26,,energy_depleted,0.01,0.7
1751,-94.0,100,False,6,2,0,26,,energy_depleted,0.01,0.7
1752,-70.0,100,False,5,0,0,28,,energy_depleted,0.01,0.7
1753,-70.0,100,False,5,0,0,26,,energy_depleted,0.01,0.7
1754,-66.0,100,False,4,0,0,26,,energy_depleted,0.01,0.7
1755,-74.0,100,False,6,0,0,26,,energy_depleted,0.01,0.7
1756,-80.0,100,False,5,1,0,26,,energy_depleted,0.01,0.7
1757,-122.0,100,False,13,2,0,28,,energy_depleted,0.01,0.7
1758,-74.0,100,False,6,0,0,26,,energy_depleted,0.01,0.7
1759,-82.0,100,False,8,0,0,26,,energy_depleted,0.01,0.7
1760,-82.0,100,False,8,0,0,26,,energy_depleted,0.01,0.7
1761,-70.0,100,False,5,0,0,26,,energy_depleted,0.01,0.7
1762,-70.0,100,False,5,0,0,26,,energy_depleted,0.01,0.7
1763,-70.0,100,False,5,0,0,26,,energy_depleted,0.01,0.7
1764,-110.0,100,False,10,2,0,26,,energy_depleted,0.01,0.7
1765,-62.0,100,False,3,0,0,28,,energy_depleted,0.01,0.7
1766,-78.0,100,False,7,0,0,26,,energy_depleted,0.01,0.7
1767,-78.0,100,False,7,0,0,26,,energy_depleted,0.01,0.7
1768,-62.0,100,False,3,0,0,26,,energy_depleted,0.01,0.7
1769,-66.0,100,False,4,0,0,26,,energy_depleted,0.01,0.7
1770,-58.0,100,False,2,0,0,26,,energy_depleted,0.01,0.7
1771,-50.0,100,False,0,0,0,26,,energy_depleted,0.01,0.7
1772,-62.0,100,False,3,0,0,26,,energy_depleted,0.01,0.7
1773,-106.0,100,False,14,0,0,26,,energy_depleted,0.01,0.7
1774,-88.0,100,False,2,3,0,26,,energy_depleted,0.01,0.7
1775,-74.0,100,False,6,0,0,28,,energy_depleted,0.01,0.7
1776,-90.0,100,False,10,0,0,28,,energy_depleted,0.01,0.7
1777,-104.0,100,False,6,3,0,28,,energy_depleted,0.01,0.7
1778,-82.0,100,False,8,0,0,26,,energy_depleted,0.01,0.7
1779,-50.0,100,False,0,0,0,26,,energy_depleted,0.01,0.7
1780,-158.0,100,False,7,8,0,26,,energy_depleted,0.01,0.7
1781,-70.0,100,False,5,0,0,26,,energy_depleted,0.01,0.7
1782,-94.0,100,False,6,2,0,26,,energy_depleted,0.01,0.7
1783,-70.0,100,False,5,0,0,26,,energy_depleted,0.01,0.7
1784,-74.0,100,False,6,0,0,26,,energy_depleted,0.01,0.7
1785,-66.0,100,False,4,0,0,26,,energy_depleted,0.01,0.7
1786,-126.0,100,False,4,6,0,26,,energy_depleted,0.01,0.7
1787,-80.0,100,False,5,1,0,26,,energy_depleted,0.01,0.7
1788,-74.0,100,False,6,0,0,26,,energy_depleted,0.01,0.7
1789,-62.0,100,False,3,0,0,26,,energy_depleted,0.01,0.7
1790,-70.0,100,False,5,0,0,26,,energy_depleted,0.01,0.7
1791,-74.0,100,False,6,0,0,26,,energy_depleted,0.01,0.7
1792,-114.0,100,False,11,2,0,26,,energy_depleted,0.01,0.7
1793,-58.0,100,False,2,0,0,26,,energy_depleted,0.01,0.7
1794,-54.0,100,False,1,0,0,26,,energy_depleted,0.01,0.7
1795,-104.0,100,False,11,1,0,26,,energy_depleted,0.01,0.7
1796,-72.0,100,False,3,1,0,26,,energy_depleted,0.01,0.7
1797,-86.0,100,False,9,0,0,26,,energy_depleted,0.01,0.7
1798,-110.0,100,False,15,0,0,26,,energy_depleted,0.01,0.7
1799,-70.0,100,False,5,0,0,26,,energy_depleted,0.01,0.7
1800,-62.0,100,False,3,0,0,26,,energy_depleted,0.01,0.7
1801,-86.0,100,False,9,0,0,26,,energy_depleted,0.01,0.7
1802,-70.0,100,False,5,0,0,26,,energy_depleted,0.01,0.7
1803,-82.0,100,False,3,2,0,26,,energy_depleted,0.01,0.7
1804,-94.0,100,False,11,0,0,26,,energy_depleted,0.01,0.7
1805,-92.0,100,False,8,1,0,26,,energy_depleted,0.01,0.7
1806,-62.0,100,False,3,0,0,26,,energy_depleted,0.01,0.7
1807,-74.0,100,False,6,0,0,28,,energy_depleted,0.01,0.7
1808,-96.0,100,False,9,1,0,26,,energy_depleted,0.01,0.7
1809,-62.0,100,False,3,0,0,26,,energy_depleted,0.01,0.7
1810,-90.0,100,False,10,0,0,26,,energy_depleted,0.01,0.7
1811,-94.0,100,False,11,0,0,26,,energy_depleted,0.01,0.7
1812,-70.0,100,False,5,0,0,26,,energy_depleted,0.01,0.7
1813,-90.0,100,False,10,0,0,26,,energy_depleted,0.01,0.7
1814,-84.0,100,False,6,1,0,26,,energy_depleted,0.01,0.7
1815,-64.0,100,False,1,1,0,26,,energy_depleted,0.01,0.7
1816,-94.0,100,False,11,0,0,26,,energy_depleted,0.01,0.7
1817,-54.0,100,False,1,0,0,26,,energy_depleted,0.01,0.7
1818,-70.0,100,False,5,0,0,26,,energy_depleted,0.01,0.7
1819,-152.0,100,False,23,1,0,26,,energy_depleted,0.01,0.7
1820,-114.0,100,False,16,0,0,26,,energy_depleted,0.01,0.7
1821,-70.0,100,False,5,0,0,26,,energy_depleted,0.01,0.7
1822,-148.0,100,False,22,1,0,26,,energy_depleted,0.01,0.7
1823,-88.0,100,False,7,1,0,26,,energy_depleted,0.01,0.7
1824,-98.0,100,False,12,0,0,26,,energy_depleted,0.01,0.7
1825,-74.0,100,False,6,0,0,26,,energy_depleted,0.01,0.7
1826,-68.0,100,False,2,1,0,26,,energy_depleted,0.01,0.7
1827,-50.0,100,False,0,0,0,26,,energy_depleted,0.01,0.7
1828,-78.0,100,False,7,0,0,26,,energy_depleted,0.01,0.7
1829,-70.0,100,False,5,0,0,26,,energy_depleted,0.01,0.7
1830,-90.0,100,False,10,0,0,26,,energy_depleted,0.01,0.7
1831,-70.0,100,False,5,0,0,28,,energy_depleted,0.01,0.7
1832,-74.0,100,False,6,0,0,26,,energy_depleted,0.01,0.7
1833,-82.0,100,False,8,0,0,26,,energy_depleted,0.01,0.7
1834,-58.0,100,False,2,0,0,26,,energy_depleted,0.01,0.7
1835,-84.0,100,False,6,1,0,26,,energy_depleted,0.01,0.7
1836,-74.0,100,False,6,0,0,26,,energy_depleted,0.01,0.7
1837,-70.0,100,False,5,0,0,26,,energy_depleted,0.01,0.7
1838,-74.0,100,False,6,0,0,26,,energy_depleted,0.01,0.7
1839,-74.0,100,False,6,0,0,26,,energy_depleted,0.01,0.7
1840,-90.0,100,False,10,0,0,28,,energy_depleted,0.01,0.7
1841,-98.0,100,False,12,0,0,28,,energy_depleted,0.01,0.7
1842,-86.0,100,False,9,0,0,26,,energy_depleted,0.01,0.7
1843,-82.0,100,False,8,0,0,26,,energy_depleted,0.01,0.7
1844,-98.0,100,False,12,0,0,26,,energy_depleted,0.01,0.7
1845,-90.0,100,False,10,0,0,26,,energy_depleted,0.01,0.7
1846,-102.0,100,False,13,0,0,26,,energy_depleted,0.01,0.7
1847,-118.0,100,False,17,0,0,26,,energy_depleted,0.01,0.7
1848,-78.0,100,False,7,0,0,26,,energy_depleted,0.01,0.7
1849,-88.0,100,False,7,1,0,26,,energy_depleted,0.01,0.7
1850,-70.0,100,False,5,0,0,26,,energy_depleted,0.01,0.7
1851,-62.0,100,False,3,0,0,26,,energy_depleted,0.01,0.7
1852,-74.0,100,False,6,0,0,26,,energy_depleted,0.01,0.7
1853,-82.0,100,False,8,0,0,26,,energy_depleted,0.01,0.7
1854,-140.0,100,False,10,5,0,26,,energy_depleted,0.01,0.7
1855,-66.0,100,False,4,0,0,26,,energy_depleted,0.01,0.7
1856,-104.0,100,False,11,1,0,26,,energy_depleted,0.01,0.7
1857,-66.0,100,False,4,0,0,26,,energy_depleted,0.01,0.7
1858,-82.0,100,False,8,0,0,26,,energy_depleted,0.01,0.7
1859,-98.0,100,False,12,0,0,26,,energy_depleted,0.01,0.7
1860,-58.0,100,False,2,0,0,26,,energy_depleted,0.01,0.7
1861,-78.0,100,False,7,0,0,26,,energy_depleted,0.01,0.7
1862,-106.0,100,False,9,2,0,26,,energy_depleted,0.01,0.7
1863,-96.0,100,False,9,1,0,26,,energy_depleted,0.01,0.7
1864,-90.0,100,False,5,2,0,26,,energy_depleted,0.01,0.7
1865,-90.0,100,False,10,0,0,26,,energy_depleted,0.01,0.7
1866,-70.0,100,False,5,0,0,28,,energy_depleted,0.01,0.7
1867,-78.0,100,False,7,0,0,28,,energy_depleted,0.01,0.7
1868,-78.0,100,False,7,0,0,26,,energy_depleted,0.01,0.7
1869,-74.0,100,False,6,0,0,26,,energy_depleted,0.01,0.7
1870,-58.0,100,False,2,0,0,26,,energy_depleted,0.01,0.7
1871,-164.0,100,False,16,0,0,,,energy_depleted,0.01,0.7
1872,-78.0,100,False,7,0,0,26,,energy_depleted,0.01,0.7
1873,-86.0,100,False,9,0,0,26,,energy_depleted,0.01,0.7
1874,-76.0,100,False,4,1,0,26,,energy_depleted,0.01,0.7
1875,-118.0,100,False,17,0,0,26,,energy_depleted,0.01,0.7
1876,-82.0,100,False,8,0,0,26,,energy_depleted,0.01,0.7
1877,-90.0,100,False,10,0,0,26,,energy_depleted,0.01,0.7
1878,-78.0,100,False,7,0,0,26,,energy_depleted,0.01,0.7
1879,-62.0,100,False,3,0,0,26,,energy_depleted,0.01,0.7
1880,-66.0,100,False,4,0,0,26,,energy_depleted,0.01,0.7
1881,-62.0,100,False,3,0,0,26,,energy_depleted,0.01,0.7
1882,-78.0,100,False,7,0,0,26,,energy_depleted,0.01,0.7
1883,-70.0,100,False,5,0,0,26,,energy_depleted,0.01,0.7
1884,-54.0,100,False,1,0,0,26,,energy_depleted,0.01,0.7
1885,-70.0,100,False,5,0,0,28,,energy_depleted,0.01,0.7
1886,-76.0,100,False,4,1,0,26,,energy_depleted,0.01,0.7
1887,-74.0,100,False,6,0,0,26,,energy_depleted,0.01,0.7
1888,-82.0,100,False,8,0,0,26,,energy_depleted,0.01,0.7
1889,-58.0,100,False,2,0,0,26,,energy_depleted,0.01,0.7
1890,-146.0,100,False,24,0,0,26,,energy_depleted,0.01,0.7
1891,-86.0,100,False,9,0,0,26,,energy_depleted,0.01,0.7
1892,-82.0,100,False,8,0,0,26,,energy_depleted,0.01,0.7
1893,-70.0,100,False,5,0,0,26,,energy_depleted,0.01,0.7
1894,-86.0,100,False,9,0,0,26,,energy_depleted,0.01,0.7
1895,-78.0,100,False,7,0,0,26,,energy_depleted,0.01,0.7
1896,-58.0,100,False,2,0,0,26,,energy_depleted,0.01,0.7
1897,-62.0,100,False,3,0,0,26,,energy_depleted,0.01,0.7
1898,-86.0,100,False,9,0,0,26,,energy_depleted,0.01,0.7
1899,-62.0,100,False,3,0,0,26,,energy_depleted,0.01,0.7
1900,-78.0,100,False,7,0,0,28,,energy_depleted,0.01,0.7
1901,-62.0,100,False,3,0,0,26,,energy_depleted,0.01,0.7
1902,-108.0,100,False,12,1,0,26,,energy_depleted,0.01,0.7
1903,-78.0,100,False,7,0,0,26,,energy_depleted,0.01,0.7
1904,-94.0,100,False,11,0,0,26,,energy_depleted,0.01,0.7
1905,-62.0,100,False,3,0,0,26,,energy_depleted,0.01,0.7
1906,-98.0,100,False,12,0,0,26,,energy_depleted,0.01,0.7
1907,-72.0,100,False,3,1,0,26,,energy_depleted,0.01,0.7
1908,-62.0,100,False,3,0,0,26,,energy_depleted,0.01,0.7
1909,-58.0,100,False,2,0,0,26,,energy_depleted,0.01,0.7
1910,-66.0,100,False,4,0,0,26,,energy_depleted,0.01,0.7
1911,-102.0,100,False,13,0,0,28,,energy_depleted,0.01,0.7
1912,-70.0,100,False,5,0,0,26,,energy_depleted,0.01,0.7
1913,-114.0,100,False,16,0,0,26,,energy_depleted,0.01,0.7
1914,-74.0,100,False,6,0,0,26,,energy_depleted,0.01,0.7
1915,-62.0,100,False,3,0,0,26,,energy_depleted,0.01,0.7
1916,-82.0,100,False,8,0,0,26,,energy_depleted,0.01,0.7
1917,-62.0,100,False,3,0,0,26,,energy_depleted,0.01,0.7
1918,-72.0,100,False,3,1,0,26,,energy_depleted,0.01,0.7
1919,-58.0,100,False,2,0,0,26,,energy_depleted,0.01,0.7
1920,-92.0,100,False,8,1,0,29,,energy_depleted,0.01,0.7
1921,-78.0,100,False,7,0,0,26,,energy_depleted,0.01,0.7
1922,-62.0,100,False,3,0,0,26,,energy_depleted,0.01,0.7
1923,-122.0,100,False,13,2,0,26,,energy_depleted,0.01,0.7
1924,-150.0,100,False,20,2,0,26,,energy_depleted,0.01,0.7
1925,-126.0,100,False,19,0,0,26,,energy_depleted,0.01,0.7
1926,-62.0,100,False,3,0,0,28,,energy_depleted,0.01,0.7
1927,-68.0,100,False,2,1,0,26,,energy_depleted,0.01,0.7
1928,-96.0,100,False,9,1,0,26,,energy_depleted,0.01,0.7
1929,-70.0,100,False,5,0,0,26,,energy_depleted,0.01,0.7
1930,-106.0,100,False,9,2,0,26,,energy_depleted,0.01,0.7
1931,-70.0,100,False,5,0,0,26,,energy_depleted,0.01,0.7
1932,-66.0,100,False,4,0,0,26,,energy_depleted,0.01,0.7
1933,-90.0,100,False,10,0,0,26,,energy_depleted,0.01,0.7
1934,-80.0,100,False,5,1,0,26,,energy_depleted,0.01,0.7
1935,-62.0,100,False,3,0,0,26,,energy_depleted,0.01,0.7
1936,-70.0,100,False,5,0,0,26,,energy_depleted,0.01,0.7
1937,-92.0,100,False,3,3,0,26,,energy_depleted,0.01,0.7
1938,-78.0,100,False,7,0,0,26,,energy_depleted,0.01,0.7
1939,-78.0,100,False,7,0,0,26,,energy_depleted,0.01,0.7
1940,-70.0,100,False,5,0,0,26,,energy_depleted,0.01,0.7
1941,-74.0,100,False,6,0,0,26,,energy_depleted,0.01,0.7
1942,-78.0,100,False,7,0,0,26,,energy_depleted,0.01,0.7
1943,-84.0,100,False,6,1,0,26,,energy_depleted,0.01,0.7
1944,-74.0,100,False,6,0,0,26,,energy_depleted,0.01,0.7
1945,-66.0,100,False,4,0,0,26,,energy_depleted,0.01,0.7
1946,-62.0,100,False,3,0,0,26,,energy_depleted,0.01,0.7
1947,-86.0,100,False,9,0,0,26,,energy_depleted,0.01,0.7
1948,-98.0,100,False,7,2,0,26,,energy_depleted,0.01,0.7
1949,-58.0,100,False,2,0,0,28,,energy_depleted,0.01,0.7
1950,-116.0,100,False,9,3,0,26,,energy_depleted,0.01,0.7
1951,-74.0,100,False,6,0,0,26,,energy_depleted,0.01,0.7
1952,-82.0,100,False,8,0,0,26,,energy_depleted,0.01,0.7
1953,-74.0,100,False,6,0,0,26,,energy_depleted,0.01,0.7
1954,-130.0,100,False,20,0,0,26,,energy_depleted,0.01,0.7
1955,-54.0,100,False,1,0,0,26,,energy_depleted,0.01,0.7
1956,-88.0,100,False,7,1,0,26,,energy_depleted,0.01,0.7
1957,-88.0,100,False,7,1,0,26,,energy_depleted,0.01,0.7
1958,-70.0,100,False,5,0,0,26,,energy_depleted,0.01,0.7
1959,-90.0,100,False,10,0,0,26,,energy_depleted,0.01,0.7
1960,-70.0,100,False,5,0,0,26,,energy_depleted,0.01,0.7
1961,-76.0,100,False,4,1,0,26,,energy_depleted,0.01,0.7
1962,-66.0,100,False,4,0,0,26,,energy_depleted,0.01,0.7
1963,-114.0,100,False,16,0,0,26,,energy_depleted,0.01,0.7
1964,-70.0,100,False,5,0,0,28,,energy_depleted,0.01,0.7
1965,-62.0,100,False,3,0,0,26,,energy_depleted,0.01,0.7
1966,-50.0,100,False,0,0,0,26,,energy_depleted,0.01,0.7
1967,-102.0,100,False,13,0,0,26,,energy_depleted,0.01,0.7
1968,-74.0,100,False,6,0,0,26,,energy_depleted,0.01,0.7
1969,-86.0,100,False,9,0,0,26,,energy_depleted,0.01,0.7
1970,-66.0,100,False,4,0,0,26,,energy_depleted,0.01,0.7
1971,-102.0,100,False,13,0,0,28,,energy_depleted,0.01,0.7
1972,-62.0,100,False,3,0,0,26,,energy_depleted,0.01,0.7
1973,-62.0,100,False,3,0,0,26,,energy_depleted,0.01,0.7
1974,-66.0,100,False,4,0,0,26,,energy_depleted,0.01,0.7
1975,-98.0,100,False,12,0,0,26,,energy_depleted,0.01,0.7
1976,-84.0,100,False,6,1,0,26,,energy_depleted,0.01,0.7
1977,-70.0,100,False,5,0,0,26,,energy_depleted,0.01,0.7
1978,-92.0,100,False,8,1,0,26,,energy_depleted,0.01,0.7
1979,-66.0,100,False,4,0,0,26,,energy_depleted,0.01,0.7
1980,-94.0,100,False,11,0,0,26,,energy_depleted,0.01,0.7
1981,-70.0,100,False,5,0,0,26,,energy_depleted,0.01,0.7
1982,-82.0,100,False,8,0,0,26,,energy_depleted,0.01,0.7
1983,-66.0,100,False,4,0,0,26,,energy_depleted,0.01,0.7
1984,-124.0,100,False,16,1,0,26,,energy_depleted,0.01,0.7
1985,-72.0,100,False,3,1,0,26,,energy_depleted,0.01,0.7
1986,-82.0,100,False,8,0,0,26,,energy_depleted,0.01,0.7
1987,-78.0,100,False,7,0,0,26,,energy_depleted,0.01,0.7
1988,-82.0,100,False,8,0,0,26,,energy_depleted,0.01,0.7
1989,-110.0,100,False,10,2,0,26,,energy_depleted,0.01,0.7
1990,-86.0,100,False,9,0,0,26,,energy_depleted,0.01,0.7
1991,-66.0,100,False,4,0,0,26,,energy_depleted,0.01,0.7
1992,-106.0,100,False,14,0,0,26,,energy_depleted,0.01,0.7
1993,-92.0,100,False,8,1,0,26,,energy_depleted,0.01,0.7
1994,-54.0,100,False,1,0,0,26,,energy_depleted,0.01,0.7
1995,-66.0,100,False,4,0,0,26,,energy_depleted,0.01,0.7
1996,-90.0,100,False,10,0,0,26,,energy_depleted,0.01,0.7
1997,-86.0,100,False,9,0,0,26,,energy_depleted,0.01,0.7
1998,-66.0,100,False,4,0,0,26,,energy_depleted,0.01,0.7
1999,-58.0,100,False,2,0,0,26,,energy_depleted,0.01,0.7
2000,-62.0,100,False,3,0,0,26,,energy_depleted,0.01,0.7
2001,-94.0,100,False,11,0,0,26,,energy_depleted,0.01,0.7
2002,-58.0,100,False,2,0,0,26,,energy_depleted,0.01,0.7
2003,-58.0,100,False,2,0,0,26,,energy_depleted,0.01,0.7
2004,-66.0,100,False,4,0,0,26,,energy_depleted,0.01,0.7
2005,-88.0,100,False,7,1,0,26,,energy_depleted,0.01,0.7
2006,-62.0,100,False,3,0,0,26,,energy_depleted,0.01,0.7
2007,-74.0,100,False,6,0,0,26,,energy_depleted,0.01,0.7
2008,-78.0,100,False,7,0,0,26,,energy_depleted,0.01,0.7
2009,-66.0,100,False,4,0,0,26,,energy_depleted,0.01,0.7
2010,-70.0,100,False,5,0,0,26,,energy_depleted,0.01,0.7
2011,-74.0,100,False,6,0,0,26,,energy_depleted,0.01,0.7
2012,-74.0,100,False,6,0,0,26,,energy_depleted,0.01,0.7
2013,-62.0,100,False,3,0,0,26,,energy_depleted,0.01,0.7
2014,-66.0,100,False,4,0,0,26,,energy_depleted,0.01,0.7
2015,-66.0,100,False,4,0,0,26,,energy_depleted,0.01,0.7
2016,-78.0,100,False,7,0,0,26,,energy_depleted,0.01,0.7
2017,-120.0,100,False,10,3,0,26,,energy_depleted,0.01,0.7
2018,-62.0,100,False,3,0,0,26,,energy_depleted,0.01,0.7
2019,-78.0,100,False,7,0,0,26,,energy_depleted,0.01,0.7
2020,-70.0,100,False,5,0,0,29,,energy_depleted,0.01,0.7
2021,-90.0,100,False,10,0,0,28,,energy_depleted,0.01,0.7
2022,-86.0,100,False,9,0,0,26,,energy_depleted,0.01,0.7
2023,-86.0,100,False,9,0,0,26,,energy_depleted,0.01,0.7
2024,-74.0,100,False,6,0,0,26,,energy_depleted,0.01,0.7
2025,-78.0,100,False,7,0,0,26,,energy_depleted,0.01,0.7
2026,-78.0,100,False,7,0,0,26,,energy_depleted,0.01,0.7
2027,-70.0,100,False,5,0,0,26,,energy_depleted,0.01,0.7
2028,-74.0,100,False,6,0,0,26,,energy_depleted,0.01,0.7
2029,-70.0,100,False,5,0,0,26,,energy_depleted,0.01,0.7
2030,-70.0,100,False,5,0,0,26,,energy_depleted,0.01,0.7
2031,-72.0,100,False,3,1,0,26,,energy_depleted,0.01,0.7
2032,-74.0,100,False,6,0,0,26,,energy_depleted,0.01,0.7
2033,-116.0,100,False,14,1,0,26,,energy_depleted,0.01,0.7
2034,-58.0,100,False,2,0,0,26,,energy_depleted,0.01,0.7
2035,-66.0,100,False,4,0,0,26,,energy_depleted,0.01,0.7
2036,-66.0,100,False,4,0,0,26,,energy_depleted,0.01,0.7
2037,-66.0,100,False,4,0,0,28,,energy_depleted,0.01,0.7
2038,-62.0,100,False,3,0,0,26,,energy_depleted,0.01,0.7
2039,-62.0,100,False,3,0,0,26,,energy_depleted,0.01,0.7
2040,-62.0,100,False,3,0,0,26,,energy_depleted,0.01,0.7
2041,-62.0,100,False,3,0,0,28,,energy_depleted,0.01,0.7
2042,-90.0,100,False,10,0,0,26,,energy_depleted,0.01,0.7
2043,-90.0,100,False,10,0,0,26,,energy_depleted,0.01,0.7
2044,-58.0,100,False,2,0,0,26,,energy_depleted,0.01,0.7
2045,-58.0,100,False,2,0,0,26,,energy_depleted,0.01,0.7
2046,-106.0,100,False,14,0,0,26,,energy_depleted,0.01,0.7
2047,-70.0,100,False,5,0,0,26,,energy_depleted,0.01,0.7
2048,-70.0,100,False,5,0,0,26,,energy_depleted,0.01,0.7
2049,-58.0,100,False,2,0,0,26,,energy_depleted,0.01,0.7
2050,-82.0,100,False,8,0,0,26,,energy_depleted,0.01,0.7
2051,-116.0,100,False,14,1,0,26,,energy_depleted,0.01,0.7
2052,-86.0,100,False,9,0,0,26,,energy_depleted,0.01,0.7
2053,-74.0,100,False,6,0,0,26,,energy_depleted,0.01,0.7
2054,-54.0,100,False,1,0,0,26,,energy_depleted,0.01,0.7
2055,-58.0,100,False,2,0,0,26,,energy_depleted,0.01,0.7
2056,-104.0,100,False,11,1,0,26,,energy_depleted,0.01,0.7
2057,-78.0,100,False,7,0,0,26,,energy_depleted,0.01,0.7
2058,-70.0,100,False,5,0,0,26,,energy_depleted,0.01,0.7
2059,-106.0,100,False,14,0,0,26,,energy_depleted,0.01,0.7
2060,-86.0,100,False,9,0,0,26,,energy_depleted,0.01,0.7
2061,-66.0,100,False,4,0,0,26,,energy_depleted,0.01,0.7
2062,-62.0,100,False,3,0,0,26,,energy_depleted,0.01,0.7
2063,-108.0,100,False,12,1,0,26,,energy_depleted,0.01,0.7
2064,-86.0,100,False,4,2,0,26,,energy_depleted,0.01,0.7
2065,-62.0,100,False,3,0,0,26,,energy_depleted,0.01,0.7
2066,-66.0,100,False,4,0,0,26,,energy_depleted,0.01,0.7
2067,-74.0,100,False,6,0,0,26,,energy_depleted,0.01,0.7
2068,-162.0,100,False,23,2,0,26,,energy_depleted,0.01,0.7
2069,-82.0,100,False,8,0,0,26,,energy_depleted,0.01,0.7
2070,-118.0,100,False,17,0,0,26,,energy_depleted,0.01,0.7
2071,-62.0,100,False,3,0,0,26,,energy_depleted,0.01,0.7
2072,-62.0,100,False,3,0,0,26,,energy_depleted,0.01,0.7
2073,-66.0,100,False,4,0,0,26,,energy_depleted,0.01,0.7
2074,-78.0,100,False,7,0,0,26,,energy_depleted,0.01,0.7
2075,-70.0,100,False,5,0,0,26,,energy_depleted,0.01,0.7
2076,-54.0,100,False,1,0,0,26,,energy_depleted,0.01,0.7
2077,-90.0,100,False,10,0,0,28,,energy_depleted,0.01,0.7
2078,-122.0,100,False,13,2,0,28,,energy_depleted,0.01,0.7
2079,-74.0,100,False,6,0,0,26,,energy_depleted,0.01,0.7
2080,-82.0,100,False,8,0,0,28,,energy_depleted,0.01,0.7
2081,-86.0,100,False,9,0,0,26,,energy_depleted,0.01,0.7
2082,-62.0,100,False,3,0,0,26,,energy_depleted,0.01,0.7
2083,-84.0,100,False,6,1,0,26,,energy_depleted,0.01,0.7
2084,-98.0,100,False,12,0,0,26,,energy_depleted,0.01,0.7
2085,-76.0,100,False,4,1,0,26,,energy_depleted,0.01,0.7
2086,-62.0,100,False,3,0,0,26,,energy_depleted,0.01,0.7
2087,-66.0,100,False,4,0,0,26,,energy_depleted,0.01,0.7
2088,-90.0,100,False,10,0,0,26,,energy_depleted,0.01,0.7
2089,-90.0,100,False,10,0,0,26,,energy_depleted,0.01,0.7
2090,-58.0,100,False,2,0,0,26,,energy_depleted,0.01,0.7
2091,-74.0,100,False,6,0,0,26,,energy_depleted,0.01,0.7
2092,-58.0,100,False,2,0,0,26,,energy_depleted,0.01,0.7
2093,-78.0,100,False,7,0,0,26,,energy_depleted,0.01,0.7
2094,-66.0,100,False,4,0,0,26,,energy_depleted,0.01,0.7
2095,-96.0,100,False,9,1,0,26,,energy_depleted,0.01,0.7
2096,-76.0,100,False,4,1,0,29,,energy_depleted,0.01,0.7
2097,-104.0,100,False,11,1,0,26,,energy_depleted,0.01,0.7
2098,-102.0,100,False,13,0,0,26,,energy_depleted,0.01,0.7
2099,-90.0,100,False,10,0,0,26,,energy_depleted,0.01,0.7
2100,-90.0,100,False,10,0,0,26,,energy_depleted,0.01,0.7
2101,-88.0,100,False,7,1,0,26,,energy_depleted,0.01,0.7
2102,-94.0,100,False,11,0,0,26,,energy_depleted,0.01,0.7
2103,-66.0,100,False,4,0,0,26,,energy_depleted,0.01,0.7
2104,-66.0,100,False,4,0,0,26,,energy_depleted,0.01,0.7
2105,-66.0,100,False,4,0,0,26,,energy_depleted,0.01,0.7
2106,-66.0,100,False,4,0,0,26,,energy_depleted,0.01,0.7
2107,-82.0,100,False,8,0,0,26,,energy_depleted,0.01,0.7
2108,-98.0,100,False,12,0,0,23,,energy_depleted,0.01,0.7
2109,-58.0,100,False,2,0,0,26,,energy_depleted,0.01,0.7
2110,-74.0,100,False,6,0,0,26,,energy_depleted,0.01,0.7
2111,-74.0,100,False,6,0,0,26,,energy_depleted,0.01,0.7
2112,-166.0,100,False,9,8,0,26,,energy_depleted,0.01,0.7
2113,-94.0,100,False,6,2,0,26,,energy_depleted,0.01,0.7
2114,-98.0,100,False,7,2,0,28,,energy_depleted,0.01,0.7
2115,-98.0,100,False,12,0,0,26,,energy_depleted,0.01,0.7
2116,-62.0,100,False,3,0,0,26,,energy_depleted,0.01,0.7
2117,-62.0,100,False,3,0,0,28,,energy_depleted,0.01,0.7
2118,-74.0,100,False,6,0,0,26,,energy_depleted,0.01,0.7
2119,-170.0,100,False,30,0,0,26,,energy_depleted,0.01,0.7
2120,-66.0,100,False,4,0,0,26,,energy_depleted,0.01,0.7
2121,-70.0,100,False,5,0,0,26,,energy_depleted,0.01,0.7
2122,-66.0,100,False,4,0,0,26,,energy_depleted,0.01,0.7
2123,-120.0,100,False,10,3,0,26,,energy_depleted,0.01,0.7
2124,-84.0,100,False,6,1,0,26,,energy_depleted,0.01,0.7
2125,-72.0,100,False,3,1,0,26,,energy_depleted,0.01,0.7
2126,-58.0,100,False,2,0,0,26,,energy_depleted,0.01,0.7
2127,-68.0,100,False,2,1,0,26,,energy_depleted,0.01,0.7
2128,-68.0,100,False,2,1,0,28,,energy_depleted,0.01,0.7
2129,-92.0,100,False,8,1,0,26,,energy_depleted,0.01,0.7
2130,-58.0,100,False,2,0,0,26,,energy_depleted,0.01,0.7
2131,-78.0,100,False,7,0,0,26,,energy_depleted,0.01,0.7
2132,-78.0,100,False,7,0,0,28,,energy_depleted,0.01,0.7
2133,-124.0,100,False,11,3,0,26,,energy_depleted,0.01,0.7
2134,-90.0,100,False,10,0,0,26,,energy_depleted,0.01,0.7
2135,-78.0,100,False,7,0,0,26,,energy_depleted,0.01,0.7
2136,-62.0,100,False,3,0,0,26,,energy_depleted,0.01,0.7
2137,-90.0,100,False,10,0,0,26,,energy_depleted,0.01,0.7
2138,-70.0,100,False,5,0,0,26,,energy_depleted,0.01,0.7
2139,-66.0,100,False,4,0,0,26,,energy_depleted,0.01,0.7
2140,-62.0,100,False,3,0,0,26,,energy_depleted,0.01,0.7
2141,-82.0,100,False,8,0,0,26,,energy_depleted,0.01,0.7
2142,-70.0,100,False,5,0,0,26,,energy_depleted,0.01,0.7
2143,-96.0,100,False,9,1,0,26,,energy_depleted,0.01,0.7
2144,-70.0,100,False,5,0,0,26,,energy_depleted,0.01,0.7
2145,-62.0,100,False,3,0,0,26,,energy_depleted,0.01,0.7
2146,-110.0,100,False,10,2,0,26,,energy_depleted,0.01,0.7
2147,-70.0,100,False,5,0,0,26,,energy_depleted,0.01,0.7
2148,-70.0,100,False,5,0,0,26,,energy_depleted,0.01,0.7
2149,-102.0,100,False,8,2,0,26,,energy_depleted,0.01,0.7
2150,-158.0,100,False,22,2,0,26,,energy_depleted,0.01,0.7
2151,-108.0,100,False,12,1,0,26,,energy_depleted,0.01,0.7
2152,-74.0,100,False,6,0,0,26,,energy_depleted,0.01,0.7
2153,-62.0,100,False,3,0,0,26,,energy_depleted,0.01,0.7
2154,-62.0,100,False,3,0,0,26,,energy_depleted,0.01,0.7
2155,-86.0,100,False,9,0,0,26,,energy_depleted,0.01,0.7
2156,-78.0,100,False,7,0,0,26,,energy_depleted,0.01,0.7
2157,-62.0,100,False,3,0,0,26,,energy_depleted,0.01,0.7
2158,-66.0,100,False,4,0,0,26,,energy_depleted,0.01,0.7
2159,-62.0,100,False,3,0,0,26,,energy_depleted,0.01,0.7
2160,-76.0,100,False,4,1,0,26,,energy_depleted,0.01,0.7
2161,-118.0,100,False,2,6,0,26,,energy_depleted,0.01,0.7
2162,-54.0,100,False,1,0,0,26,,energy_depleted,0.01,0.7
2163,-58.0,100,False,2,0,0,26,,energy_depleted,0.01,0.7
2164,-54.0,100,False,1,0,0,26,,energy_depleted,0.01,0.7
2165,-108.0,100,False,2,5,0,26,,energy_depleted,0.01,0.7
2166,-66.0,100,False,4,0,0,26,,energy_depleted,0.01,0.7
2167,-62.0,100,False,3,0,0,26,,energy_depleted,0.01,0.7
2168,-78.0,100,False,7,0,0,26,,energy_depleted,0.01,0.7
2169,-102.0,100,False,13,0,0,26,,energy_depleted,0.01,0.7
2170,-114.0,100,False,16,0,0,26,,energy_depleted,0.01,0.7
2171,-104.0,100,False,6,3,0,26,,energy_depleted,0.01,0.7
2172,-62.0,100,False,3,0,0,28,,energy_depleted,0.01,0.7
2173,-82.0,100,False,8,0,0,26,,energy_depleted,0.01,0.7
2174,-86.0,100,False,4,2,0,26,,energy_depleted,0.01,0.7
2175,-78.0,100,False,7,0,0,26,,energy_depleted,0.01,0.7
2176,-84.0,100,False,6,1,0,26,,energy_depleted,0.01,0.7
2177,-78.0,100,False,7,0,0,26,,energy_depleted,0.01,0.7
2178,-70.0,100,False,5,0,0,26,,energy_depleted,0.01,0.7
2179,-86.0,100,False,9,0,0,26,,energy_depleted,0.01,0.7
2180,-66.0,100,False,4,0,0,26,,energy_depleted,0.01,0.7
2181,-74.0,100,False,6,0,0,26,,energy_depleted,0.01,0.7
2182,-62.0,100,False,3,0,0,26,,energy_depleted,0.01,0.7
2183,-62.0,100,False,3,0,0,26,,energy_depleted,0.01,0.7
2184,-76.0,100,False,4,1,0,26,,energy_depleted,0.01,0.7
2185,-110.0,100,False,15,0,0,26,,energy_depleted,0.01,0.7
2186,-66.0,100,False,4,0,0,28,,energy_depleted,0.01,0.7
2187,-90.0,100,False,10,0,0,26,,energy_depleted,0.01,0.7
2188,-98.0,100,False,12,0,0,26,,energy_depleted,0.01,0.7
2189,-82.0,100,False,8,0,0,26,,energy_depleted,0.01,0.7
2190,-88.0,100,False,7,1,0,26,,energy_depleted,0.01,0.7
2191,-74.0,100,False,6,0,0,26,,energy_depleted,0.01,0.7
2192,-76.0,100,False,4,1,0,26,,energy_depleted,0.01,0.7
2193,-70.0,100,False,5,0,0,26,,energy_depleted,0.01,0.7
2194,-100.0,100,False,10,1,0,26,,energy_depleted,0.01,0.7
2195,-62.0,100,False,3,0,0,28,,energy_depleted,0.01,0.7
2196,-62.0,100,False,3,0,0,26,,energy_depleted,0.01,0.7
2197,-58.0,100,False,2,0,0,26,,energy_depleted,0.01,0.7
2198,-84.0,100,False,6,1,0,26,,energy_depleted,0.01,0.7
2199,-96.0,100,False,4,3,0,26,,energy_depleted,0.01,0.7
2200,-106.0,100,False,4,4,0,26,,energy_depleted,0.01,0.7
2201,-86.0,100,False,9,0,0,26,,energy_depleted,0.01,0.7
2202,-114.0,100,False,1,6,0,26,,energy_depleted,0.01,0.7
2203,-78.0,100,False,7,0,0,26,,energy_depleted,0.01,0.7
2204,-66.0,100,False,4,0,0,26,,energy_depleted,0.01,0.7
2205,-96.0,100,False,4,3,0,26,,energy_depleted,0.01,0.7
2206,-74.0,100,False,6,0,0,26,,energy_depleted,0.01,0.7
2207,-54.0,100,False,1,0,0,26,,energy_depleted,0.01,0.7
2208,-100.0,100,False,10,1,0,26,,energy_depleted,0.01,0.7
2209,-58.0,100,False,2,0,0,26,,energy_depleted,0.01,0.7
2210,-148.0,100,False,2,9,0,26,,energy_depleted,0.01,0.7
2211,-70.0,100,False,5,0,0,26,,energy_depleted,0.01,0.7
2212,-86.0,100,False,9,0,0,26,,energy_depleted,0.01,0.7
2213,-94.0,100,False,11,0,0,26,,energy_depleted,0.01,0.7
2214,-104.0,100,False,11,1,0,26,,energy_depleted,0.01,0.7
2215,-112.0,100,False,13,1,0,26,,energy_depleted,0.01,0.7
2216,-66.0,100,False,4,0,0,26,,energy_depleted,0.01,0.7
2217,-60.0,100,False,0,1,0,26,,energy_depleted,0.01,0.7
2218,-106.0,100,False,14,0,0,26,,energy_depleted,0.01,0.7
2219,-54.0,100,False,1,0,0,26,,energy_depleted,0.01,0.7
2220,-80.0,100,False,5,1,0,28,,energy_depleted,0.01,0.7
2221,-74.0,100,False,6,0,0,26,,energy_depleted,0.01,0.7
2222,-90.0,100,False,10,0,0,26,,energy_depleted,0.01,0.7
2223,-74.0,100,False,6,0,0,26,,energy_depleted,0.01,0.7
2224,-74.0,100,False,6,0,0,23,,energy_depleted,0.01,0.7
2225,-74.0,100,False,6,0,0,26,,energy_depleted,0.01,0.7
2226,-74.0,100,False,6,0,0,26,,energy_depleted,0.01,0.7
2227,-74.0,100,False,6,0,0,26,,energy_depleted,0.01,0.7
2228,-90.0,100,False,10,0,0,26,,energy_depleted,0.01,0.7
2229,-68.0,100,False,2,1,0,26,,energy_depleted,0.01,0.7
2230,-94.0,100,False,11,0,0,26,,energy_depleted,0.01,0.7
2231,-78.0,100,False,7,0,0,26,,energy_depleted,0.01,0.7
2232,-54.0,100,False,1,0,0,26,,energy_depleted,0.01,0.7
2233,-74.0,100,False,6,0,0,26,,energy_depleted,0.01,0.7
2234,-106.0,100,False,4,4,0,26,,energy_depleted,0.01,0.7
2235,-62.0,100,False,3,0,0,26,,energy_depleted,0.01,0.7
2236,-66.0,100,False,4,0,0,26,,energy_depleted,0.01,0.7
2237,-62.0,100,False,3,0,0,26,,energy_depleted,0.01,0.7
2238,-70.0,100,False,5,0,0,26,,energy_depleted,0.01,0.7
2239,-104.0,100,False,11,1,0,26,,energy_depleted,0.01,0.7
2240,-68.0,100,False,2,1,0,26,,energy_depleted,0.01,0.7
2241,-62.0,100,False,3,0,0,26,,energy_depleted,0.01,0.7
2242,-102.0,100,False,13,0,0,26,,energy_depleted,0.01,0.7
2243,-62.0,100,False,3,0,0,26,,energy_depleted,0.01,0.7
2244,-58.0,100,False,2,0,0,26,,energy_depleted,0.01,0.7
2245,-74.0,100,False,6,0,0,26,,energy_depleted,0.01,0.7
2246,-66.0,100,False,4,0,0,29,,energy_depleted,0.01,0.7
2247,-54.0,100,False,1,0,0,26,,energy_depleted,0.01,0.7
2248,-58.0,100,False,2,0,0,26,,energy_depleted,0.01,0.7
2249,-58.0,100,False,2,0,0,26,,energy_depleted,0.01,0.7
2250,-58.0,100,False,2,0,0,26,,energy_depleted,0.01,0.7
2251,-70.0,100,False,5,0,0,26,,energy_depleted,0.01,0.7
2252,-54.0,100,False,1,0,0,26,,energy_depleted,0.01,0.7
2253,-66.0,100,False,4,0,0,26,,energy_depleted,0.01,0.7
2254,-124.0,100,False,6,5,0,26,,energy_depleted,0.01,0.7
2255,-82.0,100,False,8,0,0,26,,energy_depleted,0.01,0.7
2256,-82.0,100,False,8,0,0,26,,energy_depleted,0.01,0.7
2257,-82.0,100,False,8,0,0,26,,energy_depleted,0.01,0.7
2258,-86.0,100,False,9,0,0,26,,energy_depleted,0.01,0.7
2259,-86.0,100,False,4,2,0,26,,energy_depleted,0.01,0.7
2260,-62.0,100,False,3,0,0,26,,energy_depleted,0.01,0.7
2261,-70.0,100,False,5,0,0,26,,energy_depleted,0.01,0.7
2262,-86.0,100,False,9,0,0,26,,energy_depleted,0.01,0.7
2263,-74.0,100,False,6,0,0,26,,energy_depleted,0.01,0.7
2264,-96.0,100,False,9,1,0,26,,energy_depleted,0.01,0.7
2265,-74.0,100,False,6,0,0,26,,energy_depleted,0.01,0.7
2266,-78.0,100,False,7,0,0,26,,energy_depleted,0.01,0.7
2267,-80.0,100,False,5,1,0,26,,energy_depleted,0.01,0.7
2268,-82.0,100,False,8,0,0,28,,energy_depleted,0.01,0.7
2269,-66.0,100,False,4,0,0,26,,energy_depleted,0.01,0.7
2270,-54.0,100,False,1,0,0,26,,energy_depleted,0.01,0.7
2271,-70.0,100,False,5,0,0,26,,energy_depleted,0.01,0.7
2272,-122.0,100,False,8,4,0,26,,energy_depleted,0.01,0.7
2273,-78.0,100,False,7,0,0,26,,energy_depleted,0.01,0.7
2274,-70.0,100,False,5,0,0,26,,energy_depleted,0.01,0.7
2275,-70.0,100,False,5,0,0,26,,energy_depleted,0.01,0.7
2276,-118.0,100,False,12,2,0,26,,energy_depleted,0.01,0.7
2277,-86.0,100,False,9,0,0,26,,energy_depleted,0.01,0.7
2278,-66.0,100,False,4,0,0,26,,energy_depleted,0.01,0.7
2279,-86.0,100,False,9,0,0,26,,energy_depleted,0.01,0.7
2280,-74.0,100,False,6,0,0,26,,energy_depleted,0.01,0.7
2281,-62.0,100,False,3,0,0,26,,energy_depleted,0.01,0.7
2282,-86.0,100,False,9,0,0,26,,energy_depleted,0.01,0.7
2283,-62.0,100,False,3,0,0,26,,energy_depleted,0.01,0.7
2284,-66.0,100,False,4,0,0,26,,energy_depleted,0.01,0.7
2285,-58.0,100,False,2,0,0,26,,energy_depleted,0.01,0.7
2286,-74.0,100,False,6,0,0,26,,energy_depleted,0.01,0.7
2287,-92.0,100,False,8,1,0,28,,energy_depleted,0.01,0.7
2288,-98.0,100,False,12,0,0,26,,energy_depleted,0.01,0.7
2289,-62.0,100,False,3,0,0,26,,energy_depleted,0.01,0.7
2290,-82.0,100,False,8,0,0,26,,energy_depleted,0.01,0.7
2291,-82.0,100,False,3,2,0,28,,energy_depleted,0.01,0.7
2292,-90.0,100,False,10,0,0,26,,energy_depleted,0.01,0.7
2293,-94.0,100,False,6,2,0,26,,energy_depleted,0.01,0.7
2294,-66.0,100,False,4,0,0,26,,energy_depleted,0.01,0.7
2295,-126.0,100,False,19,0,0,26,,energy_depleted,0.01,0.7
2296,-120.0,100,False,15,1,0,26,,energy_depleted,0.01,0.7
2297,-112.0,100,False,13,1,0,26,,energy_depleted,0.01,0.7
2298,-124.0,100,False,11,3,0,26,,energy_depleted,0.01,0.7
2299,-70.0,100,False,5,0,0,26,,energy_depleted,0.01,0.7
2300,-70.0,100,False,5,0,0,26,,energy_depleted,0.01,0.7
2301,-76.0,100,False,4,1,0,26,,energy_depleted,0.01,0.7
2302,-62.0,100,False,3,0,0,26,,energy_depleted,0.01,0.7
2303,-82.0,100,False,8,0,0,29,,energy_depleted,0.01,0.7
2304,-120.0,100,False,15,1,0,26,,energy_depleted,0.01,0.7
2305,-82.0,100,False,8,0,0,26,,energy_depleted,0.01,0.7
2306,-70.0,100,False,5,0,0,26,,energy_depleted,0.01,0.7
2307,-88.0,100,False,7,1,0,26,,energy_depleted,0.01,0.7
2308,-88.0,100,False,7,1,0,26,,energy_depleted,0.01,0.7
2309,-90.0,100,False,10,0,0,26,,energy_depleted,0.01,0.7
2310,-70.0,100,False,5,0,0,26,,energy_depleted,0.01,0.7
2311,-120.0,100,False,5,5,0,26,,energy_depleted,0.01,0.7
2312,-112.0,100,False,13,1,0,26,,energy_depleted,0.01,0.7
2313,-96.0,100,False,9,1,0,26,,energy_depleted,0.01,0.7
2314,-78.0,100,False,7,0,0,26,,energy_depleted,0.01,0.7
2315,-74.0,100,False,6,0,0,26,,energy_depleted,0.01,0.7
2316,-82.0,100,False,8,0,0,26,,energy_depleted,0.01,0.7
2317,-108.0,100,False,12,1,0,26,,energy_depleted,0.01,0.7
2318,-62.0,100,False,3,0,0,26,,energy_depleted,0.01,0.7
2319,-58.0,100,False,2,0,0,26,,energy_depleted,0.01,0.7
2320,-70.0,100,False,5,0,0,26,,energy_depleted,0.01,0.7
2321,-74.0,100,False,6,0,0,26,,energy_depleted,0.01,0.7
2322,-92.0,100,False,8,1,0,26,,energy_depleted,0.01,0.7
2323,-118.0,100,False,17,0,0,26,,energy_depleted,0.01,0.7
2324,-80.0,100,False,5,1,0,26,,energy_depleted,0.01,0.7
2325,-74.0,100,False,6,0,0,26,,energy_depleted,0.01,0.7
2326,-66.0,100,False,4,0,0,28,,energy_depleted,0.01,0.7
2327,-66.0,100,False,4,0,0,26,,energy_depleted,0.01,0.7
2328,-118.0,100,False,12,2,0,26,,energy_depleted,0.01,0.7
2329,-74.0,100,False,6,0,0,26,,energy_depleted,0.01,0.7
2330,-54.0,100,False,1,0,0,26,,energy_depleted,0.01,0.7
2331,-70.0,100,False,5,0,0,26,,energy_depleted,0.01,0.7
2332,-58.0,100,False,2,0,0,26,,energy_depleted,0.01,0.7
2333,-90.0,100,False,5,2,0,26,,energy_depleted,0.01,0.7
2334,-88.0,100,False,7,1,0,26,,energy_depleted,0.01,0.7
2335,-82.0,100,False,8,0,0,26,,energy_depleted,0.01,0.7
2336,-74.0,100,False,6,0,0,26,,energy_depleted,0.01,0.7
2337,-116.0,100,False,14,1,0,29,,energy_depleted,0.01,0.7
2338,-62.0,100,False,3,0,0,26,,energy_depleted,0.01,0.7
2339,-70.0,100,False,5,0,0,26,,energy_depleted,0.01,0.7
2340,-78.0,100,False,2,2,0,26,,energy_depleted,0.01,0.7
2341,-186.0,100,False,29,2,0,26,,energy_depleted,0.01,0.7
2342,-84.0,100,False,6,1,0,26,,energy_depleted,0.01,0.7
2343,-90.0,100,False,10,0,0,26,,energy_depleted,0.01,0.7
2344,-54.0,100,False,1,0,0,26,,energy_depleted,0.01,0.7
2345,-58.0,100,False,2,0,0,26,,energy_depleted,0.01,0.7
2346,-76.0,100,False,4,1,0,26,,energy_depleted,0.01,0.7
2347,-98.0,100,False,7,2,0,26,,energy_depleted,0.01,0.7
2348,-78.0,100,False,7,0,0,26,,energy_depleted,0.01,0.7
2349,-58.0,100,False,2,0,0,26,,energy_depleted,0.01,0.7
2350,-82.0,100,False,8,0,0,26,,energy_depleted,0.01,0.7
2351,-102.0,100,False,13,0,0,26,,energy_depleted,0.01,0.7
2352,-66.0,100,False,4,0,0,26,,energy_depleted,0.01,0.7
2353,-94.0,100,False,11,0,0,26,,energy_depleted,0.01,0.7
2354,-88.0,100,False,7,1,0,26,,energy_depleted,0.01,0.7
2355,-70.0,100,False,5,0,0,26,,energy_depleted,0.01,0.7
2356,-120.0,100,False,10,3,0,26,,energy_depleted,0.01,0.7
2357,-90.0,100,False,10,0,0,26,,energy_depleted,0.01,0.7
2358,-70.0,100,False,5,0,0,26,,energy_depleted,0.01,0.7
2359,-62.0,100,False,3,0,0,26,,energy_depleted,0.01,0.7
2360,-74.0,100,False,6,0,0,26,,energy_depleted,0.01,0.7
2361,-130.0,100,False,10,4,0,26,,energy_depleted,0.01,0.7
2362,-82.0,100,False,8,0,0,26,,energy_depleted,0.01,0.7
2363,-98.0,100,False,7,2,0,26,,energy_depleted,0.01,0.7
2364,-54.0,100,False,1,0,0,26,,energy_depleted,0.01,0.7
2365,-66.0,100,False,4,0,0,26,,energy_depleted,0.01,0.7
2366,-82.0,100,False,8,0,0,26,,energy_depleted,0.01,0.7
2367,-86.0,100,False,9,0,0,26,,energy_depleted,0.01,0.7
2368,-76.0,100,False,4,1,0,26,,energy_depleted,0.01,0.7
2369,-66.0,100,False,4,0,0,26,,energy_depleted,0.01,0.7
2370,-100.0,100,False,5,3,0,26,,energy_depleted,0.01,0.7
2371,-78.0,100,False,7,0,0,26,,energy_depleted,0.01,0.7
2372,-70.0,100,False,5,0,0,26,,energy_depleted,0.01,0.7
2373,-102.0,100,False,13,0,0,26,,energy_depleted,0.01,0.7
2374,-70.0,100,False,5,0,0,26,,energy_depleted,0.01,0.7
2375,-62.0,100,False,3,0,0,26,,energy_depleted,0.01,0.7
2376,-70.0,100,False,5,0,0,26,,energy_depleted,0.01,0.7
2377,-70.0,100,False,5,0,0,26,,energy_depleted,0.01,0.7
2378,-78.0,100,False,7,0,0,26,,energy_depleted,0.01,0.7
2379,-62.0,100,False,3,0,0,26,,energy_depleted,0.01,0.7
2380,-114.0,100,False,6,4,0,26,,energy_depleted,0.01,0.7
2381,-94.0,100,False,11,0,0,26,,energy_depleted,0.01,0.7
2382,-86.0,100,False,9,0,0,26,,energy_depleted,0.01,0.7
2383,-70.0,100,False,5,0,0,26,,energy_depleted,0.01,0.7
2384,-66.0,100,False,4,0,0,26,,energy_depleted,0.01,0.7
2385,-62.0,100,False,3,0,0,26,,energy_depleted,0.01,0.7
2386,-94.0,100,False,11,0,0,26,,energy_depleted,0.01,0.7
2387,-90.0,100,False,10,0,0,26,,energy_depleted,0.01,0.7
2388,-110.0,100,False,10,2,0,26,,energy_depleted,0.01,0.7
2389,-66.0,100,False,4,0,0,26,,energy_depleted,0.01,0.7
2390,-62.0,100,False,3,0,0,26,,energy_depleted,0.01,0.7
2391,-62.0,100,False,3,0,0,26,,energy_depleted,0.01,0.7
2392,-70.0,100,False,5,0,0,26,,energy_depleted,0.01,0.7
2393,-74.0,100,False,6,0,0,26,,energy_depleted,0.01,0.7
2394,-62.0,100,False,3,0,0,26,,energy_depleted,0.01,0.7
2395,-66.0,100,False,4,0,0,26,,energy_depleted,0.01,0.7
2396,-78.0,100,False,7,0,0,26,,energy_depleted,0.01,0.7
2397,-90.0,100,False,10,0,0,26,,energy_depleted,0.01,0.7
2398,-78.0,100,False,7,0,0,26,,energy_depleted,0.01,0.7
2399,-78.0,100,False,7,0,0,26,,energy_depleted,0.01,0.7
2400,-86.0,100,False,9,0,0,26,,energy_depleted,0.01,0.7
2401,-70.0,100,False,5,0,0,26,,energy_depleted,0.01,0.7
2402,-70.0,100,False,5,0,0,28,,energy_depleted,0.01,0.7
2403,-54.0,100,False,1,0,0,26,,energy_depleted,0.01,0.7
2404,-66.0,100,False,4,0,0,26,,energy_depleted,0.01,0.7
2405,-82.0,100,False,8,0,0,26,,energy_depleted,0.01,0.7
2406,-54.0,100,False,1,0,0,26,,energy_depleted,0.01,0.7
2407,-62.0,100,False,3,0,0,26,,energy_depleted,0.01,0.7
2408,-118.0,100,False,17,0,0,26,,energy_depleted,0.01,0.7
2409,-70.0,100,False,5,0,0,26,,energy_depleted,0.01,0.7
2410,-72.0,100,False,3,1,0,26,,energy_depleted,0.01,0.7
2411,-120.0,100,False,15,1,0,26,,energy_depleted,0.01,0.7
2412,-80.0,100,False,5,1,0,26,,energy_depleted,0.01,0.7
2413,-98.0,100,False,12,0,0,26,,energy_depleted,0.01,0.7
2414,-72.0,100,False,3,1,0,26,,energy_depleted,0.01,0.7
2415,-58.0,100,False,2,0,0,26,,energy_depleted,0.01,0.7
2416,-70.0,100,False,5,0,0,26,,energy_depleted,0.01,0.7
2417,-66.0,100,False,4,0,0,26,,energy_depleted,0.01,0.7
2418,-134.0,100,False,21,0,0,23,,energy_depleted,0.01,0.7
2419,-82.0,100,False,8,0,0,26,,energy_depleted,0.01,0.7
2420,-90.0,100,False,10,0,0,26,,energy_depleted,0.01,0.7
2421,-58.0,100,False,2,0,0,26,,energy_depleted,0.01,0.7
2422,-66.0,100,False,4,0,0,26,,energy_depleted,0.01,0.7
2423,-110.0,100,False,15,0,0,26,,energy_depleted,0.01,0.7
2424,-62.0,100,False,3,0,0,26,,energy_depleted,0.01,0.7
2425,-78.0,100,False,7,0,0,26,,energy_depleted,0.01,0.7
2426,-66.0,100,False,4,0,0,26,,energy_depleted,0.01,0.7
2427,-74.0,100,False,6,0,0,26,,energy_depleted,0.01,0.7
2428,-58.0,100,False,2,0,0,26,,energy_depleted,0.01,0.7
2429,-88.0,100,False,7,1,0,26,,energy_depleted,0.01,0.7
2430,-80.0,100,False,5,1,0,26,,energy_depleted,0.01,0.7
2431,-86.0,100,False,9,0,0,26,,energy_depleted,0.01,0.7
2432,-118.0,100,False,17,0,0,26,,energy_depleted,0.01,0.7
2433,-70.0,100,False,5,0,0,26,,energy_depleted,0.01,0.7
2434,-74.0,100,False,6,0,0,26,,energy_depleted,0.01,0.7
2435,-68.0,100,False,2,1,0,26,,energy_depleted,0.01,0.7
2436,-134.0,100,False,21,0,0,28,,energy_depleted,0.01,0.7
2437,-90.0,100,False,10,0,0,26,,energy_depleted,0.01,0.7
2438,-62.0,100,False,3,0,0,26,,energy_depleted,0.01,0.7
2439,-70.0,100,False,5,0,0,26,,energy_depleted,0.01,0.7
2440,-70.0,100,False,5,0,0,26,,energy_depleted,0.01,0.7
2441,-66.0,100,False,4,0,0,26,,energy_depleted,0.01,0.7
2442,-62.0,100,False,3,0,0,26,,energy_depleted,0.01,0.7
2443,-74.0,100,False,6,0,0,26,,energy_depleted,0.01,0.7
2444,-86.0,100,False,9,0,0,26,,energy_depleted,0.01,0.7
2445,-66.0,100,False,4,0,0,26,,energy_depleted,0.01,0.7
2446,-82.0,100,False,8,0,0,26,,energy_depleted,0.01,0.7
2447,-62.0,100,False,3,0,0,26,,energy_depleted,0.01,0.7
2448,-78.0,100,False,7,0,0,26,,energy_depleted,0.01,0.7
2449,-88.0,100,False,7,1,0,26,,energy_depleted,0.01,0.7
2450,-78.0,100,False,7,0,0,28,,energy_depleted,0.01,0.7
2451,-70.0,100,False,5,0,0,26,,energy_depleted,0.01,0.7
2452,-78.0,100,False,7,0,0,26,,energy_depleted,0.01,0.7
2453,-70.0,100,False,5,0,0,26,,energy_depleted,0.01,0.7
2454,-78.0,100,False,7,0,0,26,,energy_depleted,0.01,0.7
2455,-70.0,100,False,5,0,0,26,,energy_depleted,0.01,0.7
2456,-92.0,100,False,8,1,0,26,,energy_depleted,0.01,0.7
2457,-58.0,100,False,2,0,0,26,,energy_depleted,0.01,0.7
2458,-62.0,100,False,3,0,0,26,,energy_depleted,0.01,0.7
2459,-66.0,100,False,4,0,0,26,,energy_depleted,0.01,0.7
2460,-70.0,100,False,5,0,0,26,,energy_depleted,0.01,0.7
2461,-72.0,100,False,3,1,0,26,,energy_depleted,0.01,0.7
2462,-92.0,100,False,3,3,0,26,,energy_depleted,0.01,0.7
2463,-88.0,100,False,7,1,0,26,,energy_depleted,0.01,0.7
2464,-66.0,100,False,4,0,0,26,,energy_depleted,0.01,0.7
2465,-90.0,100,False,10,0,0,26,,energy_depleted,0.01,0.7
2466,-78.0,100,False,7,0,0,26,,energy_depleted,0.01,0.7
2467,-70.0,100,False,5,0,0,26,,energy_depleted,0.01,0.7
2468,-66.0,100,False,4,0,0,26,,energy_depleted,0.01,0.7
2469,-62.0,100,False,3,0,0,26,,energy_depleted,0.01,0.7
2470,-58.0,100,False,2,0,0,26,,energy_depleted,0.01,0.7
2471,-112.0,100,False,13,1,0,26,,energy_depleted,0.01,0.7
2472,-98.0,100,False,12,0,0,26,,energy_depleted,0.01,0.7
2473,-86.0,100,False,9,0,0,26,,energy_depleted,0.01,0.7
2474,-78.0,100,False,7,0,0,26,,energy_depleted,0.01,0.7
2475,-76.0,100,False,4,1,0,26,,energy_depleted,0.01,0.7
2476,-82.0,100,False,8,0,0,26,,energy_depleted,0.01,0.7
2477,-110.0,100,False,10,2,0,26,,energy_depleted,0.01,0.7
2478,-84.0,100,False,6,1,0,26,,energy_depleted,0.01,0.7
2479,-86.0,100,False,9,0,0,26,,energy_depleted,0.01,0.7
2480,-70.0,100,False,5,0,0,28,,energy_depleted,0.01,0.7
2481,-74.0,100,False,6,0,0,26,,energy_depleted,0.01,0.7
2482,-64.0,100,False,1,1,0,26,,energy_depleted,0.01,0.7
2483,-78.0,100,False,7,0,0,26,,energy_depleted,0.01,0.7
2484,-82.0,100,False,8,0,0,26,,energy_depleted,0.01,0.7
2485,-106.0,100,False,14,0,0,26,,energy_depleted,0.01,0.7
2486,-70.0,100,False,5,0,0,26,,energy_depleted,0.01,0.7
2487,-74.0,100,False,6,0,0,26,,energy_depleted,0.01,0.7
2488,-50.0,100,False,0,0,0,26,,energy_depleted,0.01,0.7
2489,-90.0,100,False,10,0,0,26,,energy_depleted,0.01,0.7
2490,-86.0,100,False,9,0,0,26,,energy_depleted,0.01,0.7
2491,-62.0,100,False,3,0,0,26,,energy_depleted,0.01,0.7
2492,-90.0,100,False,10,0,0,26,,energy_depleted,0.01,0.7
2493,-94.0,100,False,11,0,0,26,,energy_depleted,0.01,0.7
2494,-78.0,100,False,7,0,0,26,,energy_depleted,0.01,0.7
2495,-70.0,100,False,5,0,0,26,,energy_depleted,0.01,0.7
2496,-54.0,100,False,1,0,0,26,,energy_depleted,0.01,0.7
2497,-128.0,100,False,12,3,0,29,,energy_depleted,0.01,0.7
2498,-68.0,100,False,2,1,0,26,,energy_depleted,0.01,0.7
2499,-70.0,100,False,5,0,0,26,,energy_depleted,0.01,0.7
2500,-132.0,100,False,18,1,0,26,,energy_depleted,0.01,0.7
2501,-78.0,100,False,7,0,0,26,,energy_depleted,0.01,0.7
2502,-62.0,100,False,3,0,0,26,,energy_depleted,0.01,0.7
2503,-74.0,100,False,6,0,0,26,,energy_depleted,0.01,0.7
2504,-58.0,100,False,2,0,0,26,,energy_depleted,0.01,0.7
2505,-78.0,100,False,7,0,0,26,,energy_depleted,0.01,0.7
2506,-66.0,100,False,4,0,0,26,,energy_depleted,0.01,0.7
2507,-86.0,100,False,9,0,0,26,,energy_depleted,0.01,0.7
2508,-70.0,100,False,5,0,0,26,,energy_depleted,0.01,0.7
2509,-74.0,100,False,6,0,0,26,,energy_depleted,0.01,0.7
2510,-82.0,100,False,8,0,0,28,,energy_depleted,0.01,0.7
2511,-70.0,100,False,5,0,0,26,,energy_depleted,0.01,0.7
2512,-70.0,100,False,5,0,0,26,,energy_depleted,0.01,0.7
2513,-66.0,100,False,4,0,0,26,,energy_depleted,0.01,0.7
2514,-82.0,100,False,8,0,0,26,,energy_depleted,0.01,0.7
2515,-70.0,100,False,5,0,0,26,,energy_depleted,0.01,0.7
2516,-76.0,100,False,4,1,0,26,,energy_depleted,0.01,0.7
2517,-70.0,100,False,5,0,0,26,,energy_depleted,0.01,0.7
2518,-58.0,100,False,2,0,0,26,,energy_depleted,0.01,0.7
2519,-78.0,100,False,7,0,0,26,,energy_depleted,0.01,0.7
2520,-92.0,100,False,3,3,0,26,,energy_depleted,0.01,0.7
2521,-92.0,100,False,8,1,0,28,,energy_depleted,0.01,0.7
2522,-78.0,100,False,7,0,0,26,,energy_depleted,0.01,0.7
2523,-74.0,100,False,6,0,0,26,,energy_depleted,0.01,0.7
2524,-90.0,100,False,10,0,0,26,,energy_depleted,0.01,0.7
2525,-62.0,100,False,3,0,0,26,,energy_depleted,0.01,0.7
2526,-66.0,100,False,4,0,0,26,,energy_depleted,0.01,0.7
2527,-86.0,100,False,9,0,0,26,,energy_depleted,0.01,0.7
2528,-78.0,100,False,7,0,0,28,,energy_depleted,0.01,0.7
2529,-66.0,100,False,4,0,0,26,,energy_depleted,0.01,0.7
2530,-74.0,100,False,6,0,0,26,,energy_depleted,0.01,0.7
2531,-98.0,100,False,12,0,0,23,,energy_depleted,0.01,0.7
2532,-70.0,100,False,5,0,0,26,,energy_depleted,0.01,0.7
2533,-78.0,100,False,7,0,0,26,,energy_depleted,0.01,0.7
2534,-86.0,100,False,9,0,0,26,,energy_depleted,0.01,0.7
2535,-66.0,100,False,4,0,0,26,,energy_depleted,0.01,0.7
2536,-58.0,100,False,2,0,0,26,,energy_depleted,0.01,0.7
2537,-66.0,100,False,4,0,0,26,,energy_depleted,0.01,0.7
2538,-82.0,100,False,8,0,0,26,,energy_depleted,0.01,0.7
2539,-98.0,100,False,12,0,0,26,,energy_depleted,0.01,0.7
2540,-76.0,100,False,4,1,0,26,,energy_depleted,0.01,0.7
2541,-94.0,100,False,11,0,0,26,,energy_depleted,0.01,0.7
2542,-70.0,100,False,5,0,0,26,,energy_depleted,0.01,0.7
2543,-68.0,100,False,2,1,0,26,,energy_depleted,0.01,0.7
2544,-70.0,100,False,5,0,0,26,,energy_depleted,0.01,0.7
2545,-62.0,100,False,3,0,0,26,,energy_depleted,0.01,0.7
2546,-92.0,100,False,8,1,0,26,,energy_depleted,0.01,0.7
2547,-78.0,100,False,7,0,0,26,,energy_depleted,0.01,0.7
2548,-74.0,100,False,6,0,0,26,,energy_depleted,0.01,0.7
2549,-54.0,100,False,1,0,0,26,,energy_depleted,0.01,0.7
2550,-58.0,100,False,2,0,0,26,,energy_depleted,0.01,0.7
2551,-66.0,100,False,4,0,0,26,,energy_depleted,0.01,0.7
2552,-54.0,100,False,1,0,0,26,,energy_depleted,0.01,0.7
2553,-74.0,100,False,6,0,0,26,,energy_depleted,0.01,0.7
2554,-78.0,100,False,7,0,0,26,,energy_depleted,0.01,0.7
2555,-66.0,100,False,4,0,0,28,,energy_depleted,0.01,0.7
2556,-78.0,100,False,7,0,0,26,,energy_depleted,0.01,0.7
2557,-102.0,100,False,13,0,0,26,,energy_depleted,0.01,0.7
2558,-106.0,100,False,14,0,0,26,,energy_depleted,0.01,0.7
2559,-98.0,100,False,12,0,0,26,,energy_depleted,0.01,0.7
2560,-86.0,100,False,9,0,0,26,,energy_depleted,0.01,0.7
2561,-70.0,100,False,5,0,0,26,,energy_depleted,0.01,0.7
2562,-64.0,100,False,1,1,0,26,,energy_depleted,0.01,0.7
2563,-74.0,100,False,6,0,0,26,,energy_depleted,0.01,0.7
2564,-104.0,100,False,11,1,0,26,,energy_depleted,0.01,0.7
2565,-98.0,100,False,12,0,0,26,,energy_depleted,0.01,0.7
2566,-160.0,100,False,25,1,0,26,,energy_depleted,0.01,0.7
2567,-68.0,100,False,2,1,0,26,,energy_depleted,0.01,0.7
2568,-58.0,100,False,2,0,0,26,,energy_depleted,0.01,0.7
2569,-86.0,100,False,9,0,0,26,,energy_depleted,0.01,0.7
2570,-74.0,100,False,6,0,0,26,,energy_depleted,0.01,0.7
2571,-70.0,100,False,5,0,0,26,,energy_depleted,0.01,0.7
2572,-70.0,100,False,5,0,0,26,,energy_depleted,0.01,0.7
2573,-90.0,100,False,10,0,0,26,,energy_depleted,0.01,0.7
2574,-130.0,100,False,20,0,0,26,,energy_depleted,0.01,0.7
2575,-86.0,100,False,9,0,0,26,,energy_depleted,0.01,0.7
2576,-82.0,100,False,8,0,0,26,,energy_depleted,0.01,0.7
2577,-82.0,100,False,8,0,0,26,,energy_depleted,0.01,0.7
2578,-120.0,100,False,15,1,0,26,,energy_depleted,0.01,0.7
2579,-66.0,100,False,4,0,0,26,,energy_depleted,0.01,0.7
2580,-70.0,100,False,5,0,0,26,,energy_depleted,0.01,0.7
2581,-78.0,100,False,7,0,0,26,,energy_depleted,0.01,0.7
2582,-74.0,100,False,6,0,0,26,,energy_depleted,0.01,0.7
2583,-86.0,100,False,9,0,0,26,,energy_depleted,0.01,0.7
2584,-70.0,100,False,5,0,0,26,,energy_depleted,0.01,0.7
2585,-78.0,100,False,7,0,0,26,,energy_depleted,0.01,0.7
2586,-82.0,100,False,8,0,0,26,,energy_depleted,0.01,0.7
2587,-66.0,100,False,4,0,0,26,,energy_depleted,0.01,0.7
2588,-94.0,100,False,6,2,0,26,,energy_depleted,0.01,0.7
2589,-90.0,100,False,10,0,0,26,,energy_depleted,0.01,0.7
2590,-62.0,100,False,3,0,0,26,,energy_depleted,0.01,0.7
2591,-70.0,100,False,5,0,0,26,,energy_depleted,0.01,0.7
2592,-78.0,100,False,7,0,0,26,,energy_depleted,0.01,0.7
2593,-62.0,100,False,3,0,0,26,,energy_depleted,0.01,0.7
2594,-86.0,100,False,4,2,0,26,,energy_depleted,0.01,0.7
2595,-74.0,100,False,6,0,0,26,,energy_depleted,0.01,0.7
2596,-82.0,100,False,8,0,0,26,,energy_depleted,0.01,0.7
2597,-74.0,100,False,6,0,0,26,,energy_depleted,0.01,0.7
2598,-66.0,100,False,4,0,0,26,,energy_depleted,0.01,0.7
2599,-66.0,100,False,4,0,0,26,,energy_depleted,0.01,0.7
2600,-62.0,100,False,3,0,0,26,,energy_depleted,0.01,0.7
2601,-88.0,100,False,7,1,0,26,,energy_depleted,0.01,0.7
2602,-66.0,100,False,4,0,0,26,,energy_depleted,0.01,0.7
2603,-74.0,100,False,6,0,0,26,,energy_depleted,0.01,0.7
2604,-66.0,100,False,4,0,0,26,,energy_depleted,0.01,0.7
2605,-74.0,100,False,6,0,0,26,,energy_depleted,0.01,0.7
2606,-94.0,100,False,6,2,0,26,,energy_depleted,0.01,0.7
2607,-110.0,100,False,15,0,0,26,,energy_depleted,0.01,0.7
2608,-78.0,100,False,7,0,0,26,,energy_depleted,0.01,0.7
2609,-86.0,100,False,4,2,0,26,,energy_depleted,0.01,0.7
2610,-82.0,100,False,8,0,0,26,,energy_depleted,0.01,0.7
2611,-70.0,100,False,5,0,0,26,,energy_depleted,0.01,0.7
2612,-74.0,100,False,6,0,0,26,,energy_depleted,0.01,0.7
2613,-74.0,100,False,6,0,0,26,,energy_depleted,0.01,0.7
2614,-58.0,100,False,2,0,0,26,,energy_depleted,0.01,0.7
2615,-62.0,100,False,3,0,0,26,,energy_depleted,0.01,0.7
2616,-66.0,100,False,4,0,0,26,,energy_depleted,0.01,0.7
2617,-114.0,100,False,11,2,0,26,,energy_depleted,0.01,0.7
2618,-82.0,100,False,3,2,0,26,,energy_depleted,0.01,0.7
2619,-104.0,100,False,11,1,0,26,,energy_depleted,0.01,0.7
2620,-82.0,100,False,3,2,0,26,,energy_depleted,0.01,0.7
2621,-66.0,100,False,4,0,0,26,,energy_depleted,0.01,0.7
2622,-94.0,100,False,11,0,0,26,,energy_depleted,0.01,0.7
2623,-58.0,100,False,2,0,0,26,,energy_depleted,0.01,0.7
2624,-94.0,100,False,11,0,0,26,,energy_depleted,0.01,0.7
2625,-76.0,100,False,4,1,0,26,,energy_depleted,0.01,0.7
2626,-112.0,100,False,13,1,0,26,,energy_depleted,0.01,0.7
2627,-62.0,100,False,3,0,0,26,,energy_depleted,0.01,0.7
2628,-66.0,100,False,4,0,0,26,,energy_depleted,0.01,0.7
2629,-54.0,100,False,1,0,0,26,,energy_depleted,0.01,0.7
2630,-142.0,100,False,13,4,0,26,,energy_depleted,0.01,0.7
2631,-66.0,100,False,4,0,0,26,,energy_depleted,0.01,0.7
2632,-92.0,100,False,8,1,0,26,,energy_depleted,0.01,0.7
2633,-62.0,100,False,3,0,0,26,,energy_depleted,0.01,0.7
2634,-78.0,100,False,7,0,0,26,,energy_depleted,0.01,0.7
2635,-54.0,100,False,1,0,0,26,,energy_depleted,0.01,0.7
2636,-82.0,100,False,8,0,0,26,,energy_depleted,0.01,0.7
2637,-50.0,100,False,0,0,0,26,,energy_depleted,0.01,0.7
2638,-66.0,100,False,4,0,0,26,,energy_depleted,0.01,0.7
2639,-106.0,100,False,14,0,0,26,,energy_depleted,0.01,0.7
2640,-80.0,100,False,5,1,0,26,,energy_depleted,0.01,0.7
2641,-78.0,100,False,7,0,0,26,,energy_depleted,0.01,0.7
2642,-168.0,100,False,27,1,0,26,,energy_depleted,0.01,0.7
2643,-58.0,100,False,2,0,0,26,,energy_depleted,0.01,0.7
2644,-78.0,100,False,7,0,0,26,,energy_depleted,0.01,0.7
2645,-90.0,100,False,10,0,0,26,,energy_depleted,0.01,0.7
2646,-58.0,100,False,2,0,0,26,,energy_depleted,0.01,0.7
2647,-70.0,100,False,5,0,0,26,,energy_depleted,0.01,0.7
2648,-186.0,100,False,24,4,0,26,,energy_depleted,0.01,0.7
2649,-84.0,100,False,6,1,0,26,,energy_depleted,0.01,0.7
2650,-66.0,100,False,4,0,0,26,,energy_depleted,0.01,0.7
2651,-88.0,100,False,7,1,0,28,,energy_depleted,0.01,0.7
2652,-110.0,100,False,15,0,0,26,,energy_depleted,0.01,0.7
2653,-82.0,100,False,8,0,0,26,,energy_depleted,0.01,0.7
2654,-110.0,100,False,10,2,0,28,,energy_depleted,0.01,0.7
2655,-82.0,100,False,8,0,0,26,,energy_depleted,0.01,0.7
2656,-78.0,100,False,7,0,0,26,,energy_depleted,0.01,0.7
2657,-58.0,100,False,2,0,0,26,,energy_depleted,0.01,0.7
2658,-102.0,100,False,13,0,0,26,,energy_depleted,0.01,0.7
2659,-66.0,100,False,4,0,0,26,,energy_depleted,0.01,0.7
2660,-66.0,100,False,4,0,0,26,,energy_depleted,0.01,0.7
2661,-66.0,100,False,4,0,0,26,,energy_depleted,0.01,0.7
2662,-94.0,100,False,11,0,0,26,,energy_depleted,0.01,0.7
2663,-82.0,100,False,8,0,0,26,,energy_depleted,0.01,0.7
2664,-94.0,100,False,11,0,0,26,,energy_depleted,0.01,0.7
2665,-58.0,100,False,2,0,0,26,,energy_depleted,0.01,0.7
2666,-98.0,100,False,7,2,0,26,,energy_depleted,0.01,0.7
2667,-86.0,100,False,4,2,0,26,,energy_depleted,0.01,0.7
2668,-84.0,100,False,6,1,0,26,,energy_depleted,0.01,0.7
2669,-66.0,100,False,4,0,0,26,,energy_depleted,0.01,0.7
2670,-112.0,100,False,13,1,0,26,,energy_depleted,0.01,0.7
2671,-90.0,100,False,10,0,0,26,,energy_depleted,0.01,0.7
2672,-106.0,100,False,14,0,0,26,,energy_depleted,0.01,0.7
2673,-70.0,100,False,5,0,0,26,,energy_depleted,0.01,0.7
2674,-62.0,100,False,3,0,0,26,,energy_depleted,0.01,0.7
2675,-82.0,100,False,8,0,0,26,,energy_depleted,0.01,0.7
2676,-86.0,100,False,9,0,0,26,,energy_depleted,0.01,0.7
2677,-78.0,100,False,7,0,0,26,,energy_depleted,0.01,0.7
2678,-82.0,100,False,8,0,0,26,,energy_depleted,0.01,0.7
2679,-92.0,100,False,8,1,0,26,,energy_depleted,0.01,0.7
2680,-74.0,100,False,6,0,0,26,,energy_depleted,0.01,0.7
2681,-88.0,100,False,7,1,0,26,,energy_depleted,0.01,0.7
2682,-106.0,100,False,9,2,0,26,,energy_depleted,0.01,0.7
2683,-86.0,100,False,9,0,0,26,,energy_depleted,0.01,0.7
2684,-130.0,100,False,20,0,0,26,,energy_depleted,0.01,0.7
2685,-62.0,100,False,3,0,0,26,,energy_depleted,0.01,0.7
2686,-62.0,100,False,3,0,0,26,,energy_depleted,0.01,0.7
2687,-86.0,100,False,9,0,0,26,,energy_depleted,0.01,0.7
2688,-124.0,100,False,1,7,0,28,,energy_depleted,0.01,0.7
2689,-66.0,100,False,4,0,0,26,,energy_depleted,0.01,0.7
2690,-62.0,100,False,3,0,0,26,,energy_depleted,0.01,0.7
2691,-74.0,100,False,6,0,0,26,,energy_depleted,0.01,0.7
2692,-90.0,100,False,10,0,0,26,,energy_depleted,0.01,0.7
2693,-70.0,100,False,5,0,0,26,,energy_depleted,0.01,0.7
2694,-94.0,100,False,11,0,0,26,,energy_depleted,0.01,0.7
2695,-62.0,100,False,3,0,0,26,,energy_depleted,0.01,0.7
2696,-74.0,100,False,6,0,0,26,,energy_depleted,0.01,0.7
2697,-70.0,100,False,5,0,0,26,,energy_depleted,0.01,0.7
2698,-86.0,100,False,9,0,0,26,,energy_depleted,0.01,0.7
2699,-78.0,100,False,7,0,0,26,,energy_depleted,0.01,0.7
2700,-74.0,100,False,6,0,0,26,,energy_depleted,0.01,0.7
2701,-100.0,100,False,10,1,0,26,,energy_depleted,0.01,0.7
2702,-86.0,100,False,9,0,0,26,,energy_depleted,0.01,0.7
2703,-66.0,100,False,4,0,0,26,,energy_depleted,0.01,0.7
2704,-66.0,100,False,4,0,0,26,,energy_depleted,0.01,0.7
2705,-110.0,100,False,10,2,0,23,,energy_depleted,0.01,0.7
2706,-70.0,100,False,5,0,0,26,,energy_depleted,0.01,0.7
2707,-66.0,100,False,4,0,0,26,,energy_depleted,0.01,0.7
2708,-94.0,100,False,11,0,0,26,,energy_depleted,0.01,0.7
2709,-58.0,100,False,2,0,0,26,,energy_depleted,0.01,0.7
2710,-82.0,100,False,8,0,0,26,,energy_depleted,0.01,0.7
2711,-82.0,100,False,8,0,0,26,,energy_depleted,0.01,0.7
2712,-70.0,100,False,5,0,0,26,,energy_depleted,0.01,0.7
2713,-82.0,100,False,8,0,0,26,,energy_depleted,0.01,0.7
2714,-78.0,100,False,7,0,0,26,,energy_depleted,0.01,0.7
2715,-86.0,100,False,9,0,0,26,,energy_depleted,0.01,0.7
2716,-70.0,100,False,5,0,0,26,,energy_depleted,0.01,0.7
2717,-122.0,100,False,8,4,0,26,,energy_depleted,0.01,0.7
2718,-82.0,100,False,8,0,0,26,,energy_depleted,0.01,0.7
2719,-98.0,100,False,12,0,0,26,,energy_depleted,0.01,0.7
2720,-54.0,100,False,1,0,0,26,,energy_depleted,0.01,0.7
2721,-96.0,100,False,9,1,0,26,,energy_depleted,0.01,0.7
2722,-82.0,100,False,8,0,0,26,,energy_depleted,0.01,0.7
2723,-66.0,100,False,4,0,0,26,,energy_depleted,0.01,0.7
2724,-70.0,100,False,5,0,0,26,,energy_depleted,0.01,0.7
2725,-54.0,100,False,1,0,0,26,,energy_depleted,0.01,0.7
2726,-54.0,100,False,1,0,0,26,,energy_depleted,0.01,0.7
2727,-70.0,100,False,5,0,0,26,,energy_depleted,0.01,0.7
2728,-98.0,100,False,12,0,0,26,,energy_depleted,0.01,0.7
2729,-70.0,100,False,5,0,0,26,,energy_depleted,0.01,0.7
2730,-70.0,100,False,5,0,0,26,,energy_depleted,0.01,0.7
2731,-50.0,100,False,0,0,0,26,,energy_depleted,0.01,0.7
2732,-70.0,100,False,5,0,0,26,,energy_depleted,0.01,0.7
2733,-70.0,100,False,5,0,0,26,,energy_depleted,0.01,0.7
2734,-78.0,100,False,7,0,0,26,,energy_depleted,0.01,0.7
2735,-74.0,100,False,6,0,0,26,,energy_depleted,0.01,0.7
2736,-70.0,100,False,5,0,0,26,,energy_depleted,0.01,0.7
2737,-68.0,100,False,2,1,0,26,,energy_depleted,0.01,0.7
2738,-120.0,100,False,15,1,0,28,,energy_depleted,0.01,0.7
2739,-78.0,100,False,7,0,0,26,,energy_depleted,0.01,0.7
2740,-58.0,100,False,2,0,0,26,,energy_depleted,0.01,0.7
2741,-94.0,100,False,11,0,0,26,,energy_depleted,0.01,0.7
2742,-76.0,100,False,4,1,0,26,,energy_depleted,0.01,0.7
2743,-82.0,100,False,8,0,0,26,,energy_depleted,0.01,0.7
2744,-66.0,100,False,4,0,0,26,,energy_depleted,0.01,0.7
2745,-58.0,100,False,2,0,0,26,,energy_depleted,0.01,0.7
2746,-58.0,100,False,2,0,0,26,,energy_depleted,0.01,0.7
2747,-66.0,100,False,4,0,0,26,,energy_depleted,0.01,0.7
2748,-66.0,100,False,4,0,0,26,,energy_depleted,0.01,0.7
2749,-58.0,100,False,2,0,0,26,,energy_depleted,0.01,0.7
2750,-74.0,100,False,6,0,0,26,,energy_depleted,0.01,0.7
2751,-82.0,100,False,8,0,0,26,,energy_depleted,0.01,0.7
2752,-70.0,100,False,5,0,0,26,,energy_depleted,0.01,0.7
2753,-82.0,100,False,8,0,0,29,,energy_depleted,0.01,0.7
2754,-150.0,100,False,20,2,0,26,,energy_depleted,0.01,0.7
2755,-58.0,100,False,2,0,0,26,,energy_depleted,0.01,0.7
2756,-66.0,100,False,4,0,0,26,,energy_depleted,0.01,0.7
2757,-58.0,100,False,2,0,0,26,,energy_depleted,0.01,0.7
2758,-66.0,100,False,4,0,0,26,,energy_depleted,0.01,0.7
2759,-72.0,100,False,3,1,0,26,,energy_depleted,0.01,0.7
2760,-62.0,100,False,3,0,0,26,,energy_depleted,0.01,0.7
2761,-74.0,100,False,6,0,0,26,,energy_depleted,0.01,0.7
2762,-66.0,100,False,4,0,0,26,,energy_depleted,0.01,0.7
2763,-58.0,100,False,2,0,0,26,,energy_depleted,0.01,0.7
2764,-82.0,100,False,3,2,0,26,,energy_depleted,0.01,0.7
2765,-58.0,100,False,2,0,0,26,,energy_depleted,0.01,0.7
2766,-62.0,100,False,3,0,0,26,,energy_depleted,0.01,0.7
2767,-70.0,100,False,5,0,0,26,,energy_depleted,0.01,0.7
2768,-50.0,100,False,0,0,0,26,,energy_depleted,0.01,0.7
2769,-58.0,100,False,2,0,0,26,,energy_depleted,0.01,0.7
2770,-78.0,100,False,7,0,0,26,,energy_depleted,0.01,0.7
2771,-90.0,100,False,10,0,0,26,,energy_depleted,0.01,0.7
2772,-58.0,100,False,2,0,0,26,,energy_depleted,0.01,0.7
2773,-86.0,100,False,9,0,0,26,,energy_depleted,0.01,0.7
2774,-70.0,100,False,5,0,0,29,,energy_depleted,0.01,0.7
2775,-74.0,100,False,6,0,0,26,,energy_depleted,0.01,0.7
2776,-78.0,100,False,7,0,0,26,,energy_depleted,0.01,0.7
2777,-78.0,100,False,7,0,0,26,,energy_depleted,0.01,0.7
2778,-78.0,100,False,7,0,0,26,,energy_depleted,0.01,0.7
2779,-80.0,100,False,5,1,0,26,,energy_depleted,0.01,0.7
2780,-70.0,100,False,5,0,0,26,,energy_depleted,0.01,0.7
2781,-106.0,100,False,14,0,0,26,,energy_depleted,0.01,0.7
2782,-74.0,100,False,6,0,0,26,,energy_depleted,0.01,0.7
2783,-54.0,100,False,1,0,0,26,,energy_depleted,0.01,0.7
2784,-66.0,100,False,4,0,0,26,,energy_depleted,0.01,0.7
2785,-62.0,100,False,3,0,0,26,,energy_depleted,0.01,0.7
2786,-78.0,100,False,7,0,0,26,,energy_depleted,0.01,0.7
2787,-72.0,100,False,3,1,0,26,,energy_depleted,0.01,0.7
2788,-58.0,100,False,2,0,0,26,,energy_depleted,0.01,0.7
2789,-90.0,100,False,10,0,0,26,,energy_depleted,0.01,0.7
2790,-66.0,100,False,4,0,0,26,,energy_depleted,0.01,0.7
2791,-98.0,100,False,12,0,0,26,,energy_depleted,0.01,0.7
2792,-72.0,100,False,3,1,0,26,,energy_depleted,0.01,0.7
2793,-62.0,100,False,3,0,0,26,,energy_depleted,0.01,0.7
2794,-86.0,100,False,9,0,0,26,,energy_depleted,0.01,0.7
2795,-74.0,100,False,6,0,0,26,,energy_depleted,0.01,0.7
2796,-66.0,100,False,4,0,0,26,,energy_depleted,0.01,0.7
2797,-74.0,100,False,6,0,0,26,,energy_depleted,0.01,0.7
2798,-90.0,100,False,10,0,0,26,,energy_depleted,0.01,0.7
2799,-66.0,100,False,4,0,0,26,,energy_depleted,0.01,0.7
2800,-62.0,100,False,3,0,0,26,,energy_depleted,0.01,0.7
2801,-116.0,100,False,9,3,0,26,,energy_depleted,0.01,0.7
2802,-62.0,100,False,3,0,0,26,,energy_depleted,0.01,0.7
2803,-100.0,100,False,10,1,0,26,,energy_depleted,0.01,0.7
2804,-92.0,100,False,8,1,0,26,,energy_depleted,0.01,0.7
2805,-62.0,100,False,3,0,0,26,,energy_depleted,0.01,0.7
2806,-62.0,100,False,3,0,0,26,,energy_depleted,0.01,0.7
2807,-66.0,100,False,4,0,0,26,,energy_depleted,0.01,0.7
2808,-74.0,100,False,6,0,0,26,,energy_depleted,0.01,0.7
2809,-62.0,100,False,3,0,0,26,,energy_depleted,0.01,0.7
2810,-70.0,100,False,5,0,0,26,,energy_depleted,0.01,0.7
2811,-74.0,100,False,6,0,0,26,,energy_depleted,0.01,0.7
2812,-66.0,100,False,4,0,0,26,,energy_depleted,0.01,0.7
2813,-70.0,100,False,5,0,0,26,,energy_depleted,0.01,0.7
2814,-66.0,100,False,4,0,0,26,,energy_depleted,0.01,0.7
2815,-86.0,100,False,9,0,0,26,,energy_depleted,0.01,0.7
2816,-82.0,100,False,8,0,0,26,,energy_depleted,0.01,0.7
2817,-70.0,100,False,5,0,0,26,,energy_depleted,0.01,0.7
2818,-106.0,100,False,14,0,0,26,,energy_depleted,0.01,0.7
2819,-86.0,100,False,9,0,0,26,,energy_depleted,0.01,0.7
2820,-74.0,100,False,6,0,0,26,,energy_depleted,0.01,0.7
2821,-138.0,100,False,22,0,0,26,,energy_depleted,0.01,0.7
2822,-62.0,100,False,3,0,0,26,,energy_depleted,0.01,0.7
2823,-78.0,100,False,7,0,0,26,,energy_depleted,0.01,0.7
2824,-70.0,100,False,5,0,0,26,,energy_depleted,0.01,0.7
2825,-122.0,100,False,18,0,0,26,,energy_depleted,0.01,0.7
2826,-62.0,100,False,3,0,0,26,,energy_depleted,0.01,0.7
2827,-108.0,100,False,12,1,0,26,,energy_depleted,0.01,0.7
2828,-78.0,100,False,7,0,0,26,,energy_depleted,0.01,0.7
2829,-96.0,100,False,9,1,0,26,,energy_depleted,0.01,0.7
2830,-66.0,100,False,4,0,0,26,,energy_depleted,0.01,0.7
2831,-66.0,100,False,4,0,0,26,,energy_depleted,0.01,0.7
2832,-82.0,100,False,8,0,0,26,,energy_depleted,0.01,0.7
2833,-78.0,100,False,7,0,0,26,,energy_depleted,0.01,0.7
2834,-78.0,100,False,7,0,0,26,,energy_depleted,0.01,0.7
2835,-72.0,100,False,3,1,0,28,,energy_depleted,0.01,0.7
2836,-66.0,100,False,4,0,0,26,,energy_depleted,0.01,0.7
2837,-58.0,100,False,2,0,0,26,,energy_depleted,0.01,0.7
2838,-78.0,100,False,7,0,0,26,,energy_depleted,0.01,0.7
2839,-74.0,100,False,6,0,0,26,,energy_depleted,0.01,0.7
2840,-102.0,100,False,13,0,0,26,,energy_depleted,0.01,0.7
2841,-102.0,100,False,13,0,0,26,,energy_depleted,0.01,0.7
2842,-72.0,100,False,3,1,0,26,,energy_depleted,0.01,0.7
2843,-102.0,100,False,8,2,0,26,,energy_depleted,0.01,0.7
2844,-66.0,100,False,4,0,0,26,,energy_depleted,0.01,0.7
2845,-58.0,100,False,2,0,0,26,,energy_depleted,0.01,0.7
2846,-74.0,100,False,6,0,0,26,,energy_depleted,0.01,0.7
2847,-62.0,100,False,3,0,0,26,,energy_depleted,0.01,0.7
2848,-58.0,100,False,2,0,0,26,,energy_depleted,0.01,0.7
2849,-122.0,100,False,18,0,0,26,,energy_depleted,0.01,0.7
2850,-66.0,100,False,4,0,0,26,,energy_depleted,0.01,0.7
2851,-70.0,100,False,5,0,0,26,,energy_depleted,0.01,0.7
2852,-82.0,100,False,8,0,0,26,,energy_depleted,0.01,0.7
2853,-66.0,100,False,4,0,0,26,,energy_depleted,0.01,0.7
2854,-62.0,100,False,3,0,0,26,,energy_depleted,0.01,0.7
2855,-96.0,100,False,9,1,0,26,,energy_depleted,0.01,0.7
2856,-112.0,100,False,8,3,0,26,,energy_depleted,0.01,0.7
2857,-72.0,100,False,3,1,0,26,,energy_depleted,0.01,0.7
2858,-116.0,100,False,14,1,0,28,,energy_depleted,0.01,0.7
2859,-98.0,100,False,12,0,0,26,,energy_depleted,0.01,0.7
2860,-66.0,100,False,4,0,0,26,,energy_depleted,0.01,0.7
2861,-84.0,100,False,6,1,0,26,,energy_depleted,0.01,0.7
2862,-90.0,100,False,10,0,0,26,,energy_depleted,0.01,0.7
2863,-82.0,100,False,8,0,0,26,,energy_depleted,0.01,0.7
2864,-86.0,100,False,9,0,0,26,,energy_depleted,0.01,0.7
2865,-72.0,100,False,3,1,0,26,,energy_depleted,0.01,0.7
2866,-62.0,100,False,3,0,0,26,,energy_depleted,0.01,0.7
2867,-62.0,100,False,3,0,0,26,,energy_depleted,0.01,0.7
2868,-78.0,100,False,7,0,0,26,,energy_depleted,0.01,0.7
2869,-114.0,100,False,11,2,0,26,,energy_depleted,0.01,0.7
2870,-82.0,100,False,8,0,0,26,,energy_depleted,0.01,0.7
2871,-90.0,100,False,10,0,0,26,,energy_depleted,0.01,0.7
2872,-58.0,100,False,2,0,0,26,,energy_depleted,0.01,0.7
2873,-82.0,100,False,8,0,0,28,,energy_depleted,0.01,0.7
2874,-76.0,100,False,4,1,0,26,,energy_depleted,0.01,0.7
2875,-74.0,100,False,6,0,0,26,,energy_depleted,0.01,0.7
2876,-98.0,100,False,12,0,0,26,,energy_depleted,0.01,0.7
2877,-70.0,100,False,5,0,0,26,,energy_depleted,0.01,0.7
2878,-82.0,100,False,8,0,0,26,,energy_depleted,0.01,0.7
2879,-90.0,100,False,10,0,0,26,,energy_depleted,0.01,0.7
2880,-98.0,100,False,12,0,0,26,,energy_depleted,0.01,0.7
2881,-66.0,100,False,4,0,0,26,,energy_depleted,0.01,0.7
2882,-86.0,100,False,9,0,0,26,,energy_depleted,0.01,0.7
2883,-86.0,100,False,9,0,0,26,,energy_depleted,0.01,0.7
2884,-70.0,100,False,5,0,0,26,,energy_depleted,0.01,0.7
2885,-66.0,100,False,4,0,0,26,,energy_depleted,0.01,0.7
2886,-62.0,100,False,3,0,0,26,,energy_depleted,0.01,0.7
2887,-70.0,100,False,5,0,0,26,,energy_depleted,0.01,0.7
2888,-86.0,100,False,9,0,0,26,,energy_depleted,0.01,0.7
2889,-76.0,100,False,4,1,0,26,,energy_depleted,0.01,0.7
2890,-70.0,100,False,5,0,0,28,,energy_depleted,0.01,0.7
2891,-78.0,100,False,7,0,0,26,,energy_depleted,0.01,0.7
2892,-78.0,100,False,7,0,0,26,,energy_depleted,0.01,0.7
2893,-58.0,100,False,2,0,0,26,,energy_depleted,0.01,0.7
2894,-66.0,100,False,4,0,0,26,,energy_depleted,0.01,0.7
2895,-86.0,100,False,9,0,0,26,,energy_depleted,0.01,0.7
2896,-110.0,100,False,15,0,0,26,,energy_depleted,0.01,0.7
2897,-66.0,100,False,4,0,0,28,,energy_depleted,0.01,0.7
2898,-74.0,100,False,6,0,0,26,,energy_depleted,0.01,0.7
2899,-86.0,100,False,9,0,0,26,,energy_depleted,0.01,0.7
2900,-80.0,100,False,5,1,0,26,,energy_depleted,0.01,0.7
2901,-74.0,100,False,6,0,0,26,,energy_depleted,0.01,0.7
2902,-74.0,100,False,6,0,0,26,,energy_depleted,0.01,0.7
2903,-86.0,100,False,9,0,0,26,,energy_depleted,0.01,0.7
2904,-82.0,100,False,8,0,0,26,,energy_depleted,0.01,0.7
2905,-74.0,100,False,6,0,0,26,,energy_depleted,0.01,0.7
2906,-70.0,100,False,5,0,0,26,,energy_depleted,0.01,0.7
2907,-78.0,100,False,7,0,0,26,,energy_depleted,0.01,0.7
2908,-86.0,100,False,9,0,0,26,,energy_depleted,0.01,0.7
2909,-54.0,100,False,1,0,0,26,,energy_depleted,0.01,0.7
2910,-82.0,100,False,8,0,0,26,,energy_depleted,0.01,0.7
2911,-86.0,100,False,9,0,0,26,,energy_depleted,0.01,0.7
2912,-94.0,100,False,11,0,0,26,,energy_depleted,0.01,0.7
2913,-118.0,100,False,17,0,0,26,,energy_depleted,0.01,0.7
2914,-62.0,100,False,3,0,0,28,,energy_depleted,0.01,0.7
2915,-62.0,100,False,3,0,0,26,,energy_depleted,0.01,0.7
2916,-82.0,100,False,8,0,0,26,,energy_depleted,0.01,0.7
2917,-94.0,100,False,11,0,0,26,,energy_depleted,0.01,0.7
2918,-66.0,100,False,4,0,0,26,,energy_depleted,0.01,0.7
2919,-90.0,100,False,10,0,0,26,,energy_depleted,0.01,0.7
2920,-74.0,100,False,6,0,0,28,,energy_depleted,0.01,0.7
2921,-74.0,100,False,6,0,0,26,,energy_depleted,0.01,0.7
2922,-72.0,100,False,3,1,0,26,,energy_depleted,0.01,0.7
2923,-88.0,100,False,7,1,0,26,,energy_depleted,0.01,0.7
2924,-82.0,100,False,8,0,0,28,,energy_depleted,0.01,0.7
2925,-62.0,100,False,3,0,0,26,,energy_depleted,0.01,0.7
2926,-78.0,100,False,7,0,0,26,,energy_depleted,0.01,0.7
2927,-106.0,100,False,14,0,0,26,,energy_depleted,0.01,0.7
2928,-66.0,100,False,4,0,0,26,,energy_depleted,0.01,0.7
2929,-84.0,100,False,6,1,0,26,,energy_depleted,0.01,0.7
2930,-82.0,100,False,8,0,0,28,,energy_depleted,0.01,0.7
2931,-78.0,100,False,7,0,0,26,,energy_depleted,0.01,0.7
2932,-66.0,100,False,4,0,0,26,,energy_depleted,0.01,0.7
2933,-78.0,100,False,7,0,0,26,,energy_depleted,0.01,0.7
2934,-102.0,100,False,13,0,0,26,,energy_depleted,0.01,0.7
2935,-86.0,100,False,4,2,0,26,,energy_depleted,0.01,0.7
2936,-74.0,100,False,6,0,0,26,,energy_depleted,0.01,0.7
2937,-98.0,100,False,12,0,0,26,,energy_depleted,0.01,0.7
2938,-62.0,100,False,3,0,0,26,,energy_depleted,0.01,0.7
2939,-78.0,100,False,7,0,0,26,,energy_depleted,0.01,0.7
2940,-62.0,100,False,3,0,0,26,,energy_depleted,0.01,0.7
2941,-66.0,100,False,4,0,0,26,,energy_depleted,0.01,0.7
2942,-62.0,100,False,3,0,0,26,,energy_depleted,0.01,0.7
2943,-70.0,100,False,5,0,0,26,,energy_depleted,0.01,0.7
2944,-66.0,100,False,4,0,0,26,,energy_depleted,0.01,0.7
2945,-100.0,100,False,10,1,0,26,,energy_depleted,0.01,0.7
2946,-110.0,100,False,15,0,0,26,,energy_depleted,0.01,0.7
2947,-88.0,100,False,7,1,0,26,,energy_depleted,0.01,0.7
2948,-78.0,100,False,7,0,0,26,,energy_depleted,0.01,0.7
2949,-70.0,100,False,5,0,0,26,,energy_depleted,0.01,0.7
2950,-86.0,100,False,9,0,0,26,,energy_depleted,0.01,0.7
2951,-82.0,100,False,8,0,0,26,,energy_depleted,0.01,0.7
2952,-58.0,100,False,2,0,0,26,,energy_depleted,0.01,0.7
2953,-114.0,100,False,16,0,0,26,,energy_depleted,0.01,0.7
2954,-86.0,100,False,9,0,0,26,,energy_depleted,0.01,0.7
2955,-66.0,100,False,4,0,0,26,,energy_depleted,0.01,0.7
2956,-90.0,100,False,10,0,0,26,,energy_depleted,0.01,0.7
2957,-66.0,100,False,4,0,0,26,,energy_depleted,0.01,0.7
2958,-114.0,100,False,11,2,0,26,,energy_depleted,0.01,0.7
2959,-98.0,100,False,12,0,0,26,,energy_depleted,0.01,0.7
2960,-82.0,100,False,8,0,0,26,,energy_depleted,0.01,0.7
2961,-102.0,100,False,13,0,0,26,,energy_depleted,0.01,0.7
2962,-96.0,100,False,9,1,0,26,,energy_depleted,0.01,0.7
2963,-114.0,100,False,11,2,0,26,,energy_depleted,0.01,0.7
2964,-74.0,100,False,6,0,0,26,,energy_depleted,0.01,0.7
2965,-98.0,100,False,12,0,0,26,,energy_depleted,0.01,0.7
2966,-78.0,100,False,7,0,0,26,,energy_depleted,0.01,0.7
2967,-102.0,100,False,13,0,0,26,,energy_depleted,0.01,0.7
2968,-58.0,100,False,2,0,0,26,,energy_depleted,0.01,0.7
2969,-108.0,100,False,12,1,0,26,,energy_depleted,0.01,0.7
2970,-74.0,100,False,6,0,0,26,,energy_depleted,0.01,0.7
2971,-58.0,100,False,2,0,0,26,,energy_depleted,0.01,0.7
2972,-62.0,100,False,3,0,0,26,,energy_depleted,0.01,0.7
2973,-66.0,100,False,4,0,0,26,,energy_depleted,0.01,0.7
2974,-66.0,100,False,4,0,0,28,,energy_depleted,0.01,0.7
2975,-70.0,100,False,5,0,0,26,,energy_depleted,0.01,0.7
2976,-78.0,100,False,7,0,0,26,,energy_depleted,0.01,0.7
2977,-68.0,100,False,2,1,0,26,,energy_depleted,0.01,0.7
2978,-62.0,100,False,3,0,0,26,,energy_depleted,0.01,0.7
2979,-102.0,100,False,13,0,0,26,,energy_depleted,0.01,0.7
2980,-86.0,100,False,9,0,0,26,,energy_depleted,0.01,0.7
2981,-74.0,100,False,6,0,0,29,,energy_depleted,0.01,0.7
2982,-82.0,100,False,8,0,0,26,,energy_depleted,0.01,0.7
2983,-74.0,100,False,6,0,0,26,,energy_depleted,0.01,0.7
2984,-102.0,100,False,13,0,0,26,,energy_depleted,0.01,0.7
2985,-106.0,100,False,14,0,0,26,,energy_depleted,0.01,0.7
2986,-80.0,100,False,5,1,0,26,,energy_depleted,0.01,0.7
2987,-66.0,100,False,4,0,0,26,,energy_depleted,0.01,0.7
2988,-62.0,100,False,3,0,0,26,,energy_depleted,0.01,0.7
2989,-70.0,100,False,5,0,0,26,,energy_depleted,0.01,0.7
2990,-86.0,100,False,9,0,0,26,,energy_depleted,0.01,0.7
2991,-78.0,100,False,7,0,0,26,,energy_depleted,0.01,0.7
2992,-110.0,100,False,15,0,0,26,,energy_depleted,0.01,0.7
2993,-62.0,100,False,3,0,0,26,,energy_depleted,0.01,0.7
2994,-78.0,100,False,7,0,0,26,,energy_depleted,0.01,0.7
2995,-78.0,100,False,7,0,0,26,,energy_depleted,0.01,0.7
2996,-78.0,100,False,7,0,0,26,,energy_depleted,0.01,0.7
2997,-94.0,100,False,11,0,0,26,,energy_depleted,0.01,0.7
2998,-66.0,100,False,4,0,0,26,,energy_depleted,0.01,0.7
2999,-70.0,100,False,5,0,0,26,,energy_depleted,0.01,0.7
3000,-126.0,100,False,19,0,0,26,,energy_depleted,0.01,0.7
3001,-102.0,100,False,13,0,0,26,,energy_depleted,0.01,0.7
3002,-62.0,100,False,3,0,0,26,,energy_depleted,0.01,0.7
3003,-144.0,100,False,16,3,0,26,,energy_depleted,0.01,0.7
3004,-70.0,100,False,5,0,0,26,,energy_depleted,0.01,0.7
3005,-82.0,100,False,8,0,0,26,,energy_depleted,0.01,0.7
3006,-98.0,100,False,12,0,0,26,,energy_depleted,0.01,0.7
3007,-100.0,100,False,10,1,0,26,,energy_depleted,0.01,0.7
3008,-62.0,100,False,3,0,0,26,,energy_depleted,0.01,0.7
3009,-72.0,100,False,3,1,0,26,,energy_depleted,0.01,0.7
3010,-54.0,100,False,1,0,0,26,,energy_depleted,0.01,0.7
3011,-86.0,100,False,9,0,0,26,,energy_depleted,0.01,0.7
3012,-86.0,100,False,9,0,0,26,,energy_depleted,0.01,0.7
3013,-66.0,100,False,4,0,0,26,,energy_depleted,0.01,0.7
3014,-78.0,100,False,7,0,0,26,,energy_depleted,0.01,0.7
3015,-78.0,100,False,7,0,0,26,,energy_depleted,0.01,0.7
3016,-98.0,100,False,12,0,0,26,,energy_depleted,0.01,0.7
3017,-74.0,100,False,6,0,0,26,,energy_depleted,0.01,0.7
3018,-78.0,100,False,7,0,0,28,,energy_depleted,0.01,0.7
3019,-66.0,100,False,4,0,0,26,,energy_depleted,0.01,0.7
3020,-98.0,100,False,12,0,0,26,,energy_depleted,0.01,0.7
3021,-70.0,100,False,5,0,0,26,,energy_depleted,0.01,0.7
3022,-60.0,100,False,0,1,0,26,,energy_depleted,0.01,0.7
3023,-86.0,100,False,9,0,0,26,,energy_depleted,0.01,0.7
3024,-58.0,100,False,2,0,0,26,,energy_depleted,0.01,0.7
3025,-94.0,100,False,6,2,0,26,,energy_depleted,0.01,0.7
3026,-74.0,100,False,6,0,0,26,,energy_depleted,0.01,0.7
3027,-66.0,100,False,4,0,0,26,,energy_depleted,0.01,0.7
3028,-90.0,100,False,5,2,0,26,,energy_depleted,0.01,0.7
3029,-96.0,100,False,9,1,0,26,,energy_depleted,0.01,0.7
3030,-88.0,100,False,7,1,0,26,,energy_depleted,0.01,0.7
3031,-70.0,100,False,5,0,0,26,,energy_depleted,0.01,0.7
3032,-78.0,100,False,7,0,0,26,,energy_depleted,0.01,0.7
3033,-70.0,100,False,5,0,0,26,,energy_depleted,0.01,0.7
3034,-100.0,100,False,10,1,0,26,,energy_depleted,0.01,0.7
3035,-126.0,100,False,19,0,0,26,,energy_depleted,0.01,0.7
3036,-54.0,100,False,1,0,0,28,,energy_depleted,0.01,0.7
3037,-74.0,100,False,6,0,0,26,,energy_depleted,0.01,0.7
3038,-98.0,100,False,12,0,0,26,,energy_depleted,0.01,0.7
3039,-80.0,100,False,5,1,0,26,,energy_depleted,0.01,0.7
3040,-82.0,100,False,8,0,0,26,,energy_depleted,0.01,0.7
3041,-66.0,100,False,4,0,0,26,,energy_depleted,0.01,0.7
3042,-78.0,100,False,7,0,0,26,,energy_depleted,0.01,0.7
3043,-74.0,100,False,6,0,0,28,,energy_depleted,0.01,0.7
3044,-62.0,100,False,3,0,0,26,,energy_depleted,0.01,0.7
3045,-54.0,100,False,1,0,0,26,,energy_depleted,0.01,0.7
3046,-94.0,100,False,11,0,0,26,,energy_depleted,0.01,0.7
3047,-126.0,100,False,9,4,0,26,,energy_depleted,0.01,0.7
3048,-58.0,100,False,2,0,0,26,,energy_depleted,0.01,0.7
3049,-62.0,100,False,3,0,0,26,,energy_depleted,0.01,0.7
3050,-70.0,100,False,5,0,0,26,,energy_depleted,0.01,0.7
3051,-86.0,100,False,9,0,0,26,,energy_depleted,0.01,0.7
3052,-74.0,100,False,6,0,0,26,,energy_depleted,0.01,0.7
3053,-78.0,100,False,7,0,0,26,,energy_depleted,0.01,0.7
3054,-58.0,100,False,2,0,0,26,,energy_depleted,0.01,0.7
3055,-84.0,100,False,6,1,0,26,,energy_depleted,0.01,0.7
3056,-82.0,100,False,8,0,0,26,,energy_depleted,0.01,0.7
3057,-82.0,100,False,8,0,0,26,,energy_depleted,0.01,0.7
3058,-82.0,100,False,8,0,0,26,,energy_depleted,0.01,0.7
3059,-86.0,100,False,9,0,0,26,,energy_depleted,0.01,0.7
3060,-62.0,100,False,3,0,0,26,,energy_depleted,0.01,0.7
3061,-82.0,100,False,8,0,0,26,,energy_depleted,0.01,0.7
3062,-58.0,100,False,2,0,0,26,,energy_depleted,0.01,0.7
3063,-74.0,100,False,6,0,0,26,,energy_depleted,0.01,0.7
3064,-62.0,100,False,3,0,0,26,,energy_depleted,0.01,0.7
3065,-86.0,100,False,9,0,0,26,,energy_depleted,0.01,0.7
3066,-72.0,100,False,3,1,0,26,,energy_depleted,0.01,0.7
3067,-78.0,100,False,7,0,0,26,,energy_depleted,0.01,0.7
3068,-88.0,100,False,2,3,0,26,,energy_depleted,0.01,0.7
3069,-74.0,100,False,6,0,0,26,,energy_depleted,0.01,0.7
3070,-68.0,100,False,2,1,0,26,,energy_depleted,0.01,0.7
3071,-94.0,100,False,11,0,0,26,,energy_depleted,0.01,0.7
3072,-82.0,100,False,8,0,0,26,,energy_depleted,0.01,0.7
3073,-74.0,100,False,6,0,0,26,,energy_depleted,0.01,0.7
3074,-74.0,100,False,6,0,0,26,,energy_depleted,0.01,0.7
3075,-70.0,100,False,5,0,0,26,,energy_depleted,0.01,0.7
3076,-94.0,100,False,11,0,0,26,,energy_depleted,0.01,0.7
3077,-58.0,100,False,2,0,0,26,,energy_depleted,0.01,0.7
3078,-90.0,100,False,10,0,0,67,,energy_depleted,0.01,0.7
3079,-70.0,100,False,5,0,0,26,,energy_depleted,0.01,0.7
3080,-86.0,100,False,9,0,0,26,,energy_depleted,0.01,0.7
3081,-78.0,100,False,7,0,0,28,,energy_depleted,0.01,0.7
3082,-82.0,100,False,8,0,0,26,,energy_depleted,0.01,0.7
3083,-82.0,100,False,8,0,0,26,,energy_depleted,0.01,0.7
3084,-88.0,100,False,7,1,0,26,,energy_depleted,0.01,0.7
3085,-58.0,100,False,2,0,0,26,,energy_depleted,0.01,0.7
3086,-66.0,100,False,4,0,0,26,,energy_depleted,0.01,0.7
3087,-62.0,100,False,3,0,0,26,,energy_depleted,0.01,0.7
3088,-66.0,100,False,4,0,0,26,,energy_depleted,0.01,0.7
3089,-74.0,100,False,6,0,0,26,,energy_depleted,0.01,0.7
3090,-70.0,100,False,5,0,0,26,,energy_depleted,0.01,0.7
3091,-62.0,100,False,3,0,0,26,,energy_depleted,0.01,0.7
3092,-54.0,100,False,1,0,0,26,,energy_depleted,0.01,0.7
3093,-62.0,100,False,3,0,0,26,,energy_depleted,0.01,0.7
3094,-62.0,100,False,3,0,0,26,,energy_depleted,0.01,0.7
3095,-74.0,100,False,6,0,0,26,,energy_depleted,0.01,0.7
3096,-90.0,100,False,5,2,0,26,,energy_depleted,0.01,0.7
3097,-58.0,100,False,2,0,0,26,,energy_depleted,0.01,0.7
3098,-82.0,100,False,8,0,0,26,,energy_depleted,0.01,0.7
3099,-110.0,100,False,15,0,0,26,,energy_depleted,0.01,0.7
3100,-74.0,100,False,6,0,0,26,,energy_depleted,0.01,0.7
3101,-96.0,100,False,9,1,0,26,,energy_depleted,0.01,0.7
3102,-70.0,100,False,5,0,0,26,,energy_depleted,0.01,0.7
3103,-78.0,100,False,7,0,0,26,,energy_depleted,0.01,0.7
3104,-82.0,100,False,8,0,0,26,,energy_depleted,0.01,0.7
3105,-106.0,100,False,14,0,0,26,,energy_depleted,0.01,0.7
3106,-58.0,100,False,2,0,0,26,,energy_depleted,0.01,0.7
3107,-58.0,100,False,2,0,0,26,,energy_depleted,0.01,0.7
3108,-54.0,100,False,1,0,0,26,,energy_depleted,0.01,0.7
3109,-72.0,100,False,3,1,0,26,,energy_depleted,0.01,0.7
3110,-74.0,100,False,6,0,0,26,,energy_depleted,0.01,0.7
3111,-54.0,100,False,1,0,0,26,,energy_depleted,0.01,0.7
3112,-58.0,100,False,2,0,0,26,,energy_depleted,0.01,0.7
3113,-78.0,100,False,7,0,0,28,,energy_depleted,0.01,0.7
3114,-74.0,100,False,6,0,0,26,,energy_depleted,0.01,0.7
3115,-62.0,100,False,3,0,0,26,,energy_depleted,0.01,0.7
3116,-108.0,100,False,7,3,0,26,,energy_depleted,0.01,0.7
3117,-86.0,100,False,9,0,0,28,,energy_depleted,0.01,0.7
3118,-62.0,100,False,3,0,0,26,,energy_depleted,0.01,0.7
3119,-70.0,100,False,5,0,0,26,,energy_depleted,0.01,0.7
3120,-62.0,100,False,3,0,0,26,,energy_depleted,0.01,0.7
3121,-158.0,100,False,27,0,0,26,,energy_depleted,0.01,0.7
3122,-126.0,100,False,19,0,0,26,,energy_depleted,0.01,0.7
3123,-66.0,100,False,4,0,0,26,,energy_depleted,0.01,0.7
3124,-66.0,100,False,4,0,0,26,,energy_depleted,0.01,0.7
3125,-90.0,100,False,10,0,0,26,,energy_depleted,0.01,0.7
3126,-78.0,100,False,7,0,0,26,,energy_depleted,0.01,0.7
3127,-100.0,100,False,5,3,0,26,,energy_depleted,0.01,0.7
3128,-62.0,100,False,3,0,0,26,,energy_depleted,0.01,0.7
3129,-94.0,100,False,11,0,0,26,,energy_depleted,0.01,0.7
3130,-102.0,100,False,3,4,0,26,,energy_depleted,0.01,0.7
3131,-106.0,100,False,14,0,0,26,,energy_depleted,0.01,0.7
3132,-98.0,100,False,12,0,0,26,,energy_depleted,0.01,0.7
3133,-54.0,100,False,1,0,0,26,,energy_depleted,0.01,0.7
3134,-78.0,100,False,7,0,0,26,,energy_depleted,0.01,0.7
3135,-70.0,100,False,5,0,0,26,,energy_depleted,0.01,0.7
3136,-82.0,100,False,3,2,0,26,,energy_depleted,0.01,0.7
3137,-84.0,100,False,6,1,0,26,,energy_depleted,0.01,0.7
3138,-54.0,100,False,1,0,0,26,,energy_depleted,0.01,0.7
3139,-54.0,100,False,1,0,0,26,,energy_depleted,0.01,0.7
3140,-62.0,100,False,3,0,0,26,,energy_depleted,0.01,0.7
3141,-66.0,100,False,4,0,0,26,,energy_depleted,0.01,0.7
3142,-78.0,100,False,2,2,0,26,,energy_depleted,0.01,0.7
3143,-58.0,100,False,2,0,0,26,,energy_depleted,0.01,0.7
3144,-116.0,100,False,9,3,0,26,,energy_depleted,0.01,0.7
3145,-74.0,100,False,6,0,0,26,,energy_depleted,0.01,0.7
3146,-106.0,100,False,14,0,0,26,,energy_depleted,0.01,0.7
3147,-82.0,100,False,8,0,0,26,,energy_depleted,0.01,0.7
3148,-90.0,100,False,5,2,0,26,,energy_depleted,0.01,0.7
3149,-70.0,100,False,5,0,0,26,,energy_depleted,0.01,0.7
3150,-78.0,100,False,7,0,0,26,,energy_depleted,0.01,0.7
3151,-84.0,100,False,6,1,0,26,,energy_depleted,0.01,0.7
3152,-104.0,100,False,6,3,0,26,,energy_depleted,0.01,0.7
3153,-74.0,100,False,6,0,0,26,,energy_depleted,0.01,0.7
3154,-78.0,100,False,7,0,0,26,,energy_depleted,0.01,0.7
3155,-66.0,100,False,4,0,0,26,,energy_depleted,0.01,0.7
3156,-86.0,100,False,9,0,0,28,,energy_depleted,0.01,0.7
3157,-86.0,100,False,9,0,0,26,,energy_depleted,0.01,0.7
3158,-62.0,100,False,3,0,0,26,,energy_depleted,0.01,0.7
3159,-62.0,100,False,3,0,0,26,,energy_depleted,0.01,0.7
3160,-92.0,100,False,8,1,0,26,,energy_depleted,0.01,0.7
3161,-88.0,100,False,2,3,0,26,,energy_depleted,0.01,0.7
3162,-96.0,100,False,9,1,0,26,,energy_depleted,0.01,0.7
3163,-72.0,100,False,3,1,0,26,,energy_depleted,0.01,0.7
3164,-74.0,100,False,6,0,0,26,,energy_depleted,0.01,0.7
3165,-70.0,100,False,5,0,0,26,,energy_depleted,0.01,0.7
3166,-70.0,100,False,5,0,0,26,,energy_depleted,0.01,0.7
3167,-82.0,100,False,8,0,0,26,,energy_depleted,0.01,0.7
3168,-58.0,100,False,2,0,0,26,,energy_depleted,0.01,0.7
3169,-82.0,100,False,8,0,0,26,,energy_depleted,0.01,0.7
3170,-66.0,100,False,4,0,0,26,,energy_depleted,0.01,0.7
3171,-78.0,100,False,7,0,0,26,,energy_depleted,0.01,0.7
3172,-74.0,100,False,6,0,0,26,,energy_depleted,0.01,0.7
3173,-90.0,100,False,10,0,0,26,,energy_depleted,0.01,0.7
3174,-66.0,100,False,4,0,0,26,,energy_depleted,0.01,0.7
3175,-58.0,100,False,2,0,0,26,,energy_depleted,0.01,0.7
3176,-88.0,100,False,7,1,0,28,,energy_depleted,0.01,0.7
3177,-62.0,100,False,3,0,0,26,,energy_depleted,0.01,0.7
3178,-82.0,100,False,8,0,0,28,,energy_depleted,0.01,0.7
3179,-66.0,100,False,4,0,0,26,,energy_depleted,0.01,0.7
3180,-86.0,100,False,4,2,0,26,,energy_depleted,0.01,0.7
3181,-74.0,100,False,6,0,0,26,,energy_depleted,0.01,0.7
3182,-54.0,100,False,1,0,0,26,,energy_depleted,0.01,0.7
3183,-70.0,100,False,5,0,0,26,,energy_depleted,0.01,0.7
3184,-54.0,100,False,1,0,0,26,,energy_depleted,0.01,0.7
3185,-94.0,100,False,11,0,0,26,,energy_depleted,0.01,0.7
3186,-62.0,100,False,3,0,0,26,,energy_depleted,0.01,0.7
3187,-102.0,100,False,13,0,0,26,,energy_depleted,0.01,0.7
3188,-66.0,100,False,4,0,0,26,,energy_depleted,0.01,0.7
3189,-80.0,100,False,5,1,0,26,,energy_depleted,0.01,0.7
3190,-70.0,100,False,5,0,0,26,,energy_depleted,0.01,0.7
3191,-74.0,100,False,6,0,0,26,,energy_depleted,0.01,0.7
3192,-112.0,100,False,3,5,0,26,,energy_depleted,0.01,0.7
3193,-58.0,100,False,2,0,0,26,,energy_depleted,0.01,0.7
3194,-90.0,100,False,10,0,0,26,,energy_depleted,0.01,0.7
3195,-70.0,100,False,5,0,0,28,,energy_depleted,0.01,0.7
3196,-90.0,100,False,10,0,0,26,,energy_depleted,0.01,0.7
3197,-124.0,100,False,11,3,0,28,,energy_depleted,0.01,0.7
3198,-88.0,100,False,7,1,0,26,,energy_depleted,0.01,0.7
3199,-94.0,100,False,11,0,0,26,,energy_depleted,0.01,0.7
3200,-108.0,100,False,12,1,0,26,,energy_depleted,0.01,0.7
3201,-86.0,100,False,9,0,0,26,,energy_depleted,0.01,0.7
3202,-88.0,100,False,7,1,0,26,,energy_depleted,0.01,0.7
3203,-108.0,100,False,7,3,0,26,,energy_depleted,0.01,0.7
3204,-68.0,100,False,2,1,0,26,,energy_depleted,0.01,0.7
3205,-50.0,100,False,0,0,0,26,,energy_depleted,0.01,0.7
3206,-74.0,100,False,6,0,0,26,,energy_depleted,0.01,0.7
3207,-102.0,100,False,13,0,0,26,,energy_depleted,0.01,0.7
3208,-86.0,100,False,9,0,0,29,,energy_depleted,0.01,0.7
3209,-78.0,100,False,7,0,0,26,,energy_depleted,0.01,0.7
3210,-70.0,100,False,5,0,0,26,,energy_depleted,0.01,0.7
3211,-118.0,100,False,7,4,0,26,,energy_depleted,0.01,0.7
3212,-62.0,100,False,3,0,0,26,,energy_depleted,0.01,0.7
3213,-76.0,100,False,4,1,0,26,,energy_depleted,0.01,0.7
3214,-58.0,100,False,2,0,0,26,,energy_depleted,0.01,0.7
3215,-66.0,100,False,4,0,0,26,,energy_depleted,0.01,0.7
3216,-70.0,100,False,5,0,0,26,,energy_depleted,0.01,0.7
3217,-86.0,100,False,9,0,0,26,,energy_depleted,0.01,0.7
3218,-110.0,100,False,10,2,0,26,,energy_depleted,0.01,0.7
3219,-106.0,100,False,4,4,0,26,,energy_depleted,0.01,0.7
3220,-82.0,100,False,3,2,0,26,,energy_depleted,0.01,0.7
3221,-62.0,100,False,3,0,0,26,,energy_depleted,0.01,0.7
3222,-62.0,100,False,3,0,0,26,,energy_depleted,0.01,0.7
3223,-64.0,100,False,1,1,0,26,,energy_depleted,0.01,0.7
3224,-102.0,100,False,13,0,0,26,,energy_depleted,0.01,0.7
3225,-138.0,100,False,17,2,0,26,,energy_depleted,0.01,0.7
3226,-66.0,100,False,4,0,0,26,,energy_depleted,0.01,0.7
3227,-80.0,100,False,5,1,0,26,,energy_depleted,0.01,0.7
3228,-84.0,100,False,6,1,0,26,,energy_depleted,0.01,0.7
3229,-82.0,100,False,8,0,0,26,,energy_depleted,0.01,0.7
3230,-58.0,100,False,2,0,0,26,,energy_depleted,0.01,0.7
3231,-66.0,100,False,4,0,0,26,,energy_depleted,0.01,0.7
3232,-86.0,100,False,9,0,0,26,,energy_depleted,0.01,0.7
3233,-114.0,100,False,6,4,0,26,,energy_depleted,0.01,0.7
3234,-82.0,100,False,3,2,0,26,,energy_depleted,0.01,0.7
3235,-68.0,100,False,2,1,0,26,,energy_depleted,0.01,0.7
3236,-82.0,100,False,8,0,0,26,,energy_depleted,0.01,0.7
3237,-94.0,100,False,11,0,0,26,,energy_depleted,0.01,0.7
3238,-62.0,100,False,3,0,0,26,,energy_depleted,0.01,0.7
3239,-82.0,100,False,8,0,0,26,,energy_depleted,0.01,0.7
3240,-82.0,100,False,8,0,0,26,,energy_depleted,0.01,0.7
3241,-86.0,100,False,9,0,0,26,,energy_depleted,0.01,0.7
3242,-62.0,100,False,3,0,0,26,,energy_depleted,0.01,0.7
3243,-124.0,100,False,11,3,0,26,,energy_depleted,0.01,0.7
3244,-62.0,100,False,3,0,0,26,,energy_depleted,0.01,0.7
3245,-110.0,100,False,15,0,0,26,,energy_depleted,0.01,0.7
3246,-78.0,100,False,7,0,0,26,,energy_depleted,0.01,0.7
3247,-76.0,100,False,4,1,0,26,,energy_depleted,0.01,0.7
3248,-80.0,100,False,5,1,0,26,,energy_depleted,0.01,0.7
3249,-86.0,100,False,9,0,0,26,,energy_depleted,0.01,0.7
3250,-62.0,100,False,3,0,0,26,,energy_depleted,0.01,0.7
3251,-66.0,100,False,4,0,0,26,,energy_depleted,0.01,0.7
3252,-142.0,100,False,18,2,0,26,,energy_depleted,0.01,0.7
3253,-92.0,100,False,8,1,0,26,,energy_depleted,0.01,0.7
3254,-110.0,100,False,15,0,0,26,,energy_depleted,0.01,0.7
3255,-98.0,100,False,12,0,0,26,,energy_depleted,0.01,0.7
3256,-106.0,100,False,9,2,0,26,,energy_depleted,0.01,0.7
3257,-66.0,100,False,4,0,0,26,,energy_depleted,0.01,0.7
3258,-84.0,100,False,6,1,0,26,,energy_depleted,0.01,0.7
3259,-74.0,100,False,6,0,0,26,,energy_depleted,0.01,0.7
3260,-108.0,100,False,12,1,0,26,,energy_depleted,0.01,0.7
3261,-74.0,100,False,6,0,0,26,,energy_depleted,0.01,0.7
3262,-74.0,100,False,6,0,0,26,,energy_depleted,0.01,0.7
3263,-86.0,100,False,9,0,0,26,,energy_depleted,0.01,0.7
3264,-78.0,100,False,7,0,0,26,,energy_depleted,0.01,0.7
3265,-110.0,100,False,15,0,0,26,,energy_depleted,0.01,0.7
3266,-74.0,100,False,6,0,0,26,,energy_depleted,0.01,0.7
3267,-58.0,100,False,2,0,0,26,,energy_depleted,0.01,0.7
3268,-124.0,100,False,11,3,0,26,,energy_depleted,0.01,0.7
3269,-58.0,100,False,2,0,0,26,,energy_depleted,0.01,0.7
3270,-70.0,100,False,5,0,0,26,,energy_depleted,0.01,0.7
3271,-82.0,100,False,8,0,0,26,,energy_depleted,0.01,0.7
3272,-90.0,100,False,10,0,0,26,,energy_depleted,0.01,0.7
3273,-136.0,100,False,19,1,0,26,,energy_depleted,0.01,0.7
3274,-102.0,100,False,13,0,0,26,,energy_depleted,0.01,0.7
3275,-94.0,100,False,11,0,0,26,,energy_depleted,0.01,0.7
3276,-94.0,100,False,11,0,0,26,,energy_depleted,0.01,0.7
3277,-66.0,100,False,4,0,0,26,,energy_depleted,0.01,0.7
3278,-86.0,100,False,9,0,0,26,,energy_depleted,0.01,0.7
3279,-94.0,100,False,11,0,0,26,,energy_depleted,0.01,0.7
3280,-98.0,100,False,12,0,0,26,,energy_depleted,0.01,0.7
3281,-70.0,100,False,5,0,0,26,,energy_depleted,0.01,0.7
3282,-80.0,100,False,5,1,0,26,,energy_depleted,0.01,0.7
3283,-106.0,100,False,9,2,0,26,,energy_depleted,0.01,0.7
3284,-94.0,100,False,11,0,0,26,,energy_depleted,0.01,0.7
3285,-82.0,100,False,8,0,0,26,,energy_depleted,0.01,0.7
3286,-74.0,100,False,6,0,0,26,,energy_depleted,0.01,0.7
3287,-54.0,100,False,1,0,0,26,,energy_depleted,0.01,0.7
3288,-54.0,100,False,1,0,0,26,,energy_depleted,0.01,0.7
3289,-78.0,100,False,7,0,0,26,,energy_depleted,0.01,0.7
3290,-62.0,100,False,3,0,0,26,,energy_depleted,0.01,0.7
3291,-78.0,100,False,7,0,0,26,,energy_depleted,0.01,0.7
3292,-66.0,100,False,4,0,0,26,,energy_depleted,0.01,0.7
3293,-54.0,100,False,1,0,0,26,,energy_depleted,0.01,0.7
3294,-58.0,100,False,2,0,0,26,,energy_depleted,0.01,0.7
3295,-74.0,100,False,6,0,0,26,,energy_depleted,0.01,0.7
3296,-134.0,100,False,16,2,0,26,,energy_depleted,0.01,0.7
3297,-78.0,100,False,7,0,0,26,,energy_depleted,0.01,0.7
3298,-62.0,100,False,3,0,0,26,,energy_depleted,0.01,0.7
3299,-58.0,100,False,2,0,0,26,,energy_depleted,0.01,0.7
3300,-94.0,100,False,11,0,0,26,,energy_depleted,0.01,0.7
3301,-78.0,100,False,7,0,0,26,,energy_depleted,0.01,0.7
3302,-74.0,100,False,6,0,0,26,,energy_depleted,0.01,0.7
3303,-76.0,100,False,4,1,0,26,,energy_depleted,0.01,0.7
3304,-134.0,100,False,21,0,0,26,,energy_depleted,0.01,0.7
3305,-80.0,100,False,5,1,0,29,,energy_depleted,0.01,0.7
3306,-76.0,100,False,4,1,0,26,,energy_depleted,0.01,0.7
3307,-72.0,100,False,3,1,0,26,,energy_depleted,0.01,0.7
3308,-78.0,100,False,7,0,0,26,,energy_depleted,0.01,0.7
3309,-58.0,100,False,2,0,0,26,,energy_depleted,0.01,0.7
3310,-58.0,100,False,2,0,0,26,,energy_depleted,0.01,0.7
3311,-66.0,100,False,4,0,0,26,,energy_depleted,0.01,0.7
3312,-72.0,100,False,3,1,0,26,,energy_depleted,0.01,0.7
3313,-66.0,100,False,4,0,0,26,,energy_depleted,0.01,0.7
3314,-66.0,100,False,4,0,0,26,,energy_depleted,0.01,0.7
3315,-78.0,100,False,7,0,0,26,,energy_depleted,0.01,0.7
3316,-90.0,100,False,10,0,0,26,,energy_depleted,0.01,0.7
3317,-76.0,100,False,4,1,0,23,,energy_depleted,0.01,0.7
3318,-78.0,100,False,7,0,0,26,,energy_depleted,0.01,0.7
3319,-86.0,100,False,9,0,0,28,,energy_depleted,0.01,0.7
3320,-74.0,100,False,6,0,0,26,,energy_depleted,0.01,0.7
3321,-98.0,100,False,12,0,0,26,,energy_depleted,0.01,0.7
3322,-88.0,100,False,7,1,0,28,,energy_depleted,0.01,0.7
3323,-66.0,100,False,4,0,0,26,,energy_depleted,0.01,0.7
3324,-88.0,100,False,7,1,0,26,,energy_depleted,0.01,0.7
3325,-84.0,100,False,6,1,0,26,,energy_depleted,0.01,0.7
3326,-126.0,100,False,14,2,0,26,,energy_depleted,0.01,0.7
3327,-98.0,100,False,12,0,0,26,,energy_depleted,0.01,0.7
3328,-66.0,100,False,4,0,0,26,,energy_depleted,0.01,0.7
3329,-78.0,100,False,7,0,0,26,,energy_depleted,0.01,0.7
3330,-108.0,100,False,12,1,0,26,,energy_depleted,0.01,0.7
3331,-102.0,100,False,13,0,0,26,,energy_depleted,0.01,0.7
3332,-62.0,100,False,3,0,0,26,,energy_depleted,0.01,0.7
3333,-110.0,100,False,15,0,0,26,,energy_depleted,0.01,0.7
3334,-72.0,100,False,3,1,0,26,,energy_depleted,0.01,0.7
3335,-126.0,100,False,14,2,0,26,,energy_depleted,0.01,0.7
3336,-94.0,100,False,11,0,0,26,,energy_depleted,0.01,0.7
3337,-70.0,100,False,5,0,0,26,,energy_depleted,0.01,0.7
3338,-66.0,100,False,4,0,0,26,,energy_depleted,0.01,0.7
3339,-70.0,100,False,5,0,0,26,,energy_depleted,0.01,0.7
3340,-62.0,100,False,3,0,0,26,,energy_depleted,0.01,0.7
3341,-58.0,100,False,2,0,0,28,,energy_depleted,0.01,0.7
3342,-90.0,100,False,10,0,0,26,,energy_depleted,0.01,0.7
3343,-62.0,100,False,3,0,0,26,,energy_depleted,0.01,0.7
3344,-66.0,100,False,4,0,0,26,,energy_depleted,0.01,0.7
3345,-78.0,100,False,7,0,0,26,,energy_depleted,0.01,0.7
3346,-62.0,100,False,3,0,0,26,,energy_depleted,0.01,0.7
3347,-66.0,100,False,4,0,0,26,,energy_depleted,0.01,0.7
3348,-66.0,100,False,4,0,0,26,,energy_depleted,0.01,0.7
3349,-74.0,100,False,6,0,0,26,,energy_depleted,0.01,0.7
3350,-76.0,100,False,4,1,0,26,,energy_depleted,0.01,0.7
3351,-74.0,100,False,6,0,0,26,,energy_depleted,0.01,0.7
3352,-62.0,100,False,3,0,0,26,,energy_depleted,0.01,0.7
3353,-94.0,100,False,11,0,0,26,,energy_depleted,0.01,0.7
3354,-68.0,100,False,2,1,0,26,,energy_depleted,0.01,0.7
3355,-74.0,100,False,6,0,0,26,,energy_depleted,0.01,0.7
3356,-74.0,100,False,6,0,0,26,,energy_depleted,0.01,0.7
3357,-120.0,100,False,10,3,0,26,,energy_depleted,0.01,0.7
3358,-102.0,100,False,13,0,0,26,,energy_depleted,0.01,0.7
3359,-72.0,100,False,3,1,0,26,,energy_depleted,0.01,0.7
3360,-78.0,100,False,7,0,0,26,,energy_depleted,0.01,0.7
3361,-94.0,100,False,6,2,0,26,,energy_depleted,0.01,0.7
3362,-70.0,100,False,5,0,0,26,,energy_depleted,0.01,0.7
3363,-62.0,100,False,3,0,0,26,,energy_depleted,0.01,0.7
3364,-68.0,100,False,2,1,0,26,,energy_depleted,0.01,0.7
3365,-78.0,100,False,7,0,0,26,,energy_depleted,0.01,0.7
3366,-82.0,100,False,8,0,0,26,,energy_depleted,0.01,0.7
3367,-70.0,100,False,5,0,0,26,,energy_depleted,0.01,0.7
3368,-96.0,100,False,9,1,0,26,,energy_depleted,0.01,0.7
3369,-122.0,100,False,18,0,0,26,,energy_depleted,0.01,0.7
3370,-74.0,100,False,6,0,0,28,,energy_depleted,0.01,0.7
3371,-106.0,100,False,14,0,0,26,,energy_depleted,0.01,0.7
3372,-62.0,100,False,3,0,0,26,,energy_depleted,0.01,0.7
3373,-62.0,100,False,3,0,0,26,,energy_depleted,0.01,0.7
3374,-70.0,100,False,5,0,0,26,,energy_depleted,0.01,0.7
3375,-94.0,100,False,11,0,0,26,,energy_depleted,0.01,0.7
3376,-76.0,100,False,4,1,0,26,,energy_depleted,0.01,0.7
3377,-94.0,100,False,6,2,0,23,,energy_depleted,0.01,0.7
3378,-70.0,100,False,5,0,0,26,,energy_depleted,0.01,0.7
3379,-114.0,100,False,16,0,0,26,,energy_depleted,0.01,0.7
3380,-86.0,100,False,9,0,0,26,,energy_depleted,0.01,0.7
3381,-74.0,100,False,6,0,0,26,,energy_depleted,0.01,0.7
3382,-66.0,100,False,4,0,0,26,,energy_depleted,0.01,0.7
3383,-90.0,100,False,10,0,0,26,,energy_depleted,0.01,0.7
3384,-62.0,100,False,3,0,0,26,,energy_depleted,0.01,0.7
3385,-78.0,100,False,7,0,0,26,,energy_depleted,0.01,0.7
3386,-74.0,100,False,6,0,0,26,,energy_depleted,0.01,0.7
3387,-74.0,100,False,6,0,0,26,,energy_depleted,0.01,0.7
3388,-108.0,100,False,7,3,0,26,,energy_depleted,0.01,0.7
3389,-70.0,100,False,5,0,0,26,,energy_depleted,0.01,0.7
3390,-98.0,100,False,12,0,0,26,,energy_depleted,0.01,0.7
3391,-98.0,100,False,12,0,0,26,,energy_depleted,0.01,0.7
3392,-78.0,100,False,7,0,0,26,,energy_depleted,0.01,0.7
3393,-62.0,100,False,3,0,0,26,,energy_depleted,0.01,0.7
3394,-78.0,100,False,7,0,0,26,,energy_depleted,0.01,0.7
3395,-106.0,100,False,14,0,0,26,,energy_depleted,0.01,0.7
3396,-100.0,100,False,10,1,0,28,,energy_depleted,0.01,0.7
3397,-66.0,100,False,4,0,0,26,,energy_depleted,0.01,0.7
3398,-86.0,100,False,9,0,0,26,,energy_depleted,0.01,0.7
3399,-86.0,100,False,9,0,0,26,,energy_depleted,0.01,0.7
3400,-78.0,100,False,7,0,0,26,,energy_depleted,0.01,0.7
3401,-76.0,100,False,4,1,0,26,,energy_depleted,0.01,0.7
3402,-70.0,100,False,5,0,0,26,,energy_depleted,0.01,0.7
3403,-82.0,100,False,8,0,0,26,,energy_depleted,0.01,0.7
3404,-66.0,100,False,4,0,0,26,,energy_depleted,0.01,0.7
3405,-96.0,100,False,4,3,0,26,,energy_depleted,0.01,0.7
3406,-82.0,100,False,8,0,0,26,,energy_depleted,0.01,0.7
3407,-86.0,100,False,9,0,0,26,,energy_depleted,0.01,0.7
3408,-96.0,100,False,9,1,0,26,,energy_depleted,0.01,0.7
3409,-70.0,100,False,5,0,0,26,,energy_depleted,0.01,0.7
3410,-78.0,100,False,7,0,0,26,,energy_depleted,0.01,0.7
3411,-90.0,100,False,10,0,0,26,,energy_depleted,0.01,0.7
3412,-84.0,100,False,6,1,0,26,,energy_depleted,0.01,0.7
3413,-50.0,100,False,0,0,0,26,,energy_depleted,0.01,0.7
3414,-82.0,100,False,8,0,0,26,,energy_depleted,0.01,0.7
3415,-78.0,100,False,7,0,0,28,,energy_depleted,0.01,0.7
3416,-74.0,100,False,6,0,0,26,,energy_depleted,0.01,0.7
3417,-110.0,100,False,15,0,0,26,,energy_depleted,0.01,0.7
3418,-130.0,100,False,5,6,0,26,,energy_depleted,0.01,0.7
3419,-82.0,100,False,8,0,0,26,,energy_depleted,0.01,0.7
3420,-74.0,100,False,1,2,0,26,,energy_depleted,0.01,0.7
3421,-72.0,100,False,3,1,0,26,,energy_depleted,0.01,0.7
3422,-102.0,100,False,13,0,0,28,,energy_depleted,0.01,0.7
3423,-82.0,100,False,8,0,0,26,,energy_depleted,0.01,0.7
3424,-80.0,100,False,5,1,0,26,,energy_depleted,0.01,0.7
3425,-70.0,100,False,5,0,0,26,,energy_depleted,0.01,0.7
3426,-96.0,100,False,9,1,0,26,,energy_depleted,0.01,0.7
3427,-78.0,100,False,7,0,0,26,,energy_depleted,0.01,0.7
3428,-70.0,100,False,5,0,0,26,,energy_depleted,0.01,0.7
3429,-86.0,100,False,9,0,0,26,,energy_depleted,0.01,0.7
3430,-70.0,100,False,5,0,0,26,,energy_depleted,0.01,0.7
3431,-70.0,100,False,5,0,0,26,,energy_depleted,0.01,0.7
3432,-74.0,100,False,6,0,0,28,,energy_depleted,0.01,0.7
3433,-64.0,100,False,1,1,0,26,,energy_depleted,0.01,0.7
3434,-54.0,100,False,1,0,0,26,,energy_depleted,0.01,0.7
3435,-70.0,100,False,5,0,0,26,,energy_depleted,0.01,0.7
3436,-100.0,100,False,10,1,0,28,,energy_depleted,0.01,0.7
3437,-98.0,100,False,12,0,0,26,,energy_depleted,0.01,0.7
3438,-96.0,100,False,9,1,0,26,,energy_depleted,0.01,0.7
3439,-98.0,100,False,7,2,0,28,,energy_depleted,0.01,0.7
3440,-74.0,100,False,6,0,0,26,,energy_depleted,0.01,0.7
3441,-76.0,100,False,4,1,0,26,,energy_depleted,0.01,0.7
3442,-90.0,100,False,10,0,0,26,,energy_depleted,0.01,0.7
3443,-82.0,100,False,8,0,0,26,,energy_depleted,0.01,0.7
3444,-86.0,100,False,9,0,0,26,,energy_depleted,0.01,0.7
3445,-66.0,100,False,4,0,0,26,,energy_depleted,0.01,0.7
3446,-66.0,100,False,4,0,0,26,,energy_depleted,0.01,0.7
3447,-70.0,100,False,5,0,0,26,,energy_depleted,0.01,0.7
3448,-78.0,100,False,7,0,0,26,,energy_depleted,0.01,0.7
3449,-74.0,100,False,6,0,0,26,,energy_depleted,0.01,0.7
3450,-70.0,100,False,5,0,0,26,,energy_depleted,0.01,0.7
3451,-122.0,100,False,18,0,0,26,,energy_depleted,0.01,0.7
3452,-90.0,100,False,10,0,0,26,,energy_depleted,0.01,0.7
3453,-114.0,100,False,11,2,0,26,,energy_depleted,0.01,0.7
3454,-62.0,100,False,3,0,0,26,,energy_depleted,0.01,0.7
3455,-70.0,100,False,5,0,0,26,,energy_depleted,0.01,0.7
3456,-94.0,100,False,11,0,0,26,,energy_depleted,0.01,0.7
3457,-78.0,100,False,2,2,0,26,,energy_depleted,0.01,0.7
3458,-62.0,100,False,3,0,0,26,,energy_depleted,0.01,0.7
3459,-62.0,100,False,3,0,0,26,,energy_depleted,0.01,0.7
3460,-66.0,100,False,4,0,0,26,,energy_depleted,0.01,0.7
3461,-74.0,100,False,6,0,0,26,,energy_depleted,0.01,0.7
3462,-86.0,100,False,9,0,0,26,,energy_depleted,0.01,0.7
3463,-70.0,100,False,5,0,0,26,,energy_depleted,0.01,0.7
3464,-84.0,100,False,6,1,0,26,,energy_depleted,0.01,0.7
3465,-82.0,100,False,8,0,0,26,,energy_depleted,0.01,0.7
3466,-62.0,100,False,3,0,0,26,,energy_depleted,0.01,0.7
3467,-90.0,100,False,10,0,0,26,,energy_depleted,0.01,0.7
3468,-82.0,100,False,8,0,0,26,,energy_depleted,0.01,0.7
3469,-62.0,100,False,3,0,0,26,,energy_depleted,0.01,0.7
3470,-62.0,100,False,3,0,0,26,,energy_depleted,0.01,0.7
3471,-118.0,100,False,12,2,0,26,,energy_depleted,0.01,0.7
3472,-74.0,100,False,6,0,0,26,,energy_depleted,0.01,0.7
3473,-122.0,100,False,13,2,0,26,,energy_depleted,0.01,0.7
3474,-58.0,100,False,2,0,0,26,,energy_depleted,0.01,0.7
3475,-98.0,100,False,12,0,0,26,,energy_depleted,0.01,0.7
3476,-74.0,100,False,6,0,0,26,,energy_depleted,0.01,0.7
3477,-112.0,100,False,13,1,0,26,,energy_depleted,0.01,0.7
3478,-102.0,100,False,13,0,0,26,,energy_depleted,0.01,0.7
3479,-58.0,100,False,2,0,0,26,,energy_depleted,0.01,0.7
3480,-78.0,100,False,7,0,0,26,,energy_depleted,0.01,0.7
3481,-108.0,100,False,12,1,0,26,,energy_depleted,0.01,0.7
3482,-78.0,100,False,7,0,0,26,,energy_depleted,0.01,0.7
3483,-90.0,100,False,10,0,0,26,,energy_depleted,0.01,0.7
3484,-76.0,100,False,4,1,0,26,,energy_depleted,0.01,0.7
3485,-86.0,100,False,4,2,0,26,,energy_depleted,0.01,0.7
3486,-74.0,100,False,6,0,0,26,,energy_depleted,0.01,0.7
3487,-66.0,100,False,4,0,0,26,,energy_depleted,0.01,0.7
3488,-88.0,100,False,7,1,0,26,,energy_depleted,0.01,0.7
3489,-86.0,100,False,9,0,0,26,,energy_depleted,0.01,0.7
3490,-94.0,100,False,6,2,0,26,,energy_depleted,0.01,0.7
3491,-74.0,100,False,6,0,0,26,,energy_depleted,0.01,0.7
3492,-94.0,100,False,11,0,0,26,,energy_depleted,0.01,0.7
3493,-98.0,100,False,7,2,0,28,,energy_depleted,0.01,0.7
3494,-86.0,100,False,9,0,0,26,,energy_depleted,0.01,0.7
3495,-58.0,100,False,2,0,0,26,,energy_depleted,0.01,0.7
3496,-106.0,100,False,9,2,0,28,,energy_depleted,0.01,0.7
3497,-62.0,100,False,3,0,0,26,,energy_depleted,0.01,0.7
3498,-94.0,100,False,11,0,0,26,,energy_depleted,0.01,0.7
3499,-74.0,100,False,6,0,0,26,,energy_depleted,0.01,0.7
3500,-74.0,100,False,6,0,0,26,,energy_depleted,0.01,0.7
3501,-58.0,100,False,2,0,0,26,,energy_depleted,0.01,0.7
3502,-90.0,100,False,10,0,0,26,,energy_depleted,0.01,0.7
3503,-66.0,100,False,4,0,0,26,,energy_depleted,0.01,0.7
3504,-70.0,100,False,5,0,0,26,,energy_depleted,0.01,0.7
3505,-122.0,100,False,8,4,0,28,,energy_depleted,0.01,0.7
3506,-54.0,100,False,1,0,0,28,,energy_depleted,0.01,0.7
3507,-82.0,100,False,8,0,0,26,,energy_depleted,0.01,0.7
3508,-62.0,100,False,3,0,0,28,,energy_depleted,0.01,0.7
3509,-70.0,100,False,5,0,0,26,,energy_depleted,0.01,0.7
3510,-114.0,100,False,11,2,0,29,,energy_depleted,0.01,0.7
3511,-70.0,100,False,5,0,0,26,,energy_depleted,0.01,0.7
3512,-66.0,100,False,4,0,0,26,,energy_depleted,0.01,0.7
3513,-74.0,100,False,6,0,0,26,,energy_depleted,0.01,0.7
3514,-74.0,100,False,6,0,0,26,,energy_depleted,0.01,0.7
3515,-78.0,100,False,7,0,0,26,,energy_depleted,0.01,0.7
3516,-66.0,100,False,4,0,0,26,,energy_depleted,0.01,0.7
3517,-58.0,100,False,2,0,0,26,,energy_depleted,0.01,0.7
3518,-66.0,100,False,4,0,0,28,,energy_depleted,0.01,0.7
3519,-82.0,100,False,8,0,0,26,,energy_depleted,0.01,0.7
3520,-54.0,100,False,1,0,0,26,,energy_depleted,0.01,0.7
3521,-66.0,100,False,4,0,0,26,,energy_depleted,0.01,0.7
3522,-78.0,100,False,7,0,0,26,,energy_depleted,0.01,0.7
3523,-62.0,100,False,3,0,0,26,,energy_depleted,0.01,0.7
3524,-82.0,100,False,8,0,0,26,,energy_depleted,0.01,0.7
3525,-98.0,100,False,12,0,0,26,,energy_depleted,0.01,0.7
3526,-70.0,100,False,5,0,0,26,,energy_depleted,0.01,0.7
3527,-76.0,100,False,4,1,0,26,,energy_depleted,0.01,0.7
3528,-86.0,100,False,9,0,0,26,,energy_depleted,0.01,0.7
3529,-82.0,100,False,8,0,0,26,,energy_depleted,0.01,0.7
3530,-66.0,100,False,4,0,0,26,,energy_depleted,0.01,0.7
3531,-90.0,100,False,10,0,0,26,,energy_depleted,0.01,0.7
3532,-74.0,100,False,6,0,0,26,,energy_depleted,0.01,0.7
3533,-94.0,100,False,11,0,0,26,,energy_depleted,0.01,0.7
3534,-86.0,100,False,4,2,0,26,,energy_depleted,0.01,0.7
3535,-74.0,100,False,6,0,0,26,,energy_depleted,0.01,0.7
3536,-70.0,100,False,5,0,0,26,,energy_depleted,0.01,0.7
3537,-82.0,100,False,8,0,0,26,,energy_depleted,0.01,0.7
3538,-80.0,100,False,5,1,0,26,,energy_depleted,0.01,0.7
3539,-78.0,100,False,7,0,0,26,,energy_depleted,0.01,0.7
3540,-118.0,100,False,17,0,0,26,,energy_depleted,0.01,0.7
3541,-58.0,100,False,2,0,0,26,,energy_depleted,0.01,0.7
3542,-78.0,100,False,7,0,0,26,,energy_depleted,0.01,0.7
3543,-66.0,100,False,4,0,0,26,,energy_depleted,0.01,0.7
3544,-140.0,100,False,15,3,0,28,,energy_depleted,0.01,0.7
3545,-66.0,100,False,4,0,0,26,,energy_depleted,0.01,0.7
3546,-74.0,100,False,6,0,0,26,,energy_depleted,0.01,0.7
3547,-72.0,100,False,3,1,0,26,,energy_depleted,0.01,0.7
3548,-100.0,100,False,5,3,0,26,,energy_depleted,0.01,0.7
3549,-78.0,100,False,7,0,0,26,,energy_depleted,0.01,0.7
3550,-70.0,100,False,5,0,0,26,,energy_depleted,0.01,0.7
3551,-58.0,100,False,2,0,0,26,,energy_depleted,0.01,0.7
3552,-138.0,100,False,22,0,0,26,,energy_depleted,0.01,0.7
3553,-72.0,100,False,3,1,0,26,,energy_depleted,0.01,0.7
3554,-58.0,100,False,2,0,0,26,,energy_depleted,0.01,0.7
3555,-66.0,100,False,4,0,0,26,,energy_depleted,0.01,0.7
3556,-66.0,100,False,4,0,0,26,,energy_depleted,0.01,0.7
3557,-62.0,100,False,3,0,0,26,,energy_depleted,0.01,0.7
3558,-78.0,100,False,7,0,0,26,,energy_depleted,0.01,0.7
3559,-94.0,100,False,11,0,0,26,,energy_depleted,0.01,0.7
3560,-106.0,100,False,14,0,0,26,,energy_depleted,0.01,0.7
3561,-138.0,100,False,22,0,0,26,,energy_depleted,0.01,0.7
3562,-62.0,100,False,3,0,0,26,,energy_depleted,0.01,0.7
3563,-132.0,100,False,13,3,0,26,,energy_depleted,0.01,0.7
3564,-90.0,100,False,10,0,0,26,,energy_depleted,0.01,0.7
3565,-58.0,100,False,2,0,0,26,,energy_depleted,0.01,0.7
3566,-78.0,100,False,7,0,0,26,,energy_depleted,0.01,0.7
3567,-82.0,100,False,8,0,0,26,,energy_depleted,0.01,0.7
3568,-86.0,100,False,9,0,0,26,,energy_depleted,0.01,0.7
3569,-62.0,100,False,3,0,0,26,,energy_depleted,0.01,0.7
3570,-70.0,100,False,5,0,0,26,,energy_depleted,0.01,0.7
3571,-102.0,100,False,13,0,0,28,,energy_depleted,0.01,0.7
3572,-66.0,100,False,4,0,0,26,,energy_depleted,0.01,0.7
3573,-70.0,100,False,5,0,0,26,,energy_depleted,0.01,0.7
3574,-62.0,100,False,3,0,0,26,,energy_depleted,0.01,0.7
3575,-86.0,100,False,9,0,0,26,,energy_depleted,0.01,0.7
3576,-76.0,100,False,4,1,0,26,,energy_depleted,0.01,0.7
3577,-70.0,100,False,5,0,0,26,,energy_depleted,0.01,0.7
3578,-86.0,100,False,9,0,0,26,,energy_depleted,0.01,0.7
3579,-66.0,100,False,4,0,0,26,,energy_depleted,0.01,0.7
3580,-70.0,100,False,5,0,0,26,,energy_depleted,0.01,0.7
3581,-90.0,100,False,10,0,0,26,,energy_depleted,0.01,0.7
3582,-66.0,100,False,4,0,0,26,,energy_depleted,0.01,0.7
3583,-82.0,100,False,8,0,0,26,,energy_depleted,0.01,0.7
3584,-58.0,100,False,2,0,0,26,,energy_depleted,0.01,0.7
3585,-72.0,100,False,3,1,0,26,,energy_depleted,0.01,0.7
3586,-98.0,100,False,12,0,0,26,,energy_depleted,0.01,0.7
3587,-76.0,100,False,4,1,0,26,,energy_depleted,0.01,0.7
3588,-84.0,100,False,6,1,0,26,,energy_depleted,0.01,0.7
3589,-78.0,100,False,7,0,0,26,,energy_depleted,0.01,0.7
3590,-70.0,100,False,5,0,0,28,,energy_depleted,0.01,0.7
3591,-90.0,100,False,10,0,0,26,,energy_depleted,0.01,0.7
3592,-66.0,100,False,4,0,0,26,,energy_depleted,0.01,0.7
3593,-70.0,100,False,5,0,0,26,,energy_depleted,0.01,0.7
3594,-78.0,100,False,7,0,0,26,,energy_depleted,0.01,0.7
3595,-62.0,100,False,3,0,0,26,,energy_depleted,0.01,0.7
3596,-70.0,100,False,5,0,0,26,,energy_depleted,0.01,0.7
3597,-82.0,100,False,8,0,0,26,,energy_depleted,0.01,0.7
3598,-74.0,100,False,6,0,0,23,,energy_depleted,0.01,0.7
3599,-72.0,100,False,3,1,0,26,,energy_depleted,0.01,0.7
3600,-82.0,100,False,8,0,0,26,,energy_depleted,0.01,0.7
3601,-78.0,100,False,7,0,0,26,,energy_depleted,0.01,0.7
3602,-62.0,100,False,3,0,0,26,,energy_depleted,0.01,0.7
3603,-70.0,100,False,5,0,0,26,,energy_depleted,0.01,0.7
3604,-78.0,100,False,7,0,0,26,,energy_depleted,0.01,0.7
3605,-74.0,100,False,6,0,0,26,,energy_depleted,0.01,0.7
3606,-106.0,100,False,14,0,0,26,,energy_depleted,0.01,0.7
3607,-70.0,100,False,5,0,0,26,,energy_depleted,0.01,0.7
3608,-78.0,100,False,7,0,0,26,,energy_depleted,0.01,0.7
3609,-66.0,100,False,4,0,0,26,,energy_depleted,0.01,0.7
3610,-62.0,100,False,3,0,0,28,,energy_depleted,0.01,0.7
3611,-66.0,100,False,4,0,0,26,,energy_depleted,0.01,0.7
3612,-70.0,100,False,5,0,0,26,,energy_depleted,0.01,0.7
3613,-86.0,100,False,9,0,0,26,,energy_depleted,0.01,0.7
3614,-70.0,100,False,5,0,0,26,,energy_depleted,0.01,0.7
3615,-100.0,100,False,10,1,0,26,,energy_depleted,0.01,0.7
3616,-74.0,100,False,6,0,0,26,,energy_depleted,0.01,0.7
3617,-70.0,100,False,5,0,0,26,,energy_depleted,0.01,0.7
3618,-70.0,100,False,5,0,0,26,,energy_depleted,0.01,0.7
3619,-78.0,100,False,7,0,0,26,,energy_depleted,0.01,0.7
3620,-102.0,100,False,13,0,0,28,,energy_depleted,0.01,0.7
3621,-92.0,100,False,8,1,0,26,,energy_depleted,0.01,0.7
3622,-78.0,100,False,7,0,0,26,,energy_depleted,0.01,0.7
3623,-120.0,100,False,15,1,0,26,,energy_depleted,0.01,0.7
3624,-86.0,100,False,9,0,0,26,,energy_depleted,0.01,0.7
3625,-74.0,100,False,6,0,0,26,,energy_depleted,0.01,0.7
3626,-90.0,100,False,10,0,0,26,,energy_depleted,0.01,0.7
3627,-74.0,100,False,6,0,0,26,,energy_depleted,0.01,0.7
3628,-114.0,100,False,16,0,0,26,,energy_depleted,0.01,0.7
3629,-106.0,100,False,14,0,0,26,,energy_depleted,0.01,0.7
3630,-58.0,100,False,2,0,0,26,,energy_depleted,0.01,0.7
3631,-86.0,100,False,9,0,0,26,,energy_depleted,0.01,0.7
3632,-86.0,100,False,9,0,0,26,,energy_depleted,0.01,0.7
3633,-70.0,100,False,5,0,0,26,,energy_depleted,0.01,0.7
3634,-76.0,100,False,4,1,0,26,,energy_depleted,0.01,0.7
3635,-82.0,100,False,8,0,0,26,,energy_depleted,0.01,0.7
3636,-70.0,100,False,5,0,0,26,,energy_depleted,0.01,0.7
3637,-62.0,100,False,3,0,0,26,,energy_depleted,0.01,0.7
3638,-66.0,100,False,4,0,0,26,,energy_depleted,0.01,0.7
3639,-70.0,100,False,5,0,0,26,,energy_depleted,0.01,0.7
3640,-62.0,100,False,3,0,0,26,,energy_depleted,0.01,0.7
3641,-98.0,100,False,7,2,0,26,,energy_depleted,0.01,0.7
3642,-78.0,100,False,7,0,0,28,,energy_depleted,0.01,0.7
3643,-90.0,100,False,10,0,0,26,,energy_depleted,0.01,0.7
3644,-74.0,100,False,6,0,0,26,,energy_depleted,0.01,0.7
3645,-82.0,100,False,8,0,0,26,,energy_depleted,0.01,0.7
3646,-54.0,100,False,1,0,0,26,,energy_depleted,0.01,0.7
3647,-90.0,100,False,5,2,0,26,,energy_depleted,0.01,0.7
3648,-92.0,100,False,8,1,0,26,,energy_depleted,0.01,0.7
3649,-86.0,100,False,9,0,0,26,,energy_depleted,0.01,0.7
3650,-82.0,100,False,8,0,0,26,,energy_depleted,0.01,0.7
3651,-70.0,100,False,5,0,0,26,,energy_depleted,0.01,0.7
3652,-62.0,100,False,3,0,0,26,,energy_depleted,0.01,0.7
3653,-102.0,100,False,13,0,0,26,,energy_depleted,0.01,0.7
3654,-142.0,100,False,13,4,0,26,,energy_depleted,0.01,0.7
3655,-94.0,100,False,11,0,0,26,,energy_depleted,0.01,0.7
3656,-90.0,100,False,10,0,0,26,,energy_depleted,0.01,0.7
3657,-62.0,100,False,3,0,0,26,,energy_depleted,0.01,0.7
3658,-70.0,100,False,5,0,0,26,,energy_depleted,0.01,0.7
3659,-78.0,100,False,7,0,0,26,,energy_depleted,0.01,0.7
3660,-74.0,100,False,6,0,0,26,,energy_depleted,0.01,0.7
3661,-86.0,100,False,9,0,0,26,,energy_depleted,0.01,0.7
3662,-106.0,100,False,14,0,0,26,,energy_depleted,0.01,0.7
3663,-62.0,100,False,3,0,0,26,,energy_depleted,0.01,0.7
3664,-62.0,100,False,3,0,0,26,,energy_depleted,0.01,0.7
3665,-74.0,100,False,6,0,0,26,,energy_depleted,0.01,0.7
3666,-66.0,100,False,4,0,0,26,,energy_depleted,0.01,0.7
3667,-74.0,100,False,6,0,0,26,,energy_depleted,0.01,0.7
3668,-54.0,100,False,1,0,0,26,,energy_depleted,0.01,0.7
3669,-94.0,100,False,11,0,0,26,,energy_depleted,0.01,0.7
3670,-88.0,100,False,7,1,0,26,,energy_depleted,0.01,0.7
3671,-124.0,100,False,16,1,0,26,,energy_depleted,0.01,0.7
3672,-90.0,100,False,5,2,0,26,,energy_depleted,0.01,0.7
3673,-74.0,100,False,6,0,0,26,,energy_depleted,0.01,0.7
3674,-90.0,100,False,10,0,0,26,,energy_depleted,0.01,0.7
3675,-76.0,100,False,4,1,0,26,,energy_depleted,0.01,0.7
3676,-62.0,100,False,3,0,0,26,,energy_depleted,0.01,0.7
3677,-98.0,100,False,12,0,0,26,,energy_depleted,0.01,0.7
3678,-74.0,100,False,6,0,0,26,,energy_depleted,0.01,0.7
3679,-140.0,100,False,15,3,0,26,,energy_depleted,0.01,0.7
3680,-88.0,100,False,7,1,0,28,,energy_depleted,0.01,0.7
3681,-62.0,100,False,3,0,0,26,,energy_depleted,0.01,0.7
3682,-66.0,100,False,4,0,0,26,,energy_depleted,0.01,0.7
3683,-66.0,100,False,4,0,0,26,,energy_depleted,0.01,0.7
3684,-100.0,100,False,10,1,0,26,,energy_depleted,0.01,0.7
3685,-130.0,100,False,15,2,0,26,,energy_depleted,0.01,0.7
3686,-62.0,100,False,3,0,0,26,,energy_depleted,0.01,0.7
3687,-70.0,100,False,5,0,0,26,,energy_depleted,0.01,0.7
3688,-90.0,100,False,10,0,0,26,,energy_depleted,0.01,0.7
3689,-78.0,100,False,7,0,0,26,,energy_depleted,0.01,0.7
3690,-78.0,100,False,7,0,0,26,,energy_depleted,0.01,0.7
3691,-70.0,100,False,5,0,0,26,,energy_depleted,0.01,0.7
3692,-62.0,100,False,3,0,0,26,,energy_depleted,0.01,0.7
3693,-58.0,100,False,2,0,0,26,,energy_depleted,0.01,0.7
3694,-74.0,100,False,6,0,0,26,,energy_depleted,0.01,0.7
3695,-66.0,100,False,4,0,0,26,,energy_depleted,0.01,0.7
3696,-74.0,100,False,6,0,0,26,,energy_depleted,0.01,0.7
3697,-62.0,100,False,3,0,0,26,,energy_depleted,0.01,0.7
3698,-74.0,100,False,6,0,0,26,,energy_depleted,0.01,0.7
3699,-66.0,100,False,4,0,0,26,,energy_depleted,0.01,0.7
3700,-58.0,100,False,2,0,0,26,,energy_depleted,0.01,0.7
3701,-100.0,100,False,10,1,0,26,,energy_depleted,0.01,0.7
3702,-106.0,100,False,14,0,0,26,,energy_depleted,0.01,0.7
3703,-86.0,100,False,9,0,0,26,,energy_depleted,0.01,0.7
3704,-70.0,100,False,5,0,0,26,,energy_depleted,0.01,0.7
3705,-62.0,100,False,3,0,0,26,,energy_depleted,0.01,0.7
3706,-82.0,100,False,8,0,0,26,,energy_depleted,0.01,0.7
3707,-86.0,100,False,9,0,0,26,,energy_depleted,0.01,0.7
3708,-80.0,100,False,5,1,0,26,,energy_depleted,0.01,0.7
3709,-70.0,100,False,5,0,0,26,,energy_depleted,0.01,0.7
3710,-70.0,100,False,5,0,0,26,,energy_depleted,0.01,0.7
3711,-90.0,100,False,10,0,0,26,,energy_depleted,0.01,0.7
3712,-66.0,100,False,4,0,0,26,,energy_depleted,0.01,0.7
3713,-66.0,100,False,4,0,0,26,,energy_depleted,0.01,0.7
3714,-58.0,100,False,2,0,0,26,,energy_depleted,0.01,0.7
3715,-94.0,100,False,11,0,0,26,,energy_depleted,0.01,0.7
3716,-66.0,100,False,4,0,0,26,,energy_depleted,0.01,0.7
3717,-126.0,100,False,19,0,0,26,,energy_depleted,0.01,0.7
3718,-82.0,100,False,8,0,0,26,,energy_depleted,0.01,0.7
3719,-70.0,100,False,5,0,0,26,,energy_depleted,0.01,0.7
3720,-58.0,100,False,2,0,0,26,,energy_depleted,0.01,0.7
3721,-58.0,100,False,2,0,0,26,,energy_depleted,0.01,0.7
3722,-86.0,100,False,9,0,0,26,,energy_depleted,0.01,0.7
3723,-74.0,100,False,6,0,0,26,,energy_depleted,0.01,0.7
3724,-88.0,100,False,7,1,0,26,,energy_depleted,0.01,0.7
3725,-58.0,100,False,2,0,0,26,,energy_depleted,0.01,0.7
3726,-62.0,100,False,3,0,0,26,,energy_depleted,0.01,0.7
3727,-114.0,100,False,16,0,0,26,,energy_depleted,0.01,0.7
3728,-104.0,100,False,11,1,0,29,,energy_depleted,0.01,0.7
3729,-58.0,100,False,2,0,0,26,,energy_depleted,0.01,0.7
3730,-74.0,100,False,6,0,0,26,,energy_depleted,0.01,0.7
3731,-74.0,100,False,6,0,0,26,,energy_depleted,0.01,0.7
3732,-70.0,100,False,5,0,0,26,,energy_depleted,0.01,0.7
3733,-54.0,100,False,1,0,0,26,,energy_depleted,0.01,0.7
3734,-78.0,100,False,7,0,0,26,,energy_depleted,0.01,0.7
3735,-58.0,100,False,2,0,0,26,,energy_depleted,0.01,0.7
3736,-78.0,100,False,7,0,0,26,,energy_depleted,0.01,0.7
3737,-70.0,100,False,5,0,0,26,,energy_depleted,0.01,0.7
3738,-54.0,100,False,1,0,0,26,,energy_depleted,0.01,0.7
3739,-102.0,100,False,13,0,0,28,,energy_depleted,0.01,0.7
3740,-66.0,100,False,4,0,0,26,,energy_depleted,0.01,0.7
3741,-58.0,100,False,2,0,0,26,,energy_depleted,0.01,0.7
3742,-74.0,100,False,6,0,0,26,,energy_depleted,0.01,0.7
3743,-86.0,100,False,9,0,0,26,,energy_depleted,0.01,0.7
3744,-76.0,100,False,4,1,0,26,,energy_depleted,0.01,0.7
3745,-74.0,100,False,6,0,0,26,,energy_depleted,0.01,0.7
3746,-82.0,100,False,8,0,0,26,,energy_depleted,0.01,0.7
3747,-66.0,100,False,4,0,0,26,,energy_depleted,0.01,0.7
3748,-90.0,100,False,10,0,0,26,,energy_depleted,0.01,0.7
3749,-74.0,100,False,6,0,0,26,,energy_depleted,0.01,0.7
3750,-86.0,100,False,9,0,0,26,,energy_depleted,0.01,0.7
3751,-66.0,100,False,4,0,0,26,,energy_depleted,0.01,0.7
3752,-110.0,100,False,15,0,0,26,,energy_depleted,0.01,0.7
3753,-74.0,100,False,6,0,0,26,,energy_depleted,0.01,0.7
3754,-78.0,100,False,7,0,0,26,,energy_depleted,0.01,0.7
3755,-88.0,100,False,7,1,0,26,,energy_depleted,0.01,0.7
3756,-70.0,100,False,5,0,0,26,,energy_depleted,0.01,0.7
3757,-94.0,100,False,11,0,0,26,,energy_depleted,0.01,0.7
3758,-86.0,100,False,9,0,0,26,,energy_depleted,0.01,0.7
3759,-86.0,100,False,9,0,0,26,,energy_depleted,0.01,0.7
3760,-62.0,100,False,3,0,0,26,,energy_depleted,0.01,0.7
3761,-66.0,100,False,4,0,0,28,,energy_depleted,0.01,0.7
3762,-90.0,100,False,10,0,0,26,,energy_depleted,0.01,0.7
3763,-72.0,100,False,3,1,0,26,,energy_depleted,0.01,0.7
3764,-72.0,100,False,3,1,0,26,,energy_depleted,0.01,0.7
3765,-74.0,100,False,6,0,0,26,,energy_depleted,0.01,0.7
3766,-112.0,100,False,8,3,0,26,,energy_depleted,0.01,0.7
3767,-100.0,100,False,10,1,0,28,,energy_depleted,0.01,0.7
3768,-66.0,100,False,4,0,0,26,,energy_depleted,0.01,0.7
3769,-58.0,100,False,2,0,0,26,,energy_depleted,0.01,0.7
3770,-82.0,100,False,8,0,0,26,,energy_depleted,0.01,0.7
3771,-54.0,100,False,1,0,0,26,,energy_depleted,0.01,0.7
3772,-90.0,100,False,10,0,0,26,,energy_depleted,0.01,0.7
3773,-76.0,100,False,4,1,0,26,,energy_depleted,0.01,0.7
3774,-90.0,100,False,10,0,0,26,,energy_depleted,0.01,0.7
3775,-90.0,100,False,10,0,0,26,,energy_depleted,0.01,0.7
3776,-106.0,100,False,14,0,0,26,,energy_depleted,0.01,0.7
3777,-142.0,100,False,18,2,0,26,,energy_depleted,0.01,0.7
3778,-80.0,100,False,5,1,0,26,,energy_depleted,0.01,0.7
3779,-62.0,100,False,3,0,0,26,,energy_depleted,0.01,0.7
3780,-50.0,100,False,0,0,0,26,,energy_depleted,0.01,0.7
3781,-82.0,100,False,8,0,0,26,,energy_depleted,0.01,0.7
3782,-120.0,100,False,15,1,0,29,,energy_depleted,0.01,0.7
3783,-86.0,100,False,9,0,0,26,,energy_depleted,0.01,0.7
3784,-74.0,100,False,6,0,0,26,,energy_depleted,0.01,0.7
3785,-70.0,100,False,5,0,0,26,,energy_depleted,0.01,0.7
3786,-98.0,100,False,12,0,0,26,,energy_depleted,0.01,0.7
3787,-78.0,100,False,7,0,0,28,,energy_depleted,0.01,0.7
3788,-70.0,100,False,5,0,0,26,,energy_depleted,0.01,0.7
3789,-70.0,100,False,5,0,0,26,,energy_depleted,0.01,0.7
3790,-70.0,100,False,5,0,0,26,,energy_depleted,0.01,0.7
3791,-58.0,100,False,2,0,0,26,,energy_depleted,0.01,0.7
3792,-126.0,100,False,9,4,0,26,,energy_depleted,0.01,0.7
3793,-78.0,100,False,7,0,0,26,,energy_depleted,0.01,0.7
3794,-90.0,100,False,10,0,0,26,,energy_depleted,0.01,0.7
3795,-106.0,100,False,14,0,0,26,,energy_depleted,0.01,0.7
3796,-70.0,100,False,5,0,0,26,,energy_depleted,0.01,0.7
3797,-74.0,100,False,6,0,0,26,,energy_depleted,0.01,0.7
3798,-82.0,100,False,8,0,0,26,,energy_depleted,0.01,0.7
3799,-66.0,100,False,4,0,0,28,,energy_depleted,0.01,0.7
3800,-106.0,100,False,14,0,0,26,,energy_depleted,0.01,0.7
3801,-86.0,100,False,9,0,0,26,,energy_depleted,0.01,0.7
3802,-66.0,100,False,4,0,0,26,,energy_depleted,0.01,0.7
3803,-66.0,100,False,4,0,0,26,,energy_depleted,0.01,0.7
3804,-62.0,100,False,3,0,0,26,,energy_depleted,0.01,0.7
3805,-74.0,100,False,6,0,0,26,,energy_depleted,0.01,0.7
3806,-78.0,100,False,7,0,0,26,,energy_depleted,0.01,0.7
3807,-70.0,100,False,5,0,0,26,,energy_depleted,0.01,0.7
3808,-134.0,100,False,21,0,0,26,,energy_depleted,0.01,0.7
3809,-62.0,100,False,3,0,0,26,,energy_depleted,0.01,0.7
3810,-88.0,100,False,7,1,0,26,,energy_depleted,0.01,0.7
3811,-108.0,100,False,7,3,0,26,,energy_depleted,0.01,0.7
3812,-82.0,100,False,8,0,0,26,,energy_depleted,0.01,0.7
3813,-82.0,100,False,8,0,0,26,,energy_depleted,0.01,0.7
3814,-70.0,100,False,5,0,0,26,,energy_depleted,0.01,0.7
3815,-82.0,100,False,8,0,0,26,,energy_depleted,0.01,0.7
3816,-88.0,100,False,7,1,0,26,,energy_depleted,0.01,0.7
3817,-74.0,100,False,6,0,0,26,,energy_depleted,0.01,0.7
3818,-66.0,100,False,4,0,0,26,,energy_depleted,0.01,0.7
3819,-160.0,100,False,25,1,0,26,,energy_depleted,0.01,0.7
3820,-78.0,100,False,7,0,0,26,,energy_depleted,0.01,0.7
3821,-62.0,100,False,3,0,0,26,,energy_depleted,0.01,0.7
3822,-66.0,100,False,4,0,0,26,,energy_depleted,0.01,0.7
3823,-86.0,100,False,9,0,0,23,,energy_depleted,0.01,0.7
3824,-62.0,100,False,3,0,0,26,,energy_depleted,0.01,0.7
3825,-50.0,100,False,0,0,0,26,,energy_depleted,0.01,0.7
3826,-70.0,100,False,5,0,0,26,,energy_depleted,0.01,0.7
3827,-58.0,100,False,2,0,0,26,,energy_depleted,0.01,0.7
3828,-70.0,100,False,5,0,0,26,,energy_depleted,0.01,0.7
3829,-104.0,100,False,11,1,0,26,,energy_depleted,0.01,0.7
3830,-74.0,100,False,6,0,0,26,,energy_depleted,0.01,0.7
3831,-74.0,100,False,6,0,0,26,,energy_depleted,0.01,0.7
3832,-78.0,100,False,7,0,0,26,,energy_depleted,0.01,0.7
3833,-70.0,100,False,5,0,0,26,,energy_depleted,0.01,0.7
3834,-96.0,100,False,9,1,0,26,,energy_depleted,0.01,0.7
3835,-74.0,100,False,6,0,0,26,,energy_depleted,0.01,0.7
3836,-62.0,100,False,3,0,0,26,,energy_depleted,0.01,0.7
3837,-88.0,100,False,7,1,0,26,,energy_depleted,0.01,0.7
3838,-82.0,100,False,8,0,0,26,,energy_depleted,0.01,0.7
3839,-70.0,100,False,5,0,0,26,,energy_depleted,0.01,0.7
3840,-74.0,100,False,6,0,0,26,,energy_depleted,0.01,0.7
3841,-102.0,100,False,13,0,0,26,,energy_depleted,0.01,0.7
3842,-106.0,100,False,14,0,0,26,,energy_depleted,0.01,0.7
3843,-62.0,100,False,3,0,0,26,,energy_depleted,0.01,0.7
3844,-92.0,100,False,8,1,0,26,,energy_depleted,0.01,0.7
3845,-62.0,100,False,3,0,0,26,,energy_depleted,0.01,0.7
3846,-82.0,100,False,8,0,0,26,,energy_depleted,0.01,0.7
3847,-66.0,100,False,4,0,0,26,,energy_depleted,0.01,0.7
3848,-84.0,100,False,6,1,0,26,,energy_depleted,0.01,0.7
3849,-66.0,100,False,4,0,0,26,,energy_depleted,0.01,0.7
3850,-70.0,100,False,5,0,0,26,,energy_depleted,0.01,0.7
3851,-66.0,100,False,4,0,0,26,,energy_depleted,0.01,0.7
3852,-88.0,100,False,7,1,0,26,,energy_depleted,0.01,0.7
3853,-82.0,100,False,8,0,0,26,,energy_depleted,0.01,0.7
3854,-70.0,100,False,5,0,0,28,,energy_depleted,0.01,0.7
3855,-78.0,100,False,7,0,0,26,,energy_depleted,0.01,0.7
3856,-82.0,100,False,8,0,0,26,,energy_depleted,0.01,0.7
3857,-78.0,100,False,2,2,0,26,,energy_depleted,0.01,0.7
3858,-86.0,100,False,9,0,0,26,,energy_depleted,0.01,0.7
3859,-78.0,100,False,7,0,0,26,,energy_depleted,0.01,0.7
3860,-124.0,100,False,11,3,0,26,,energy_depleted,0.01,0.7
3861,-70.0,100,False,5,0,0,26,,energy_depleted,0.01,0.7
3862,-76.0,100,False,4,1,0,26,,energy_depleted,0.01,0.7
3863,-74.0,100,False,6,0,0,26,,energy_depleted,0.01,0.7
3864,-66.0,100,False,4,0,0,26,,energy_depleted,0.01,0.7
3865,-76.0,100,False,4,1,0,26,,energy_depleted,0.01,0.7
3866,-66.0,100,False,4,0,0,26,,energy_depleted,0.01,0.7
3867,-82.0,100,False,8,0,0,26,,energy_depleted,0.01,0.7
3868,-98.0,100,False,12,0,0,26,,energy_depleted,0.01,0.7
3869,-74.0,100,False,6,0,0,28,,energy_depleted,0.01,0.7
3870,-66.0,100,False,4,0,0,26,,energy_depleted,0.01,0.7
3871,-78.0,100,False,7,0,0,26,,energy_depleted,0.01,0.7
3872,-100.0,100,False,5,3,0,26,,energy_depleted,0.01,0.7
3873,-74.0,100,False,6,0,0,26,,energy_depleted,0.01,0.7
3874,-64.0,100,False,1,1,0,26,,energy_depleted,0.01,0.7
3875,-74.0,100,False,6,0,0,26,,energy_depleted,0.01,0.7
3876,-70.0,100,False,5,0,0,26,,energy_depleted,0.01,0.7
3877,-78.0,100,False,7,0,0,26,,energy_depleted,0.01,0.7
3878,-78.0,100,False,7,0,0,26,,energy_depleted,0.01,0.7
3879,-86.0,100,False,9,0,0,26,,energy_depleted,0.01,0.7
3880,-62.0,100,False,3,0,0,26,,energy_depleted,0.01,0.7
3881,-86.0,100,False,9,0,0,26,,energy_depleted,0.01,0.7
3882,-98.0,100,False,12,0,0,26,,energy_depleted,0.01,0.7
3883,-66.0,100,False,4,0,0,26,,energy_depleted,0.01,0.7
3884,-74.0,100,False,6,0,0,26,,energy_depleted,0.01,0.7
3885,-90.0,100,False,10,0,0,26,,energy_depleted,0.01,0.7
3886,-92.0,100,False,8,1,0,29,,energy_depleted,0.01,0.7
3887,-62.0,100,False,3,0,0,26,,energy_depleted,0.01,0.7
3888,-66.0,100,False,4,0,0,26,,energy_depleted,0.01,0.7
3889,-86.0,100,False,9,0,0,26,,energy_depleted,0.01,0.7
3890,-70.0,100,False,5,0,0,26,,energy_depleted,0.01,0.7
3891,-116.0,100,False,14,1,0,26,,energy_depleted,0.01,0.7
3892,-50.0,100,False,0,0,0,26,,energy_depleted,0.01,0.7
3893,-76.0,100,False,4,1,0,26,,energy_depleted,0.01,0.7
3894,-62.0,100,False,3,0,0,26,,energy_depleted,0.01,0.7
3895,-72.0,100,False,3,1,0,26,,energy_depleted,0.01,0.7
3896,-70.0,100,False,5,0,0,26,,energy_depleted,0.01,0.7
3897,-54.0,100,False,1,0,0,26,,energy_depleted,0.01,0.7
3898,-102.0,100,False,13,0,0,26,,energy_depleted,0.01,0.7
3899,-74.0,100,False,6,0,0,26,,energy_depleted,0.01,0.7
3900,-58.0,100,False,2,0,0,26,,energy_depleted,0.01,0.7
3901,-114.0,100,False,16,0,0,26,,energy_depleted,0.01,0.7
3902,-66.0,100,False,4,0,0,26,,energy_depleted,0.01,0.7
3903,-110.0,100,False,15,0,0,26,,energy_depleted,0.01,0.7
3904,-102.0,100,False,13,0,0,26,,energy_depleted,0.01,0.7
3905,-78.0,100,False,7,0,0,26,,energy_depleted,0.01,0.7
3906,-66.0,100,False,4,0,0,26,,energy_depleted,0.01,0.7
3907,-116.0,100,False,14,1,0,28,,energy_depleted,0.01,0.7
3908,-62.0,100,False,3,0,0,26,,energy_depleted,0.01,0.7
3909,-62.0,100,False,3,0,0,26,,energy_depleted,0.01,0.7
3910,-78.0,100,False,7,0,0,26,,energy_depleted,0.01,0.7
3911,-74.0,100,False,6,0,0,26,,energy_depleted,0.01,0.7
3912,-90.0,100,False,10,0,0,26,,energy_depleted,0.01,0.7
3913,-110.0,100,False,15,0,0,26,,energy_depleted,0.01,0.7
3914,-58.0,100,False,2,0,0,28,,energy_depleted,0.01,0.7
3915,-78.0,100,False,7,0,0,26,,energy_depleted,0.01,0.7
3916,-62.0,100,False,3,0,0,26,,energy_depleted,0.01,0.7
3917,-62.0,100,False,3,0,0,29,,energy_depleted,0.01,0.7
3918,-94.0,100,False,11,0,0,26,,energy_depleted,0.01,0.7
3919,-74.0,100,False,6,0,0,26,,energy_depleted,0.01,0.7
3920,-66.0,100,False,4,0,0,26,,energy_depleted,0.01,0.7
3921,-82.0,100,False,8,0,0,26,,energy_depleted,0.01,0.7
3922,-82.0,100,False,8,0,0,26,,energy_depleted,0.01,0.7
3923,-50.0,100,False,0,0,0,26,,energy_depleted,0.01,0.7
3924,-74.0,100,False,6,0,0,28,,energy_depleted,0.01,0.7
3925,-70.0,100,False,5,0,0,26,,energy_depleted,0.01,0.7
3926,-60.0,100,False,0,1,0,26,,energy_depleted,0.01,0.7
3927,-78.0,100,False,7,0,0,26,,energy_depleted,0.01,0.7
3928,-62.0,100,False,3,0,0,28,,energy_depleted,0.01,0.7
3929,-74.0,100,False,6,0,0,26,,energy_depleted,0.01,0.7
3930,-88.0,100,False,7,1,0,26,,energy_depleted,0.01,0.7
3931,-94.0,100,False,11,0,0,26,,energy_depleted,0.01,0.7
3932,-90.0,100,False,10,0,0,26,,energy_depleted,0.01,0.7
3933,-58.0,100,False,2,0,0,26,,energy_depleted,0.01,0.7
3934,-74.0,100,False,6,0,0,26,,energy_depleted,0.01,0.7
3935,-86.0,100,False,9,0,0,26,,energy_depleted,0.01,0.7
3936,-74.0,100,False,6,0,0,26,,energy_depleted,0.01,0.7
3937,-66.0,100,False,4,0,0,26,,energy_depleted,0.01,0.7
3938,-94.0,100,False,11,0,0,26,,energy_depleted,0.01,0.7
3939,-90.0,100,False,10,0,0,26,,energy_depleted,0.01,0.7
3940,-66.0,100,False,4,0,0,26,,energy_depleted,0.01,0.7
3941,-96.0,100,False,9,1,0,26,,energy_depleted,0.01,0.7
3942,-80.0,100,False,5,1,0,28,,energy_depleted,0.01,0.7
3943,-66.0,100,False,4,0,0,26,,energy_depleted,0.01,0.7
3944,-82.0,100,False,8,0,0,26,,energy_depleted,0.01,0.7
3945,-70.0,100,False,5,0,0,26,,energy_depleted,0.01,0.7
3946,-74.0,100,False,6,0,0,26,,energy_depleted,0.01,0.7
3947,-66.0,100,False,4,0,0,26,,energy_depleted,0.01,0.7
3948,-70.0,100,False,5,0,0,26,,energy_depleted,0.01,0.7
3949,-70.0,100,False,5,0,0,26,,energy_depleted,0.01,0.7
3950,-90.0,100,False,10,0,0,26,,energy_depleted,0.01,0.7
3951,-78.0,100,False,7,0,0,26,,energy_depleted,0.01,0.7
3952,-66.0,100,False,4,0,0,26,,energy_depleted,0.01,0.7
3953,-74.0,100,False,6,0,0,26,,energy_depleted,0.01,0.7
3954,-62.0,100,False,3,0,0,26,,energy_depleted,0.01,0.7
3955,-106.0,100,False,14,0,0,26,,energy_depleted,0.01,0.7
3956,-96.0,100,False,9,1,0,28,,energy_depleted,0.01,0.7
3957,-74.0,100,False,6,0,0,26,,energy_depleted,0.01,0.7
3958,-78.0,100,False,7,0,0,26,,energy_depleted,0.01,0.7
3959,-80.0,100,False,5,1,0,26,,energy_depleted,0.01,0.7
3960,-70.0,100,False,5,0,0,26,,energy_depleted,0.01,0.7
3961,-92.0,100,False,8,1,0,29,,energy_depleted,0.01,0.7
3962,-78.0,100,False,7,0,0,26,,energy_depleted,0.01,0.7
3963,-68.0,100,False,2,1,0,26,,energy_depleted,0.01,0.7
3964,-68.0,100,False,2,1,0,26,,energy_depleted,0.01,0.7
3965,-70.0,100,False,5,0,0,26,,energy_depleted,0.01,0.7
3966,-190.0,100,False,30,2,0,29,,energy_depleted,0.01,0.7
3967,-62.0,100,False,3,0,0,26,,energy_depleted,0.01,0.7
3968,-62.0,100,False,3,0,0,26,,energy_depleted,0.01,0.7
3969,-82.0,100,False,8,0,0,26,,energy_depleted,0.01,0.7
3970,-74.0,100,False,6,0,0,26,,energy_depleted,0.01,0.7
3971,-90.0,100,False,10,0,0,26,,energy_depleted,0.01,0.7
3972,-86.0,100,False,9,0,0,26,,energy_depleted,0.01,0.7
3973,-110.0,100,False,15,0,0,26,,energy_depleted,0.01,0.7
3974,-82.0,100,False,8,0,0,26,,energy_depleted,0.01,0.7
3975,-62.0,100,False,3,0,0,26,,energy_depleted,0.01,0.7
3976,-94.0,100,False,11,0,0,26,,energy_depleted,0.01,0.7
3977,-70.0,100,False,5,0,0,26,,energy_depleted,0.01,0.7
3978,-78.0,100,False,7,0,0,26,,energy_depleted,0.01,0.7
3979,-86.0,100,False,9,0,0,26,,energy_depleted,0.01,0.7
3980,-98.0,100,False,12,0,0,26,,energy_depleted,0.01,0.7
3981,-70.0,100,False,5,0,0,26,,energy_depleted,0.01,0.7
3982,-70.0,100,False,5,0,0,26,,energy_depleted,0.01,0.7
3983,-74.0,100,False,6,0,0,26,,energy_depleted,0.01,0.7
3984,-84.0,100,False,6,1,0,26,,energy_depleted,0.01,0.7
3985,-80.0,100,False,5,1,0,26,,energy_depleted,0.01,0.7
3986,-78.0,100,False,7,0,0,26,,energy_depleted,0.01,0.7
3987,-98.0,100,False,12,0,0,26,,energy_depleted,0.01,0.7
3988,-70.0,100,False,5,0,0,26,,energy_depleted,0.01,0.7
3989,-82.0,100,False,8,0,0,26,,energy_depleted,0.01,0.7
3990,-66.0,100,False,4,0,0,26,,energy_depleted,0.01,0.7
3991,-74.0,100,False,6,0,0,26,,energy_depleted,0.01,0.7
3992,-66.0,100,False,4,0,0,26,,energy_depleted,0.01,0.7
3993,-58.0,100,False,2,0,0,26,,energy_depleted,0.01,0.7
3994,-78.0,100,False,7,0,0,26,,energy_depleted,0.01,0.7
3995,-86.0,100,False,9,0,0,26,,energy_depleted,0.01,0.7
3996,-70.0,100,False,5,0,0,26,,energy_depleted,0.01,0.7
3997,-66.0,100,False,4,0,0,26,,energy_depleted,0.01,0.7
3998,-70.0,100,False,5,0,0,26,,energy_depleted,0.01,0.7
3999,-78.0,100,False,7,0,0,26,,energy_depleted,0.01,0.7
4000,-100.0,100,False,10,1,0,26,,energy_depleted,0.01,0.7
4001,-74.0,100,False,6,0,0,26,,energy_depleted,0.01,0.7
4002,-94.0,100,False,11,0,0,26,,energy_depleted,0.01,0.7
4003,-110.0,100,False,15,0,0,26,,energy_depleted,0.01,0.7
4004,-94.0,100,False,11,0,0,26,,energy_depleted,0.01,0.7
4005,-62.0,100,False,3,0,0,26,,energy_depleted,0.01,0.7
4006,-76.0,100,False,4,1,0,26,,energy_depleted,0.01,0.7
4007,-66.0,100,False,4,0,0,26,,energy_depleted,0.01,0.7
4008,-66.0,100,False,4,0,0,26,,energy_depleted,0.01,0.7
4009,-78.0,100,False,7,0,0,26,,energy_depleted,0.01,0.7
4010,-78.0,100,False,7,0,0,26,,energy_depleted,0.01,0.7
4011,-90.0,100,False,10,0,0,26,,energy_depleted,0.01,0.7
4012,-80.0,100,False,5,1,0,26,,energy_depleted,0.01,0.7
4013,-62.0,100,False,3,0,0,29,,energy_depleted,0.01,0.7
4014,-72.0,100,False,3,1,0,26,,energy_depleted,0.01,0.7
4015,-62.0,100,False,3,0,0,26,,energy_depleted,0.01,0.7
4016,-82.0,100,False,8,0,0,26,,energy_depleted,0.01,0.7
4017,-54.0,100,False,1,0,0,26,,energy_depleted,0.01,0.7
4018,-94.0,100,False,11,0,0,26,,energy_depleted,0.01,0.7
4019,-74.0,100,False,6,0,0,26,,energy_depleted,0.01,0.7
4020,-66.0,100,False,4,0,0,26,,energy_depleted,0.01,0.7
4021,-82.0,100,False,8,0,0,26,,energy_depleted,0.01,0.7
4022,-58.0,100,False,2,0,0,26,,energy_depleted,0.01,0.7
4023,-78.0,100,False,7,0,0,26,,energy_depleted,0.01,0.7
4024,-82.0,100,False,8,0,0,26,,energy_depleted,0.01,0.7
4025,-82.0,100,False,8,0,0,26,,energy_depleted,0.01,0.7
4026,-74.0,100,False,6,0,0,26,,energy_depleted,0.01,0.7
4027,-102.0,100,False,13,0,0,26,,energy_depleted,0.01,0.7
4028,-94.0,100,False,11,0,0,26,,energy_depleted,0.01,0.7
4029,-74.0,100,False,6,0,0,26,,energy_depleted,0.01,0.7
4030,-70.0,100,False,5,0,0,26,,energy_depleted,0.01,0.7
4031,-70.0,100,False,5,0,0,28,,energy_depleted,0.01,0.7
4032,-62.0,100,False,3,0,0,26,,energy_depleted,0.01,0.7
4033,-106.0,100,False,14,0,0,26,,energy_depleted,0.01,0.7
4034,-86.0,100,False,9,0,0,26,,energy_depleted,0.01,0.7
4035,-74.0,100,False,6,0,0,26,,energy_depleted,0.01,0.7
4036,-78.0,100,False,7,0,0,26,,energy_depleted,0.01,0.7
4037,-66.0,100,False,4,0,0,26,,energy_depleted,0.01,0.7
4038,-90.0,100,False,10,0,0,26,,energy_depleted,0.01,0.7
4039,-82.0,100,False,8,0,0,26,,energy_depleted,0.01,0.7
4040,-66.0,100,False,4,0,0,26,,energy_depleted,0.01,0.7
4041,-90.0,100,False,10,0,0,26,,energy_depleted,0.01,0.7
4042,-80.0,100,False,5,1,0,26,,energy_depleted,0.01,0.7
4043,-82.0,100,False,8,0,0,26,,energy_depleted,0.01,0.7
4044,-74.0,100,False,6,0,0,26,,energy_depleted,0.01,0.7
4045,-74.0,100,False,6,0,0,26,,energy_depleted,0.01,0.7
4046,-58.0,100,False,2,0,0,26,,energy_depleted,0.01,0.7
4047,-114.0,100,False,16,0,0,26,,energy_depleted,0.01,0.7
4048,-66.0,100,False,4,0,0,26,,energy_depleted,0.01,0.7
4049,-86.0,100,False,9,0,0,26,,energy_depleted,0.01,0.7
4050,-98.0,100,False,12,0,0,26,,energy_depleted,0.01,0.7
4051,-84.0,100,False,6,1,0,28,,energy_depleted,0.01,0.7
4052,-74.0,100,False,6,0,0,26,,energy_depleted,0.01,0.7
4053,-70.0,100,False,5,0,0,26,,energy_depleted,0.01,0.7
4054,-70.0,100,False,5,0,0,26,,energy_depleted,0.01,0.7
4055,-70.0,100,False,5,0,0,26,,energy_depleted,0.01,0.7
4056,-126.0,100,False,19,0,0,26,,energy_depleted,0.01,0.7
4057,-78.0,100,False,7,0,0,26,,energy_depleted,0.01,0.7
4058,-86.0,100,False,9,0,0,26,,energy_depleted,0.01,0.7
4059,-74.0,100,False,6,0,0,26,,energy_depleted,0.01,0.7
4060,-78.0,100,False,7,0,0,26,,energy_depleted,0.01,0.7
4061,-96.0,100,False,9,1,0,26,,energy_depleted,0.01,0.7
4062,-62.0,100,False,3,0,0,26,,energy_depleted,0.01,0.7
4063,-78.0,100,False,7,0,0,26,,energy_depleted,0.01,0.7
4064,-70.0,100,False,5,0,0,29,,energy_depleted,0.01,0.7
4065,-78.0,100,False,7,0,0,26,,energy_depleted,0.01,0.7
4066,-82.0,100,False,3,2,0,28,,energy_depleted,0.01,0.7
4067,-82.0,100,False,8,0,0,26,,energy_depleted,0.01,0.7
4068,-110.0,100,False,15,0,0,26,,energy_depleted,0.01,0.7
4069,-62.0,100,False,3,0,0,26,,energy_depleted,0.01,0.7
4070,-62.0,100,False,3,0,0,26,,energy_depleted,0.01,0.7
4071,-78.0,100,False,7,0,0,26,,energy_depleted,0.01,0.7
4072,-86.0,100,False,9,0,0,26,,energy_depleted,0.01,0.7
4073,-62.0,100,False,3,0,0,26,,energy_depleted,0.01,0.7
4074,-94.0,100,False,11,0,0,26,,energy_depleted,0.01,0.7
4075,-66.0,100,False,4,0,0,26,,energy_depleted,0.01,0.7
4076,-82.0,100,False,8,0,0,26,,energy_depleted,0.01,0.7
4077,-82.0,100,False,8,0,0,26,,energy_depleted,0.01,0.7
4078,-66.0,100,False,4,0,0,26,,energy_depleted,0.01,0.7
4079,-90.0,100,False,10,0,0,26,,energy_depleted,0.01,0.7
4080,-86.0,100,False,9,0,0,26,,energy_depleted,0.01,0.7
4081,-98.0,100,False,12,0,0,26,,energy_depleted,0.01,0.7
4082,-106.0,100,False,14,0,0,26,,energy_depleted,0.01,0.7
4083,-90.0,100,False,10,0,0,26,,energy_depleted,0.01,0.7
4084,-90.0,100,False,10,0,0,26,,energy_depleted,0.01,0.7
4085,-54.0,100,False,1,0,0,26,,energy_depleted,0.01,0.7
4086,-78.0,100,False,7,0,0,26,,energy_depleted,0.01,0.7
4087,-112.0,100,False,8,3,0,26,,energy_depleted,0.01,0.7
4088,-58.0,100,False,2,0,0,26,,energy_depleted,0.01,0.7
4089,-66.0,100,False,4,0,0,26,,energy_depleted,0.01,0.7
4090,-86.0,100,False,9,0,0,26,,energy_depleted,0.01,0.7
4091,-50.0,100,False,0,0,0,26,,energy_depleted,0.01,0.7
4092,-78.0,100,False,7,0,0,26,,energy_depleted,0.01,0.7
4093,-58.0,100,False,2,0,0,26,,energy_depleted,0.01,0.7
4094,134.0,100,True,4,0,0,26,100,goal_reached,0.01,0.7
4095,-90.0,100,False,10,0,0,26,,energy_depleted,0.01,0.7
4096,-78.0,100,False,7,0,0,26,,energy_depleted,0.01,0.7
4097,-82.0,100,False,8,0,0,26,,energy_depleted,0.01,0.7
4098,-62.0,100,False,3,0,0,28,,energy_depleted,0.01,0.7
4099,-94.0,100,False,11,0,0,26,,energy_depleted,0.01,0.7
4100,-82.0,100,False,8,0,0,26,,energy_depleted,0.01,0.7
4101,-74.0,100,False,6,0,0,26,,energy_depleted,0.01,0.7
4102,-66.0,100,False,4,0,0,26,,energy_depleted,0.01,0.7
4103,-78.0,100,False,7,0,0,26,,energy_depleted,0.01,0.7
4104,-82.0,100,False,8,0,0,26,,energy_depleted,0.01,0.7
4105,-94.0,100,False,6,2,0,26,,energy_depleted,0.01,0.7
4106,-112.0,100,False,13,1,0,26,,energy_depleted,0.01,0.7
4107,-66.0,100,False,4,0,0,26,,energy_depleted,0.01,0.7
4108,-82.0,100,False,8,0,0,26,,energy_depleted,0.01,0.7
4109,-98.0,100,False,12,0,0,26,,energy_depleted,0.01,0.7
4110,-54.0,100,False,1,0,0,26,,energy_depleted,0.01,0.7
4111,-82.0,100,False,8,0,0,26,,energy_depleted,0.01,0.7
4112,-66.0,100,False,4,0,0,26,,energy_depleted,0.01,0.7
4113,-66.0,100,False,4,0,0,26,,energy_depleted,0.01,0.7
4114,-78.0,100,False,7,0,0,26,,energy_depleted,0.01,0.7
4115,-106.0,100,False,14,0,0,26,,energy_depleted,0.01,0.7
4116,-74.0,100,False,6,0,0,26,,energy_depleted,0.01,0.7
4117,-54.0,100,False,1,0,0,26,,energy_depleted,0.01,0.7
4118,-84.0,100,False,6,1,0,26,,energy_depleted,0.01,0.7
4119,-70.0,100,False,5,0,0,26,,energy_depleted,0.01,0.7
4120,-74.0,100,False,6,0,0,26,,energy_depleted,0.01,0.7
4121,-86.0,100,False,9,0,0,26,,energy_depleted,0.01,0.7
4122,-54.0,100,False,1,0,0,26,,energy_depleted,0.01,0.7
4123,-82.0,100,False,8,0,0,26,,energy_depleted,0.01,0.7
4124,-106.0,100,False,14,0,0,26,,energy_depleted,0.01,0.7
4125,-74.0,100,False,6,0,0,26,,energy_depleted,0.01,0.7
4126,-66.0,100,False,4,0,0,26,,energy_depleted,0.01,0.7
4127,-86.0,100,False,9,0,0,26,,energy_depleted,0.01,0.7
4128,-70.0,100,False,5,0,0,26,,energy_depleted,0.01,0.7
4129,-66.0,100,False,4,0,0,26,,energy_depleted,0.01,0.7
4130,-82.0,100,False,8,0,0,26,,energy_depleted,0.01,0.7
4131,-110.0,100,False,15,0,0,26,,energy_depleted,0.01,0.7
4132,-74.0,100,False,6,0,0,26,,energy_depleted,0.01,0.7
4133,-62.0,100,False,3,0,0,26,,energy_depleted,0.01,0.7
4134,-118.0,100,False,12,2,0,26,,energy_depleted,0.01,0.7
4135,-110.0,100,False,10,2,0,26,,energy_depleted,0.01,0.7
4136,-96.0,100,False,9,1,0,26,,energy_depleted,0.01,0.7
4137,-82.0,100,False,8,0,0,26,,energy_depleted,0.01,0.7
4138,-90.0,100,False,10,0,0,28,,energy_depleted,0.01,0.7
4139,-86.0,100,False,9,0,0,26,,energy_depleted,0.01,0.7
4140,-96.0,100,False,9,1,0,26,,energy_depleted,0.01,0.7
4141,-82.0,100,False,8,0,0,26,,energy_depleted,0.01,0.7
4142,-84.0,100,False,6,1,0,26,,energy_depleted,0.01,0.7
4143,-78.0,100,False,7,0,0,26,,energy_depleted,0.01,0.7
4144,-70.0,100,False,5,0,0,26,,energy_depleted,0.01,0.7
4145,-62.0,100,False,3,0,0,28,,energy_depleted,0.01,0.7
4146,-104.0,100,False,6,3,0,26,,energy_depleted,0.01,0.7
4147,-74.0,100,False,6,0,0,26,,energy_depleted,0.01,0.7
4148,-72.0,100,False,3,1,0,26,,energy_depleted,0.01,0.7
4149,-66.0,100,False,4,0,0,26,,energy_depleted,0.01,0.7
4150,-66.0,100,False,4,0,0,26,,energy_depleted,0.01,0.7
4151,-62.0,100,False,3,0,0,26,,energy_depleted,0.01,0.7
4152,-58.0,100,False,2,0,0,26,,energy_depleted,0.01,0.7
4153,-70.0,100,False,5,0,0,26,,energy_depleted,0.01,0.7
4154,-66.0,100,False,4,0,0,26,,energy_depleted,0.01,0.7
4155,-94.0,100,False,11,0,0,26,,energy_depleted,0.01,0.7
4156,-66.0,100,False,4,0,0,26,,energy_depleted,0.01,0.7
4157,-58.0,100,False,2,0,0,26,,energy_depleted,0.01,0.7
4158,-86.0,100,False,9,0,0,26,,energy_depleted,0.01,0.7
4159,-94.0,100,False,11,0,0,26,,energy_depleted,0.01,0.7
4160,-88.0,100,False,7,1,0,26,,energy_depleted,0.01,0.7
4161,-74.0,100,False,6,0,0,26,,energy_depleted,0.01,0.7
4162,-82.0,100,False,8,0,0,26,,energy_depleted,0.01,0.7
4163,-66.0,100,False,4,0,0,26,,energy_depleted,0.01,0.7
4164,-82.0,100,False,8,0,0,28,,energy_depleted,0.01,0.7
4165,-62.0,100,False,3,0,0,26,,energy_depleted,0.01,0.7
4166,-102.0,100,False,8,2,0,26,,energy_depleted,0.01,0.7
4167,-62.0,100,False,3,0,0,26,,energy_depleted,0.01,0.7
4168,-70.0,100,False,5,0,0,26,,energy_depleted,0.01,0.7
4169,-92.0,100,False,8,1,0,26,,energy_depleted,0.01,0.7
4170,-92.0,100,False,8,1,0,28,,energy_depleted,0.01,0.7
4171,-58.0,100,False,2,0,0,26,,energy_depleted,0.01,0.7
4172,-54.0,100,False,1,0,0,26,,energy_depleted,0.01,0.7
4173,-86.0,100,False,9,0,0,26,,energy_depleted,0.01,0.7
4174,-74.0,100,False,6,0,0,26,,energy_depleted,0.01,0.7
4175,-80.0,100,False,5,1,0,26,,energy_depleted,0.01,0.7
4176,-50.0,100,False,0,0,0,26,,energy_depleted,0.01,0.7
4177,-90.0,100,False,5,2,0,26,,energy_depleted,0.01,0.7
4178,-88.0,100,False,7,1,0,26,,energy_depleted,0.01,0.7
4179,-66.0,100,False,4,0,0,26,,energy_depleted,0.01,0.7
4180,-86.0,100,False,4,2,0,26,,energy_depleted,0.01,0.7
4181,-66.0,100,False,4,0,0,26,,energy_depleted,0.01,0.7
4182,-86.0,100,False,9,0,0,26,,energy_depleted,0.01,0.7
4183,-62.0,100,False,3,0,0,28,,energy_depleted,0.01,0.7
4184,-74.0,100,False,6,0,0,26,,energy_depleted,0.01,0.7
4185,-86.0,100,False,4,2,0,26,,energy_depleted,0.01,0.7
4186,-106.0,100,False,9,2,0,26,,energy_depleted,0.01,0.7
4187,-66.0,100,False,4,0,0,26,,energy_depleted,0.01,0.7
4188,-90.0,100,False,10,0,0,26,,energy_depleted,0.01,0.7
4189,-66.0,100,False,4,0,0,26,,energy_depleted,0.01,0.7
4190,-114.0,100,False,16,0,0,26,,energy_depleted,0.01,0.7
4191,-58.0,100,False,2,0,0,26,,energy_depleted,0.01,0.7
4192,-76.0,100,False,4,1,0,26,,energy_depleted,0.01,0.7
4193,-74.0,100,False,6,0,0,26,,energy_depleted,0.01,0.7
4194,-102.0,100,False,13,0,0,26,,energy_depleted,0.01,0.7
4195,-72.0,100,False,3,1,0,26,,energy_depleted,0.01,0.7
4196,-54.0,100,False,1,0,0,26,,energy_depleted,0.01,0.7
4197,-74.0,100,False,6,0,0,29,,energy_depleted,0.01,0.7
4198,-106.0,100,False,9,2,0,26,,energy_depleted,0.01,0.7
4199,-66.0,100,False,4,0,0,26,,energy_depleted,0.01,0.7
4200,-86.0,100,False,9,0,0,28,,energy_depleted,0.01,0.7
4201,-66.0,100,False,4,0,0,26,,energy_depleted,0.01,0.7
4202,-64.0,100,False,1,1,0,26,,energy_depleted,0.01,0.7
4203,-58.0,100,False,2,0,0,26,,energy_depleted,0.01,0.7
4204,-78.0,100,False,7,0,0,26,,energy_depleted,0.01,0.7
4205,-62.0,100,False,3,0,0,26,,energy_depleted,0.01,0.7
4206,-70.0,100,False,5,0,0,26,,energy_depleted,0.01,0.7
4207,-74.0,100,False,6,0,0,26,,energy_depleted,0.01,0.7
4208,-80.0,100,False,5,1,0,26,,energy_depleted,0.01,0.7
4209,-72.0,100,False,3,1,0,26,,energy_depleted,0.01,0.7
4210,-72.0,100,False,3,1,0,26,,energy_depleted,0.01,0.7
4211,-82.0,100,False,8,0,0,26,,energy_depleted,0.01,0.7
4212,-70.0,100,False,5,0,0,26,,energy_depleted,0.01,0.7
4213,-62.0,100,False,3,0,0,26,,energy_depleted,0.01,0.7
4214,-70.0,100,False,5,0,0,26,,energy_depleted,0.01,0.7
4215,-70.0,100,False,5,0,0,26,,energy_depleted,0.01,0.7
4216,-72.0,100,False,3,1,0,26,,energy_depleted,0.01,0.7
4217,-72.0,100,False,3,1,0,26,,energy_depleted,0.01,0.7
4218,-72.0,100,False,3,1,0,26,,energy_depleted,0.01,0.7
4219,-84.0,100,False,6,1,0,26,,energy_depleted,0.01,0.7
4220,-116.0,100,False,9,3,0,26,,energy_depleted,0.01,0.7
4221,-74.0,100,False,6,0,0,26,,energy_depleted,0.01,0.7
4222,-82.0,100,False,8,0,0,26,,energy_depleted,0.01,0.7
4223,-102.0,100,False,8,2,0,28,,energy_depleted,0.01,0.7
4224,-54.0,100,False,1,0,0,26,,energy_depleted,0.01,0.7
4225,-102.0,100,False,13,0,0,26,,energy_depleted,0.01,0.7
4226,-112.0,100,False,13,1,0,26,,energy_depleted,0.01,0.7
4227,-108.0,100,False,12,1,0,26,,energy_depleted,0.01,0.7
4228,-62.0,100,False,3,0,0,26,,energy_depleted,0.01,0.7
4229,-92.0,100,False,8,1,0,26,,energy_depleted,0.01,0.7
4230,-66.0,100,False,4,0,0,26,,energy_depleted,0.01,0.7
4231,-100.0,100,False,10,1,0,28,,energy_depleted,0.01,0.7
4232,-102.0,100,False,13,0,0,26,,energy_depleted,0.01,0.7
4233,-90.0,100,False,5,2,0,26,,energy_depleted,0.01,0.7
4234,-90.0,100,False,10,0,0,26,,energy_depleted,0.01,0.7
4235,-94.0,100,False,11,0,0,26,,energy_depleted,0.01,0.7
4236,-86.0,100,False,9,0,0,26,,energy_depleted,0.01,0.7
4237,-74.0,100,False,6,0,0,26,,energy_depleted,0.01,0.7
4238,-78.0,100,False,7,0,0,26,,energy_depleted,0.01,0.7
4239,-106.0,100,False,9,2,0,28,,energy_depleted,0.01,0.7
4240,-66.0,100,False,4,0,0,26,,energy_depleted,0.01,0.7
4241,-58.0,100,False,2,0,0,26,,energy_depleted,0.01,0.7
4242,-82.0,100,False,8,0,0,26,,energy_depleted,0.01,0.7
4243,-70.0,100,False,5,0,0,28,,energy_depleted,0.01,0.7
4244,-82.0,100,False,8,0,0,28,,energy_depleted,0.01,0.7
4245,-90.0,100,False,10,0,0,26,,energy_depleted,0.01,0.7
4246,-74.0,100,False,6,0,0,26,,energy_depleted,0.01,0.7
4247,-62.0,100,False,3,0,0,26,,energy_depleted,0.01,0.7
4248,-102.0,100,False,13,0,0,26,,energy_depleted,0.01,0.7
4249,-62.0,100,False,3,0,0,26,,energy_depleted,0.01,0.7
4250,-62.0,100,False,3,0,0,26,,energy_depleted,0.01,0.7
4251,-114.0,100,False,16,0,0,26,,energy_depleted,0.01,0.7
4252,-62.0,100,False,3,0,0,26,,energy_depleted,0.01,0.7
4253,-76.0,100,False,4,1,0,26,,energy_depleted,0.01,0.7
4254,-136.0,100,False,19,1,0,23,,energy_depleted,0.01,0.7
4255,-66.0,100,False,4,0,0,26,,energy_depleted,0.01,0.7
4256,-74.0,100,False,6,0,0,26,,energy_depleted,0.01,0.7
4257,-78.0,100,False,7,0,0,26,,energy_depleted,0.01,0.7
4258,-78.0,100,False,7,0,0,26,,energy_depleted,0.01,0.7
4259,-74.0,100,False,6,0,0,26,,energy_depleted,0.01,0.7
4260,-62.0,100,False,3,0,0,26,,energy_depleted,0.01,0.7
4261,-62.0,100,False,3,0,0,26,,energy_depleted,0.01,0.7
4262,-110.0,100,False,15,0,0,23,,energy_depleted,0.01,0.7
4263,-62.0,100,False,3,0,0,26,,energy_depleted,0.01,0.7
4264,-82.0,100,False,8,0,0,26,,energy_depleted,0.01,0.7
4265,-54.0,100,False,1,0,0,26,,energy_depleted,0.01,0.7
4266,-98.0,100,False,12,0,0,26,,energy_depleted,0.01,0.7
4267,-62.0,100,False,3,0,0,26,,energy_depleted,0.01,0.7
4268,-58.0,100,False,2,0,0,26,,energy_depleted,0.01,0.7
4269,-78.0,100,False,7,0,0,26,,energy_depleted,0.01,0.7
4270,-106.0,100,False,9,2,0,26,,energy_depleted,0.01,0.7
4271,-66.0,100,False,4,0,0,26,,energy_depleted,0.01,0.7
4272,-112.0,100,False,8,3,0,26,,energy_depleted,0.01,0.7
4273,-96.0,100,False,9,1,0,26,,energy_depleted,0.01,0.7
4274,-58.0,100,False,2,0,0,26,,energy_depleted,0.01,0.7
4275,-62.0,100,False,3,0,0,26,,energy_depleted,0.01,0.7
4276,-102.0,100,False,13,0,0,26,,energy_depleted,0.01,0.7
4277,-62.0,100,False,3,0,0,26,,energy_depleted,0.01,0.7
4278,-80.0,100,False,5,1,0,26,,energy_depleted,0.01,0.7
4279,-82.0,100,False,8,0,0,26,,energy_depleted,0.01,0.7
4280,-86.0,100,False,9,0,0,26,,energy_depleted,0.01,0.7
4281,-78.0,100,False,7,0,0,26,,energy_depleted,0.01,0.7
4282,-66.0,100,False,4,0,0,26,,energy_depleted,0.01,0.7
4283,-74.0,100,False,6,0,0,26,,energy_depleted,0.01,0.7
4284,-78.0,100,False,7,0,0,28,,energy_depleted,0.01,0.7
4285,-82.0,100,False,8,0,0,26,,energy_depleted,0.01,0.7
4286,-90.0,100,False,10,0,0,28,,energy_depleted,0.01,0.7
4287,-58.0,100,False,2,0,0,26,,energy_depleted,0.01,0.7
4288,-70.0,100,False,5,0,0,26,,energy_depleted,0.01,0.7
4289,-140.0,100,False,20,1,0,26,,energy_depleted,0.01,0.7
4290,-78.0,100,False,7,0,0,26,,energy_depleted,0.01,0.7
4291,-94.0,100,False,11,0,0,26,,energy_depleted,0.01,0.7
4292,-82.0,100,False,8,0,0,26,,energy_depleted,0.01,0.7
4293,-74.0,100,False,6,0,0,26,,energy_depleted,0.01,0.7
4294,-66.0,100,False,4,0,0,26,,energy_depleted,0.01,0.7
4295,-82.0,100,False,8,0,0,26,,energy_depleted,0.01,0.7
4296,-66.0,100,False,4,0,0,26,,energy_depleted,0.01,0.7
4297,-58.0,100,False,2,0,0,26,,energy_depleted,0.01,0.7
4298,-78.0,100,False,7,0,0,26,,energy_depleted,0.01,0.7
4299,-106.0,100,False,14,0,0,26,,energy_depleted,0.01,0.7
4300,-66.0,100,False,4,0,0,26,,energy_depleted,0.01,0.7
4301,-82.0,100,False,8,0,0,26,,energy_depleted,0.01,0.7
4302,-66.0,100,False,4,0,0,26,,energy_depleted,0.01,0.7
4303,-66.0,100,False,4,0,0,26,,energy_depleted,0.01,0.7
4304,-82.0,100,False,8,0,0,26,,energy_depleted,0.01,0.7
4305,-54.0,100,False,1,0,0,26,,energy_depleted,0.01,0.7
4306,-104.0,100,False,11,1,0,26,,energy_depleted,0.01,0.7
4307,-70.0,100,False,5,0,0,26,,energy_depleted,0.01,0.7
4308,-82.0,100,False,8,0,0,26,,energy_depleted,0.01,0.7
4309,-78.0,100,False,7,0,0,26,,energy_depleted,0.01,0.7
4310,-66.0,100,False,4,0,0,26,,energy_depleted,0.01,0.7
4311,-80.0,100,False,5,1,0,26,,energy_depleted,0.01,0.7
4312,-58.0,100,False,2,0,0,26,,energy_depleted,0.01,0.7
4313,-62.0,100,False,3,0,0,26,,energy_depleted,0.01,0.7
4314,-66.0,100,False,4,0,0,26,,energy_depleted,0.01,0.7
4315,-66.0,100,False,4,0,0,26,,energy_depleted,0.01,0.7
4316,-76.0,100,False,4,1,0,26,,energy_depleted,0.01,0.7
4317,-74.0,100,False,6,0,0,26,,energy_depleted,0.01,0.7
4318,-102.0,100,False,13,0,0,26,,energy_depleted,0.01,0.7
4319,-74.0,100,False,6,0,0,26,,energy_depleted,0.01,0.7
4320,-114.0,100,False,6,4,0,26,,energy_depleted,0.01,0.7
4321,-74.0,100,False,6,0,0,26,,energy_depleted,0.01,0.7
4322,-62.0,100,False,3,0,0,26,,energy_depleted,0.01,0.7
4323,-90.0,100,False,10,0,0,26,,energy_depleted,0.01,0.7
4324,-70.0,100,False,5,0,0,26,,energy_depleted,0.01,0.7
4325,-62.0,100,False,3,0,0,26,,energy_depleted,0.01,0.7
4326,-94.0,100,False,11,0,0,26,,energy_depleted,0.01,0.7
4327,-106.0,100,False,14,0,0,26,,energy_depleted,0.01,0.7
4328,-62.0,100,False,3,0,0,26,,energy_depleted,0.01,0.7
4329,-92.0,100,False,8,1,0,26,,energy_depleted,0.01,0.7
4330,-80.0,100,False,5,1,0,26,,energy_depleted,0.01,0.7
4331,-82.0,100,False,8,0,0,26,,energy_depleted,0.01,0.7
4332,-90.0,100,False,10,0,0,26,,energy_depleted,0.01,0.7
4333,-78.0,100,False,7,0,0,26,,energy_depleted,0.01,0.7
4334,-76.0,100,False,4,1,0,26,,energy_depleted,0.01,0.7
4335,-86.0,100,False,9,0,0,26,,energy_depleted,0.01,0.7
4336,-88.0,100,False,7,1,0,26,,energy_depleted,0.01,0.7
4337,-62.0,100,False,3,0,0,26,,energy_depleted,0.01,0.7
4338,-66.0,100,False,4,0,0,26,,energy_depleted,0.01,0.7
4339,-62.0,100,False,3,0,0,26,,energy_depleted,0.01,0.7
4340,-80.0,100,False,5,1,0,26,,energy_depleted,0.01,0.7
4341,-86.0,100,False,9,0,0,26,,energy_depleted,0.01,0.7
4342,-78.0,100,False,7,0,0,26,,energy_depleted,0.01,0.7
4343,-120.0,100,False,10,3,0,26,,energy_depleted,0.01,0.7
4344,-86.0,100,False,4,2,0,28,,energy_depleted,0.01,0.7
4345,-66.0,100,False,4,0,0,26,,energy_depleted,0.01,0.7
4346,-66.0,100,False,4,0,0,26,,energy_depleted,0.01,0.7
4347,-88.0,100,False,7,1,0,26,,energy_depleted,0.01,0.7
4348,-54.0,100,False,1,0,0,28,,energy_depleted,0.01,0.7
4349,-90.0,100,False,5,2,0,26,,energy_depleted,0.01,0.7
4350,-66.0,100,False,4,0,0,26,,energy_depleted,0.01,0.7
4351,-66.0,100,False,4,0,0,26,,energy_depleted,0.01,0.7
4352,-74.0,100,False,6,0,0,26,,energy_depleted,0.01,0.7
4353,-74.0,100,False,6,0,0,26,,energy_depleted,0.01,0.7
4354,-62.0,100,False,3,0,0,26,,energy_depleted,0.01,0.7
4355,-66.0,100,False,4,0,0,26,,energy_depleted,0.01,0.7
4356,-54.0,100,False,1,0,0,26,,energy_depleted,0.01,0.7
4357,-70.0,100,False,5,0,0,26,,energy_depleted,0.01,0.7
4358,-76.0,100,False,4,1,0,28,,energy_depleted,0.01,0.7
4359,-66.0,100,False,4,0,0,26,,energy_depleted,0.01,0.7
4360,-78.0,100,False,7,0,0,26,,energy_depleted,0.01,0.7
4361,-58.0,100,False,2,0,0,26,,energy_depleted,0.01,0.7
4362,-78.0,100,False,7,0,0,26,,energy_depleted,0.01,0.7
4363,-74.0,100,False,6,0,0,26,,energy_depleted,0.01,0.7
4364,-54.0,100,False,1,0,0,26,,energy_depleted,0.01,0.7
4365,-74.0,100,False,6,0,0,26,,energy_depleted,0.01,0.7
4366,-84.0,100,False,6,1,0,26,,energy_depleted,0.01,0.7
4367,-58.0,100,False,2,0,0,26,,energy_depleted,0.01,0.7
4368,-50.0,100,False,0,0,0,26,,energy_depleted,0.01,0.7
4369,-58.0,100,False,2,0,0,26,,energy_depleted,0.01,0.7
4370,-58.0,100,False,2,0,0,26,,energy_depleted,0.01,0.7
4371,-104.0,100,False,6,3,0,26,,energy_depleted,0.01,0.7
4372,-62.0,100,False,3,0,0,26,,energy_depleted,0.01,0.7
4373,-78.0,100,False,7,0,0,26,,energy_depleted,0.01,0.7
4374,-94.0,100,False,11,0,0,26,,energy_depleted,0.01,0.7
4375,-58.0,100,False,2,0,0,26,,energy_depleted,0.01,0.7
4376,-70.0,100,False,5,0,0,26,,energy_depleted,0.01,0.7
4377,-74.0,100,False,6,0,0,26,,energy_depleted,0.01,0.7
4378,-54.0,100,False,1,0,0,26,,energy_depleted,0.01,0.7
4379,-62.0,100,False,3,0,0,26,,energy_depleted,0.01,0.7
4380,-54.0,100,False,1,0,0,26,,energy_depleted,0.01,0.7
4381,-58.0,100,False,2,0,0,26,,energy_depleted,0.01,0.7
4382,-78.0,100,False,7,0,0,26,,energy_depleted,0.01,0.7
4383,-58.0,100,False,2,0,0,26,,energy_depleted,0.01,0.7
4384,-80.0,100,False,5,1,0,26,,energy_depleted,0.01,0.7
4385,-78.0,100,False,7,0,0,26,,energy_depleted,0.01,0.7
4386,-62.0,100,False,3,0,0,26,,energy_depleted,0.01,0.7
4387,-66.0,100,False,4,0,0,26,,energy_depleted,0.01,0.7
4388,-58.0,100,False,2,0,0,26,,energy_depleted,0.01,0.7
4389,-92.0,100,False,8,1,0,28,,energy_depleted,0.01,0.7
4390,-68.0,100,False,2,1,0,28,,energy_depleted,0.01,0.7
4391,-84.0,100,False,6,1,0,26,,energy_depleted,0.01,0.7
4392,-58.0,100,False,2,0,0,26,,energy_depleted,0.01,0.7
4393,-82.0,100,False,8,0,0,26,,energy_depleted,0.01,0.7
4394,-54.0,100,False,1,0,0,26,,energy_depleted,0.01,0.7
4395,-50.0,100,False,0,0,0,26,,energy_depleted,0.01,0.7
4396,-86.0,100,False,9,0,0,26,,energy_depleted,0.01,0.7
4397,-76.0,100,False,4,1,0,26,,energy_depleted,0.01,0.7
4398,-94.0,100,False,11,0,0,26,,energy_depleted,0.01,0.7
4399,-80.0,100,False,5,1,0,26,,energy_depleted,0.01,0.7
4400,-78.0,100,False,7,0,0,26,,energy_depleted,0.01,0.7
4401,-66.0,100,False,4,0,0,26,,energy_depleted,0.01,0.7
4402,-78.0,100,False,7,0,0,26,,energy_depleted,0.01,0.7
4403,-58.0,100,False,2,0,0,26,,energy_depleted,0.01,0.7
4404,-86.0,100,False,9,0,0,26,,energy_depleted,0.01,0.7
4405,-98.0,100,False,12,0,0,26,,energy_depleted,0.01,0.7
4406,-62.0,100,False,3,0,0,26,,energy_depleted,0.01,0.7
4407,-98.0,100,False,7,2,0,26,,energy_depleted,0.01,0.7
4408,-78.0,100,False,7,0,0,26,,energy_depleted,0.01,0.7
4409,-78.0,100,False,7,0,0,26,,energy_depleted,0.01,0.7
4410,-62.0,100,False,3,0,0,26,,energy_depleted,0.01,0.7
4411,-54.0,100,False,1,0,0,26,,energy_depleted,0.01,0.7
4412,-66.0,100,False,4,0,0,26,,energy_depleted,0.01,0.7
4413,-58.0,100,False,2,0,0,26,,energy_depleted,0.01,0.7
4414,-62.0,100,False,3,0,0,26,,energy_depleted,0.01,0.7
4415,-62.0,100,False,3,0,0,26,,energy_depleted,0.01,0.7
4416,-74.0,100,False,6,0,0,26,,energy_depleted,0.01,0.7
4417,-84.0,100,False,6,1,0,26,,energy_depleted,0.01,0.7
4418,-84.0,100,False,6,1,0,26,,energy_depleted,0.01,0.7
4419,-66.0,100,False,4,0,0,26,,energy_depleted,0.01,0.7
4420,-92.0,100,False,8,1,0,26,,energy_depleted,0.01,0.7
4421,-90.0,100,False,10,0,0,26,,energy_depleted,0.01,0.7
4422,-96.0,100,False,4,3,0,26,,energy_depleted,0.01,0.7
4423,-62.0,100,False,3,0,0,26,,energy_depleted,0.01,0.7
4424,-70.0,100,False,5,0,0,26,,energy_depleted,0.01,0.7
4425,-98.0,100,False,7,2,0,26,,energy_depleted,0.01,0.7
4426,-70.0,100,False,5,0,0,26,,energy_depleted,0.01,0.7
4427,-58.0,100,False,2,0,0,26,,energy_depleted,0.01,0.7
4428,-74.0,100,False,6,0,0,26,,energy_depleted,0.01,0.7
4429,-86.0,100,False,9,0,0,26,,energy_depleted,0.01,0.7
4430,-66.0,100,False,4,0,0,26,,energy_depleted,0.01,0.7
4431,-86.0,100,False,9,0,0,26,,energy_depleted,0.01,0.7
4432,-54.0,100,False,1,0,0,26,,energy_depleted,0.01,0.7
4433,-110.0,100,False,15,0,0,28,,energy_depleted,0.01,0.7
4434,-70.0,100,False,5,0,0,26,,energy_depleted,0.01,0.7
4435,-74.0,100,False,6,0,0,26,,energy_depleted,0.01,0.7
4436,-58.0,100,False,2,0,0,26,,energy_depleted,0.01,0.7
4437,-62.0,100,False,3,0,0,26,,energy_depleted,0.01,0.7
4438,-60.0,100,False,0,1,0,26,,energy_depleted,0.01,0.7
4439,-54.0,100,False,1,0,0,26,,energy_depleted,0.01,0.7
4440,-84.0,100,False,6,1,0,28,,energy_depleted,0.01,0.7
4441,-72.0,100,False,3,1,0,26,,energy_depleted,0.01,0.7
4442,-66.0,100,False,4,0,0,26,,energy_depleted,0.01,0.7
4443,-78.0,100,False,7,0,0,26,,energy_depleted,0.01,0.7
4444,-58.0,100,False,2,0,0,26,,energy_depleted,0.01,0.7
4445,-78.0,100,False,7,0,0,26,,energy_depleted,0.01,0.7
4446,-94.0,100,False,11,0,0,28,,energy_depleted,0.01,0.7
4447,-70.0,100,False,5,0,0,26,,energy_depleted,0.01,0.7
4448,-72.0,100,False,3,1,0,26,,energy_depleted,0.01,0.7
4449,-110.0,100,False,15,0,0,26,,energy_depleted,0.01,0.7
4450,-70.0,100,False,5,0,0,26,,energy_depleted,0.01,0.7
4451,-66.0,100,False,4,0,0,26,,energy_depleted,0.01,0.7
4452,-74.0,100,False,6,0,0,26,,energy_depleted,0.01,0.7
4453,-82.0,100,False,8,0,0,26,,energy_depleted,0.01,0.7
4454,-70.0,100,False,5,0,0,26,,energy_depleted,0.01,0.7
4455,-62.0,100,False,3,0,0,26,,energy_depleted,0.01,0.7
4456,-78.0,100,False,7,0,0,26,,energy_depleted,0.01,0.7
4457,-74.0,100,False,6,0,0,26,,energy_depleted,0.01,0.7
4458,-66.0,100,False,4,0,0,26,,energy_depleted,0.01,0.7
4459,-78.0,100,False,7,0,0,26,,energy_depleted,0.01,0.7
4460,-66.0,100,False,4,0,0,26,,energy_depleted,0.01,0.7
4461,-106.0,100,False,14,0,0,26,,energy_depleted,0.01,0.7
4462,-90.0,100,False,10,0,0,28,,energy_depleted,0.01,0.7
4463,-78.0,100,False,7,0,0,26,,energy_depleted,0.01,0.7
4464,-58.0,100,False,2,0,0,26,,energy_depleted,0.01,0.7
4465,-62.0,100,False,3,0,0,26,,energy_depleted,0.01,0.7
4466,-82.0,100,False,8,0,0,26,,energy_depleted,0.01,0.7
4467,-94.0,100,False,6,2,0,29,,energy_depleted,0.01,0.7
4468,-66.0,100,False,4,0,0,26,,energy_depleted,0.01,0.7
4469,-66.0,100,False,4,0,0,26,,energy_depleted,0.01,0.7
4470,-94.0,100,False,11,0,0,26,,energy_depleted,0.01,0.7
4471,-96.0,100,False,9,1,0,26,,energy_depleted,0.01,0.7
4472,-58.0,100,False,2,0,0,26,,energy_depleted,0.01,0.7
4473,-58.0,100,False,2,0,0,26,,energy_depleted,0.01,0.7
4474,-66.0,100,False,4,0,0,26,,energy_depleted,0.01,0.7
4475,-80.0,100,False,5,1,0,26,,energy_depleted,0.01,0.7
4476,-62.0,100,False,3,0,0,26,,energy_depleted,0.01,0.7
4477,-66.0,100,False,4,0,0,26,,energy_depleted,0.01,0.7
4478,-82.0,100,False,8,0,0,26,,energy_depleted,0.01,0.7
4479,-90.0,100,False,10,0,0,26,,energy_depleted,0.01,0.7
4480,-70.0,100,False,5,0,0,26,,energy_depleted,0.01,0.7
4481,-74.0,100,False,6,0,0,26,,energy_depleted,0.01,0.7
4482,-90.0,100,False,10,0,0,28,,energy_depleted,0.01,0.7
4483,-76.0,100,False,4,1,0,26,,energy_depleted,0.01,0.7
4484,-78.0,100,False,7,0,0,26,,energy_depleted,0.01,0.7
4485,-128.0,100,False,17,1,0,26,,energy_depleted,0.01,0.7
4486,-86.0,100,False,9,0,0,26,,energy_depleted,0.01,0.7
4487,-62.0,100,False,3,0,0,26,,energy_depleted,0.01,0.7
4488,-86.0,100,False,9,0,0,26,,energy_depleted,0.01,0.7
4489,-102.0,100,False,13,0,0,26,,energy_depleted,0.01,0.7
4490,-110.0,100,False,15,0,0,26,,energy_depleted,0.01,0.7
4491,-62.0,100,False,3,0,0,26,,energy_depleted,0.01,0.7
4492,-62.0,100,False,3,0,0,26,,energy_depleted,0.01,0.7
4493,-66.0,100,False,4,0,0,23,,energy_depleted,0.01,0.7
4494,-98.0,100,False,7,2,0,26,,energy_depleted,0.01,0.7
4495,-82.0,100,False,8,0,0,26,,energy_depleted,0.01,0.7
4496,-74.0,100,False,6,0,0,26,,energy_depleted,0.01,0.7
4497,-58.0,100,False,2,0,0,26,,energy_depleted,0.01,0.7
4498,-78.0,100,False,7,0,0,26,,energy_depleted,0.01,0.7
4499,-54.0,100,False,1,0,0,26,,energy_depleted,0.01,0.7
4500,-70.0,100,False,5,0,0,26,,energy_depleted,0.01,0.7
4501,-94.0,100,False,11,0,0,26,,energy_depleted,0.01,0.7
4502,-74.0,100,False,6,0,0,26,,energy_depleted,0.01,0.7
4503,-90.0,100,False,10,0,0,26,,energy_depleted,0.01,0.7
4504,-96.0,100,False,9,1,0,26,,energy_depleted,0.01,0.7
4505,-112.0,100,False,8,3,0,26,,energy_depleted,0.01,0.7
4506,-90.0,100,False,10,0,0,26,,energy_depleted,0.01,0.7
4507,-96.0,100,False,9,1,0,26,,energy_depleted,0.01,0.7
4508,-74.0,100,False,6,0,0,26,,energy_depleted,0.01,0.7
4509,-74.0,100,False,6,0,0,26,,energy_depleted,0.01,0.7
4510,-66.0,100,False,4,0,0,26,,energy_depleted,0.01,0.7
4511,-66.0,100,False,4,0,0,26,,energy_depleted,0.01,0.7
4512,-120.0,100,False,15,1,0,26,,energy_depleted,0.01,0.7
4513,-74.0,100,False,6,0,0,26,,energy_depleted,0.01,0.7
4514,-110.0,100,False,10,2,0,26,,energy_depleted,0.01,0.7
4515,-58.0,100,False,2,0,0,26,,energy_depleted,0.01,0.7
4516,-70.0,100,False,5,0,0,26,,energy_depleted,0.01,0.7
4517,-70.0,100,False,5,0,0,26,,energy_depleted,0.01,0.7
4518,-82.0,100,False,8,0,0,26,,energy_depleted,0.01,0.7
4519,-122.0,100,False,18,0,0,26,,energy_depleted,0.01,0.7
4520,-78.0,100,False,7,0,0,26,,energy_depleted,0.01,0.7
4521,-110.0,100,False,15,0,0,26,,energy_depleted,0.01,0.7
4522,-70.0,100,False,5,0,0,26,,energy_depleted,0.01,0.7
4523,-86.0,100,False,9,0,0,26,,energy_depleted,0.01,0.7
4524,-70.0,100,False,5,0,0,26,,energy_depleted,0.01,0.7
4525,-78.0,100,False,7,0,0,26,,energy_depleted,0.01,0.7
4526,-108.0,100,False,7,3,0,26,,energy_depleted,0.01,0.7
4527,-58.0,100,False,2,0,0,26,,energy_depleted,0.01,0.7
4528,-90.0,100,False,10,0,0,26,,energy_depleted,0.01,0.7
4529,-70.0,100,False,5,0,0,26,,energy_depleted,0.01,0.7
4530,-66.0,100,False,4,0,0,26,,energy_depleted,0.01,0.7
4531,-66.0,100,False,4,0,0,26,,energy_depleted,0.01,0.7
4532,-78.0,100,False,7,0,0,26,,energy_depleted,0.01,0.7
4533,-66.0,100,False,4,0,0,26,,energy_depleted,0.01,0.7
4534,-78.0,100,False,7,0,0,26,,energy_depleted,0.01,0.7
4535,-66.0,100,False,4,0,0,26,,energy_depleted,0.01,0.7
4536,-66.0,100,False,4,0,0,26,,energy_depleted,0.01,0.7
4537,-98.0,100,False,7,2,0,26,,energy_depleted,0.01,0.7
4538,-70.0,100,False,5,0,0,26,,energy_depleted,0.01,0.7
4539,-66.0,100,False,4,0,0,26,,energy_depleted,0.01,0.7
4540,-66.0,100,False,4,0,0,26,,energy_depleted,0.01,0.7
4541,-132.0,100,False,18,1,0,26,,energy_depleted,0.01,0.7
4542,-74.0,100,False,6,0,0,26,,energy_depleted,0.01,0.7
4543,-70.0,100,False,5,0,0,26,,energy_depleted,0.01,0.7
4544,-82.0,100,False,8,0,0,26,,energy_depleted,0.01,0.7
4545,-110.0,100,False,15,0,0,26,,energy_depleted,0.01,0.7
4546,-58.0,100,False,2,0,0,26,,energy_depleted,0.01,0.7
4547,-70.0,100,False,5,0,0,26,,energy_depleted,0.01,0.7
4548,-82.0,100,False,8,0,0,26,,energy_depleted,0.01,0.7
4549,-74.0,100,False,6,0,0,26,,energy_depleted,0.01,0.7
4550,-66.0,100,False,4,0,0,26,,energy_depleted,0.01,0.7
4551,-54.0,100,False,1,0,0,26,,energy_depleted,0.01,0.7
4552,-86.0,100,False,9,0,0,26,,energy_depleted,0.01,0.7
4553,-62.0,100,False,3,0,0,26,,energy_depleted,0.01,0.7
4554,-70.0,100,False,5,0,0,26,,energy_depleted,0.01,0.7
4555,-58.0,100,False,2,0,0,26,,energy_depleted,0.01,0.7
4556,-98.0,100,False,7,2,0,26,,energy_depleted,0.01,0.7
4557,-78.0,100,False,7,0,0,26,,energy_depleted,0.01,0.7
4558,-74.0,100,False,6,0,0,26,,energy_depleted,0.01,0.7
4559,-66.0,100,False,4,0,0,26,,energy_depleted,0.01,0.7
4560,-54.0,100,False,1,0,0,26,,energy_depleted,0.01,0.7
4561,-58.0,100,False,2,0,0,26,,energy_depleted,0.01,0.7
4562,-66.0,100,False,4,0,0,26,,energy_depleted,0.01,0.7
4563,-54.0,100,False,1,0,0,26,,energy_depleted,0.01,0.7
4564,-128.0,100,False,17,1,0,26,,energy_depleted,0.01,0.7
4565,-78.0,100,False,7,0,0,26,,energy_depleted,0.01,0.7
4566,-78.0,100,False,7,0,0,26,,energy_depleted,0.01,0.7
4567,-82.0,100,False,8,0,0,26,,energy_depleted,0.01,0.7
4568,-72.0,100,False,3,1,0,26,,energy_depleted,0.01,0.7
4569,-70.0,100,False,5,0,0,26,,energy_depleted,0.01,0.7
4570,-108.0,100,False,12,1,0,26,,energy_depleted,0.01,0.7
4571,-74.0,100,False,6,0,0,26,,energy_depleted,0.01,0.7
4572,-76.0,100,False,4,1,0,26,,energy_depleted,0.01,0.7
4573,-70.0,100,False,5,0,0,26,,energy_depleted,0.01,0.7
4574,-80.0,100,False,5,1,0,26,,energy_depleted,0.01,0.7
4575,-58.0,100,False,2,0,0,26,,energy_depleted,0.01,0.7
4576,-96.0,100,False,9,1,0,26,,energy_depleted,0.01,0.7
4577,-70.0,100,False,5,0,0,26,,energy_depleted,0.01,0.7
4578,-66.0,100,False,4,0,0,26,,energy_depleted,0.01,0.7
4579,-118.0,100,False,12,2,0,26,,energy_depleted,0.01,0.7
4580,-80.0,100,False,5,1,0,26,,energy_depleted,0.01,0.7
4581,-62.0,100,False,3,0,0,26,,energy_depleted,0.01,0.7
4582,-86.0,100,False,4,2,0,26,,energy_depleted,0.01,0.7
4583,-74.0,100,False,6,0,0,26,,energy_depleted,0.01,0.7
4584,-70.0,100,False,5,0,0,26,,energy_depleted,0.01,0.7
4585,-76.0,100,False,4,1,0,26,,energy_depleted,0.01,0.7
4586,-54.0,100,False,1,0,0,26,,energy_depleted,0.01,0.7
4587,-58.0,100,False,2,0,0,26,,energy_depleted,0.01,0.7
4588,-58.0,100,False,2,0,0,26,,energy_depleted,0.01,0.7
4589,-82.0,100,False,8,0,0,26,,energy_depleted,0.01,0.7
4590,-58.0,100,False,2,0,0,26,,energy_depleted,0.01,0.7
4591,-80.0,100,False,5,1,0,26,,energy_depleted,0.01,0.7
4592,-90.0,100,False,10,0,0,26,,energy_depleted,0.01,0.7
4593,-62.0,100,False,3,0,0,26,,energy_depleted,0.01,0.7
4594,-100.0,100,False,10,1,0,26,,energy_depleted,0.01,0.7
4595,-102.0,100,False,13,0,0,26,,energy_depleted,0.01,0.7
4596,-98.0,100,False,12,0,0,28,,energy_depleted,0.01,0.7
4597,-58.0,100,False,2,0,0,26,,energy_depleted,0.01,0.7
4598,-128.0,100,False,12,3,0,26,,energy_depleted,0.01,0.7
4599,-90.0,100,False,10,0,0,28,,energy_depleted,0.01,0.7
4600,-74.0,100,False,6,0,0,26,,energy_depleted,0.01,0.7
4601,-66.0,100,False,4,0,0,26,,energy_depleted,0.01,0.7
4602,-78.0,100,False,7,0,0,26,,energy_depleted,0.01,0.7
4603,-62.0,100,False,3,0,0,26,,energy_depleted,0.01,0.7
4604,-66.0,100,False,4,0,0,26,,energy_depleted,0.01,0.7
4605,-88.0,100,False,7,1,0,26,,energy_depleted,0.01,0.7
4606,-92.0,100,False,8,1,0,26,,energy_depleted,0.01,0.7
4607,-90.0,100,False,10,0,0,26,,energy_depleted,0.01,0.7
4608,-62.0,100,False,3,0,0,26,,energy_depleted,0.01,0.7
4609,-86.0,100,False,9,0,0,26,,energy_depleted,0.01,0.7
4610,-90.0,100,False,10,0,0,26,,energy_depleted,0.01,0.7
4611,-66.0,100,False,4,0,0,26,,energy_depleted,0.01,0.7
4612,-66.0,100,False,4,0,0,26,,energy_depleted,0.01,0.7
4613,-54.0,100,False,1,0,0,26,,energy_depleted,0.01,0.7
4614,-74.0,100,False,6,0,0,26,,energy_depleted,0.01,0.7
4615,-66.0,100,False,4,0,0,26,,energy_depleted,0.01,0.7
4616,-62.0,100,False,3,0,0,26,,energy_depleted,0.01,0.7
4617,-98.0,100,False,7,2,0,26,,energy_depleted,0.01,0.7
4618,-54.0,100,False,1,0,0,26,,energy_depleted,0.01,0.7
4619,-98.0,100,False,12,0,0,26,,energy_depleted,0.01,0.7
4620,-78.0,100,False,7,0,0,26,,energy_depleted,0.01,0.7
4621,-82.0,100,False,8,0,0,26,,energy_depleted,0.01,0.7
4622,-50.0,100,False,0,0,0,26,,energy_depleted,0.01,0.7
4623,-82.0,100,False,8,0,0,26,,energy_depleted,0.01,0.7
4624,-78.0,100,False,7,0,0,26,,energy_depleted,0.01,0.7
4625,-78.0,100,False,7,0,0,26,,energy_depleted,0.01,0.7
4626,-78.0,100,False,7,0,0,28,,energy_depleted,0.01,0.7
4627,-70.0,100,False,5,0,0,26,,energy_depleted,0.01,0.7
4628,-62.0,100,False,3,0,0,26,,energy_depleted,0.01,0.7
4629,-88.0,100,False,7,1,0,26,,energy_depleted,0.01,0.7
4630,-102.0,100,False,13,0,0,26,,energy_depleted,0.01,0.7
4631,-90.0,100,False,10,0,0,26,,energy_depleted,0.01,0.7
4632,-74.0,100,False,6,0,0,26,,energy_depleted,0.01,0.7
4633,-110.0,100,False,15,0,0,26,,energy_depleted,0.01,0.7
4634,-54.0,100,False,1,0,0,26,,energy_depleted,0.01,0.7
4635,-70.0,100,False,5,0,0,26,,energy_depleted,0.01,0.7
4636,-62.0,100,False,3,0,0,26,,energy_depleted,0.01,0.7
4637,-78.0,100,False,7,0,0,26,,energy_depleted,0.01,0.7
4638,-78.0,100,False,7,0,0,26,,energy_depleted,0.01,0.7
4639,-98.0,100,False,7,2,0,26,,energy_depleted,0.01,0.7
4640,-54.0,100,False,1,0,0,26,,energy_depleted,0.01,0.7
4641,-66.0,100,False,4,0,0,26,,energy_depleted,0.01,0.7
4642,-86.0,100,False,9,0,0,26,,energy_depleted,0.01,0.7
4643,-62.0,100,False,3,0,0,26,,energy_depleted,0.01,0.7
4644,-62.0,100,False,3,0,0,26,,energy_depleted,0.01,0.7
4645,-82.0,100,False,8,0,0,26,,energy_depleted,0.01,0.7
4646,-96.0,100,False,4,3,0,26,,energy_depleted,0.01,0.7
4647,-154.0,100,False,21,2,0,28,,energy_depleted,0.01,0.7
4648,-66.0,100,False,4,0,0,26,,energy_depleted,0.01,0.7
4649,-100.0,100,False,10,1,0,26,,energy_depleted,0.01,0.7
4650,-62.0,100,False,3,0,0,26,,energy_depleted,0.01,0.7
4651,-82.0,100,False,3,2,0,26,,energy_depleted,0.01,0.7
4652,-78.0,100,False,7,0,0,26,,energy_depleted,0.01,0.7
4653,-90.0,100,False,10,0,0,28,,energy_depleted,0.01,0.7
4654,-78.0,100,False,7,0,0,28,,energy_depleted,0.01,0.7
4655,-86.0,100,False,9,0,0,26,,energy_depleted,0.01,0.7
4656,-74.0,100,False,6,0,0,26,,energy_depleted,0.01,0.7
4657,-66.0,100,False,4,0,0,26,,energy_depleted,0.01,0.7
4658,-74.0,100,False,6,0,0,26,,energy_depleted,0.01,0.7
4659,-84.0,100,False,6,1,0,26,,energy_depleted,0.01,0.7
4660,-94.0,100,False,11,0,0,26,,energy_depleted,0.01,0.7
4661,-58.0,100,False,2,0,0,26,,energy_depleted,0.01,0.7
4662,-76.0,100,False,4,1,0,26,,energy_depleted,0.01,0.7
4663,-70.0,100,False,5,0,0,26,,energy_depleted,0.01,0.7
4664,-70.0,100,False,5,0,0,28,,energy_depleted,0.01,0.7
4665,-76.0,100,False,4,1,0,28,,energy_depleted,0.01,0.7
4666,-74.0,100,False,6,0,0,26,,energy_depleted,0.01,0.7
4667,-58.0,100,False,2,0,0,26,,energy_depleted,0.01,0.7
4668,-70.0,100,False,5,0,0,26,,energy_depleted,0.01,0.7
4669,-50.0,100,False,0,0,0,26,,energy_depleted,0.01,0.7
4670,-62.0,100,False,3,0,0,26,,energy_depleted,0.01,0.7
4671,-62.0,100,False,3,0,0,26,,energy_depleted,0.01,0.7
4672,-82.0,100,False,8,0,0,26,,energy_depleted,0.01,0.7
4673,-90.0,100,False,10,0,0,26,,energy_depleted,0.01,0.7
4674,-74.0,100,False,6,0,0,26,,energy_depleted,0.01,0.7
4675,-78.0,100,False,7,0,0,26,,energy_depleted,0.01,0.7
4676,-78.0,100,False,7,0,0,26,,energy_depleted,0.01,0.7
4677,-74.0,100,False,6,0,0,26,,energy_depleted,0.01,0.7
4678,-82.0,100,False,3,2,0,23,,energy_depleted,0.01,0.7
4679,-90.0,100,False,10,0,0,26,,energy_depleted,0.01,0.7
4680,-88.0,100,False,7,1,0,26,,energy_depleted,0.01,0.7
4681,-80.0,100,False,5,1,0,26,,energy_depleted,0.01,0.7
4682,-94.0,100,False,11,0,0,26,,energy_depleted,0.01,0.7
4683,-50.0,100,False,0,0,0,26,,energy_depleted,0.01,0.7
4684,-86.0,100,False,9,0,0,26,,energy_depleted,0.01,0.7
4685,-104.0,100,False,6,3,0,26,,energy_depleted,0.01,0.7
4686,-72.0,100,False,3,1,0,26,,energy_depleted,0.01,0.7
4687,-62.0,100,False,3,0,0,26,,energy_depleted,0.01,0.7
4688,-82.0,100,False,8,0,0,28,,energy_depleted,0.01,0.7
4689,-86.0,100,False,9,0,0,26,,energy_depleted,0.01,0.7
4690,-86.0,100,False,9,0,0,26,,energy_depleted,0.01,0.7
4691,-70.0,100,False,5,0,0,26,,energy_depleted,0.01,0.7
4692,-98.0,100,False,12,0,0,26,,energy_depleted,0.01,0.7
4693,-82.0,100,False,8,0,0,28,,energy_depleted,0.01,0.7
4694,-80.0,100,False,5,1,0,26,,energy_depleted,0.01,0.7
4695,-86.0,100,False,9,0,0,26,,energy_depleted,0.01,0.7
4696,-74.0,100,False,6,0,0,26,,energy_depleted,0.01,0.7
4697,-58.0,100,False,2,0,0,26,,energy_depleted,0.01,0.7
4698,-58.0,100,False,2,0,0,26,,energy_depleted,0.01,0.7
4699,-74.0,100,False,1,2,0,26,,energy_depleted,0.01,0.7
4700,-96.0,100,False,9,1,0,28,,energy_depleted,0.01,0.7
4701,-88.0,100,False,7,1,0,26,,energy_depleted,0.01,0.7
4702,-80.0,100,False,5,1,0,26,,energy_depleted,0.01,0.7
4703,-78.0,100,False,7,0,0,26,,energy_depleted,0.01,0.7
4704,-66.0,100,False,4,0,0,26,,energy_depleted,0.01,0.7
4705,-86.0,100,False,9,0,0,28,,energy_depleted,0.01,0.7
4706,-58.0,100,False,2,0,0,26,,energy_depleted,0.01,0.7
4707,-66.0,100,False,4,0,0,26,,energy_depleted,0.01,0.7
4708,-82.0,100,False,8,0,0,26,,energy_depleted,0.01,0.7
4709,-54.0,100,False,1,0,0,26,,energy_depleted,0.01,0.7
4710,-84.0,100,False,6,1,0,26,,energy_depleted,0.01,0.7
4711,-86.0,100,False,9,0,0,26,,energy_depleted,0.01,0.7
4712,-62.0,100,False,3,0,0,26,,energy_depleted,0.01,0.7
4713,-110.0,100,False,10,2,0,26,,energy_depleted,0.01,0.7
4714,-94.0,100,False,11,0,0,26,,energy_depleted,0.01,0.7
4715,-92.0,100,False,8,1,0,26,,energy_depleted,0.01,0.7
4716,-70.0,100,False,5,0,0,26,,energy_depleted,0.01,0.7
4717,-98.0,100,False,7,2,0,26,,energy_depleted,0.01,0.7
4718,-72.0,100,False,3,1,0,26,,energy_depleted,0.01,0.7
4719,-74.0,100,False,6,0,0,28,,energy_depleted,0.01,0.7
4720,-92.0,100,False,8,1,0,26,,energy_depleted,0.01,0.7
4721,-88.0,100,False,7,1,0,26,,energy_depleted,0.01,0.7
4722,-88.0,100,False,7,1,0,26,,energy_depleted,0.01,0.7
4723,-114.0,100,False,16,0,0,26,,energy_depleted,0.01,0.7
4724,-118.0,100,False,17,0,0,28,,energy_depleted,0.01,0.7
4725,-70.0,100,False,5,0,0,26,,energy_depleted,0.01,0.7
4726,-58.0,100,False,2,0,0,26,,energy_depleted,0.01,0.7
4727,-62.0,100,False,3,0,0,26,,energy_depleted,0.01,0.7
4728,-62.0,100,False,3,0,0,26,,energy_depleted,0.01,0.7
4729,-60.0,100,False,0,1,0,26,,energy_depleted,0.01,0.7
4730,-50.0,100,False,0,0,0,26,,energy_depleted,0.01,0.7
4731,-80.0,100,False,5,1,0,26,,energy_depleted,0.01,0.7
4732,-70.0,100,False,5,0,0,26,,energy_depleted,0.01,0.7
4733,-66.0,100,False,4,0,0,26,,energy_depleted,0.01,0.7
4734,-76.0,100,False,4,1,0,26,,energy_depleted,0.01,0.7
4735,-62.0,100,False,3,0,0,26,,energy_depleted,0.01,0.7
4736,-58.0,100,False,2,0,0,26,,energy_depleted,0.01,0.7
4737,-70.0,100,False,0,2,0,26,,energy_depleted,0.01,0.7
4738,-74.0,100,False,6,0,0,26,,energy_depleted,0.01,0.7
4739,-62.0,100,False,3,0,0,26,,energy_depleted,0.01,0.7
4740,-78.0,100,False,7,0,0,26,,energy_depleted,0.01,0.7
4741,-70.0,100,False,5,0,0,28,,energy_depleted,0.01,0.7
4742,-78.0,100,False,7,0,0,26,,energy_depleted,0.01,0.7
4743,-66.0,100,False,4,0,0,26,,energy_depleted,0.01,0.7
4744,-82.0,100,False,8,0,0,28,,energy_depleted,0.01,0.7
4745,-66.0,100,False,4,0,0,26,,energy_depleted,0.01,0.7
4746,-92.0,100,False,8,1,0,26,,energy_depleted,0.01,0.7
4747,-58.0,100,False,2,0,0,26,,energy_depleted,0.01,0.7
4748,-82.0,100,False,8,0,0,28,,energy_depleted,0.01,0.7
4749,-54.0,100,False,1,0,0,26,,energy_depleted,0.01,0.7
4750,-68.0,100,False,2,1,0,26,,energy_depleted,0.01,0.7
4751,-58.0,100,False,2,0,0,26,,energy_depleted,0.01,0.7
4752,-54.0,100,False,1,0,0,26,,energy_depleted,0.01,0.7
4753,-82.0,100,False,8,0,0,26,,energy_depleted,0.01,0.7
4754,-76.0,100,False,4,1,0,26,,energy_depleted,0.01,0.7
4755,-102.0,100,False,13,0,0,26,,energy_depleted,0.01,0.7
4756,-98.0,100,False,12,0,0,23,,energy_depleted,0.01,0.7
4757,-50.0,100,False,0,0,0,26,,energy_depleted,0.01,0.7
4758,-70.0,100,False,5,0,0,26,,energy_depleted,0.01,0.7
4759,-62.0,100,False,3,0,0,26,,energy_depleted,0.01,0.7
4760,-66.0,100,False,4,0,0,26,,energy_depleted,0.01,0.7
4761,-72.0,100,False,3,1,0,26,,energy_depleted,0.01,0.7
4762,-86.0,100,False,4,2,0,26,,energy_depleted,0.01,0.7
4763,-58.0,100,False,2,0,0,26,,energy_depleted,0.01,0.7
4764,-90.0,100,False,10,0,0,28,,energy_depleted,0.01,0.7
4765,-70.0,100,False,5,0,0,26,,energy_depleted,0.01,0.7
4766,-70.0,100,False,5,0,0,26,,energy_depleted,0.01,0.7
4767,-62.0,100,False,3,0,0,26,,energy_depleted,0.01,0.7
4768,-74.0,100,False,6,0,0,26,,energy_depleted,0.01,0.7
4769,-58.0,100,False,2,0,0,26,,energy_depleted,0.01,0.7
4770,-64.0,100,False,1,1,0,26,,energy_depleted,0.01,0.7
4771,-90.0,100,False,10,0,0,26,,energy_depleted,0.01,0.7
4772,-86.0,100,False,9,0,0,26,,energy_depleted,0.01,0.7
4773,-74.0,100,False,6,0,0,26,,energy_depleted,0.01,0.7
4774,-62.0,100,False,3,0,0,26,,energy_depleted,0.01,0.7
4775,-86.0,100,False,9,0,0,23,,energy_depleted,0.01,0.7
4776,-76.0,100,False,4,1,0,26,,energy_depleted,0.01,0.7
4777,-62.0,100,False,3,0,0,26,,energy_depleted,0.01,0.7
4778,-62.0,100,False,3,0,0,26,,energy_depleted,0.01,0.7
4779,-66.0,100,False,4,0,0,26,,energy_depleted,0.01,0.7
4780,-74.0,100,False,6,0,0,26,,energy_depleted,0.01,0.7
4781,-142.0,100,False,23,0,0,26,,energy_depleted,0.01,0.7
4782,-66.0,100,False,4,0,0,26,,energy_depleted,0.01,0.7
4783,-76.0,100,False,4,1,0,26,,energy_depleted,0.01,0.7
4784,-78.0,100,False,7,0,0,26,,energy_depleted,0.01,0.7
4785,-114.0,100,False,11,2,0,28,,energy_depleted,0.01,0.7
4786,-62.0,100,False,3,0,0,26,,energy_depleted,0.01,0.7
4787,-62.0,100,False,3,0,0,26,,energy_depleted,0.01,0.7
4788,-78.0,100,False,2,2,0,26,,energy_depleted,0.01,0.7
4789,-76.0,100,False,4,1,0,26,,energy_depleted,0.01,0.7
4790,-62.0,100,False,3,0,0,26,,energy_depleted,0.01,0.7
4791,-74.0,100,False,6,0,0,26,,energy_depleted,0.01,0.7
4792,-94.0,100,False,11,0,0,26,,energy_depleted,0.01,0.7
4793,-78.0,100,False,7,0,0,26,,energy_depleted,0.01,0.7
4794,-78.0,100,False,7,0,0,26,,energy_depleted,0.01,0.7
4795,-70.0,100,False,5,0,0,26,,energy_depleted,0.01,0.7
4796,-70.0,100,False,5,0,0,26,,energy_depleted,0.01,0.7
4797,-62.0,100,False,3,0,0,26,,energy_depleted,0.01,0.7
4798,-54.0,100,False,1,0,0,26,,energy_depleted,0.01,0.7
4799,-114.0,100,False,11,2,0,26,,energy_depleted,0.01,0.7
4800,-98.0,100,False,7,2,0,26,,energy_depleted,0.01,0.7
4801,-66.0,100,False,4,0,0,26,,energy_depleted,0.01,0.7
4802,-76.0,100,False,4,1,0,26,,energy_depleted,0.01,0.7
4803,-74.0,100,False,6,0,0,26,,energy_depleted,0.01,0.7
4804,-62.0,100,False,3,0,0,26,,energy_depleted,0.01,0.7
4805,-66.0,100,False,4,0,0,26,,energy_depleted,0.01,0.7
4806,-108.0,100,False,7,3,0,28,,energy_depleted,0.01,0.7
4807,-82.0,100,False,8,0,0,29,,energy_depleted,0.01,0.7
4808,-70.0,100,False,5,0,0,26,,energy_depleted,0.01,0.7
4809,-54.0,100,False,1,0,0,26,,energy_depleted,0.01,0.7
4810,-66.0,100,False,4,0,0,26,,energy_depleted,0.01,0.7
4811,-70.0,100,False,5,0,0,26,,energy_depleted,0.01,0.7
4812,-58.0,100,False,2,0,0,26,,energy_depleted,0.01,0.7
4813,-66.0,100,False,4,0,0,26,,energy_depleted,0.01,0.7
4814,-86.0,100,False,9,0,0,26,,energy_depleted,0.01,0.7
4815,-84.0,100,False,6,1,0,26,,energy_depleted,0.01,0.7
4816,-96.0,100,False,9,1,0,26,,energy_depleted,0.01,0.7
4817,-70.0,100,False,5,0,0,26,,energy_depleted,0.01,0.7
4818,-62.0,100,False,3,0,0,26,,energy_depleted,0.01,0.7
4819,-94.0,100,False,11,0,0,26,,energy_depleted,0.01,0.7
4820,-86.0,100,False,9,0,0,26,,energy_depleted,0.01,0.7
4821,-78.0,100,False,7,0,0,26,,energy_depleted,0.01,0.7
4822,-70.0,100,False,5,0,0,26,,energy_depleted,0.01,0.7
4823,-82.0,100,False,8,0,0,26,,energy_depleted,0.01,0.7
4824,-92.0,100,False,8,1,0,26,,energy_depleted,0.01,0.7
4825,-86.0,100,False,9,0,0,26,,energy_depleted,0.01,0.7
4826,-68.0,100,False,2,1,0,26,,energy_depleted,0.01,0.7
4827,-96.0,100,False,9,1,0,26,,energy_depleted,0.01,0.7
4828,-78.0,100,False,7,0,0,26,,energy_depleted,0.01,0.7
4829,-70.0,100,False,5,0,0,26,,energy_depleted,0.01,0.7
4830,-74.0,100,False,6,0,0,26,,energy_depleted,0.01,0.7
4831,-66.0,100,False,4,0,0,26,,energy_depleted,0.01,0.7
4832,-102.0,100,False,13,0,0,26,,energy_depleted,0.01,0.7
4833,-58.0,100,False,2,0,0,26,,energy_depleted,0.01,0.7
4834,-106.0,100,False,14,0,0,28,,energy_depleted,0.01,0.7
4835,-82.0,100,False,8,0,0,26,,energy_depleted,0.01,0.7
4836,-92.0,100,False,8,1,0,26,,energy_depleted,0.01,0.7
4837,-86.0,100,False,9,0,0,26,,energy_depleted,0.01,0.7
4838,-90.0,100,False,10,0,0,26,,energy_depleted,0.01,0.7
4839,-86.0,100,False,9,0,0,26,,energy_depleted,0.01,0.7
4840,-78.0,100,False,7,0,0,26,,energy_depleted,0.01,0.7
4841,-78.0,100,False,7,0,0,26,,energy_depleted,0.01,0.7
4842,-94.0,100,False,6,2,0,26,,energy_depleted,0.01,0.7
4843,-58.0,100,False,2,0,0,26,,energy_depleted,0.01,0.7
4844,-78.0,100,False,7,0,0,26,,energy_depleted,0.01,0.7
4845,-70.0,100,False,5,0,0,26,,energy_depleted,0.01,0.7
4846,-74.0,100,False,6,0,0,26,,energy_depleted,0.01,0.7
4847,-78.0,100,False,7,0,0,26,,energy_depleted,0.01,0.7
4848,-84.0,100,False,6,1,0,26,,energy_depleted,0.01,0.7
4849,-66.0,100,False,4,0,0,28,,energy_depleted,0.01,0.7
4850,-98.0,100,False,12,0,0,26,,energy_depleted,0.01,0.7
4851,-90.0,100,False,10,0,0,26,,energy_depleted,0.01,0.7
4852,-70.0,100,False,5,0,0,26,,energy_depleted,0.01,0.7
4853,-74.0,100,False,6,0,0,26,,energy_depleted,0.01,0.7
4854,-74.0,100,False,6,0,0,26,,energy_depleted,0.01,0.7
4855,-62.0,100,False,3,0,0,26,,energy_depleted,0.01,0.7
4856,-94.0,100,False,11,0,0,26,,energy_depleted,0.01,0.7
4857,-74.0,100,False,6,0,0,26,,energy_depleted,0.01,0.7
4858,-62.0,100,False,3,0,0,26,,energy_depleted,0.01,0.7
4859,-96.0,100,False,9,1,0,26,,energy_depleted,0.01,0.7
4860,-98.0,100,False,7,2,0,26,,energy_depleted,0.01,0.7
4861,-74.0,100,False,6,0,0,26,,energy_depleted,0.01,0.7
4862,-78.0,100,False,7,0,0,26,,energy_depleted,0.01,0.7
4863,-78.0,100,False,7,0,0,26,,energy_depleted,0.01,0.7
4864,-66.0,100,False,4,0,0,26,,energy_depleted,0.01,0.7
4865,-78.0,100,False,7,0,0,26,,energy_depleted,0.01,0.7
4866,-82.0,100,False,8,0,0,28,,energy_depleted,0.01,0.7
4867,-90.0,100,False,10,0,0,26,,energy_depleted,0.01,0.7
4868,-106.0,100,False,14,0,0,26,,energy_depleted,0.01,0.7
4869,-78.0,100,False,7,0,0,26,,energy_depleted,0.01,0.7
4870,-94.0,100,False,11,0,0,26,,energy_depleted,0.01,0.7
4871,-78.0,100,False,7,0,0,26,,energy_depleted,0.01,0.7
4872,-92.0,100,False,8,1,0,26,,energy_depleted,0.01,0.7
4873,-74.0,100,False,6,0,0,26,,energy_depleted,0.01,0.7
4874,-74.0,100,False,6,0,0,26,,energy_depleted,0.01,0.7
4875,-86.0,100,False,9,0,0,28,,energy_depleted,0.01,0.7
4876,-78.0,100,False,7,0,0,26,,energy_depleted,0.01,0.7
4877,-74.0,100,False,6,0,0,26,,energy_depleted,0.01,0.7
4878,-90.0,100,False,10,0,0,26,,energy_depleted,0.01,0.7
4879,-54.0,100,False,1,0,0,26,,energy_depleted,0.01,0.7
4880,-66.0,100,False,4,0,0,28,,energy_depleted,0.01,0.7
4881,-78.0,100,False,7,0,0,26,,energy_depleted,0.01,0.7
4882,-82.0,100,False,3,2,0,26,,energy_depleted,0.01,0.7
4883,-134.0,100,False,21,0,0,26,,energy_depleted,0.01,0.7
4884,-54.0,100,False,1,0,0,26,,energy_depleted,0.01,0.7
4885,-54.0,100,False,1,0,0,26,,energy_depleted,0.01,0.7
4886,-94.0,100,False,11,0,0,26,,energy_depleted,0.01,0.7
4887,-102.0,100,False,13,0,0,26,,energy_depleted,0.01,0.7
4888,-62.0,100,False,3,0,0,26,,energy_depleted,0.01,0.7
4889,-58.0,100,False,2,0,0,26,,energy_depleted,0.01,0.7
4890,-110.0,100,False,15,0,0,26,,energy_depleted,0.01,0.7
4891,-100.0,100,False,10,1,0,29,,energy_depleted,0.01,0.7
4892,-90.0,100,False,10,0,0,26,,energy_depleted,0.01,0.7
4893,-74.0,100,False,6,0,0,26,,energy_depleted,0.01,0.7
4894,-66.0,100,False,4,0,0,26,,energy_depleted,0.01,0.7
4895,-66.0,100,False,4,0,0,26,,energy_depleted,0.01,0.7
4896,-80.0,100,False,5,1,0,26,,energy_depleted,0.01,0.7
4897,-70.0,100,False,5,0,0,26,,energy_depleted,0.01,0.7
4898,-96.0,100,False,9,1,0,26,,energy_depleted,0.01,0.7
4899,-88.0,100,False,7,1,0,29,,energy_depleted,0.01,0.7
4900,-74.0,100,False,6,0,0,26,,energy_depleted,0.01,0.7
4901,-66.0,100,False,4,0,0,26,,energy_depleted,0.01,0.7
4902,-74.0,100,False,6,0,0,26,,energy_depleted,0.01,0.7
4903,-74.0,100,False,6,0,0,26,,energy_depleted,0.01,0.7
4904,-54.0,100,False,1,0,0,26,,energy_depleted,0.01,0.7
4905,-86.0,100,False,9,0,0,26,,energy_depleted,0.01,0.7
4906,-78.0,100,False,7,0,0,26,,energy_depleted,0.01,0.7
4907,-70.0,100,False,5,0,0,26,,energy_depleted,0.01,0.7
4908,-82.0,100,False,8,0,0,26,,energy_depleted,0.01,0.7
4909,-78.0,100,False,7,0,0,26,,energy_depleted,0.01,0.7
4910,-62.0,100,False,3,0,0,28,,energy_depleted,0.01,0.7
4911,-78.0,100,False,7,0,0,26,,energy_depleted,0.01,0.7
4912,-84.0,100,False,6,1,0,26,,energy_depleted,0.01,0.7
4913,-70.0,100,False,5,0,0,26,,energy_depleted,0.01,0.7
4914,-66.0,100,False,4,0,0,26,,energy_depleted,0.01,0.7
4915,-102.0,100,False,13,0,0,26,,energy_depleted,0.01,0.7
4916,-54.0,100,False,1,0,0,26,,energy_depleted,0.01,0.7
4917,-86.0,100,False,9,0,0,26,,energy_depleted,0.01,0.7
4918,-74.0,100,False,6,0,0,26,,energy_depleted,0.01,0.7
4919,-82.0,100,False,8,0,0,26,,energy_depleted,0.01,0.7
4920,-66.0,100,False,4,0,0,26,,energy_depleted,0.01,0.7
4921,-66.0,100,False,4,0,0,26,,energy_depleted,0.01,0.7
4922,-116.0,100,False,14,1,0,26,,energy_depleted,0.01,0.7
4923,-90.0,100,False,10,0,0,26,,energy_depleted,0.01,0.7
4924,-78.0,100,False,7,0,0,26,,energy_depleted,0.01,0.7
4925,-58.0,100,False,2,0,0,26,,energy_depleted,0.01,0.7
4926,-80.0,100,False,5,1,0,28,,energy_depleted,0.01,0.7
4927,-86.0,100,False,9,0,0,28,,energy_depleted,0.01,0.7
4928,-122.0,100,False,18,0,0,26,,energy_depleted,0.01,0.7
4929,-74.0,100,False,6,0,0,26,,energy_depleted,0.01,0.7
4930,-82.0,100,False,8,0,0,26,,energy_depleted,0.01,0.7
4931,-58.0,100,False,2,0,0,26,,energy_depleted,0.01,0.7
4932,-122.0,100,False,18,0,0,26,,energy_depleted,0.01,0.7
4933,-100.0,100,False,10,1,0,26,,energy_depleted,0.01,0.7
4934,-92.0,100,False,8,1,0,26,,energy_depleted,0.01,0.7
4935,-92.0,100,False,8,1,0,26,,energy_depleted,0.01,0.7
4936,-76.0,100,False,4,1,0,28,,energy_depleted,0.01,0.7
4937,-58.0,100,False,2,0,0,26,,energy_depleted,0.01,0.7
4938,-86.0,100,False,9,0,0,26,,energy_depleted,0.01,0.7
4939,-86.0,100,False,9,0,0,26,,energy_depleted,0.01,0.7
4940,-92.0,100,False,8,1,0,26,,energy_depleted,0.01,0.7
4941,-150.0,100,False,20,2,0,26,,energy_depleted,0.01,0.7
4942,-78.0,100,False,7,0,0,26,,energy_depleted,0.01,0.7
4943,-66.0,100,False,4,0,0,26,,energy_depleted,0.01,0.7
4944,-72.0,100,False,3,1,0,26,,energy_depleted,0.01,0.7
4945,-108.0,100,False,12,1,0,26,,energy_depleted,0.01,0.7
4946,-62.0,100,False,3,0,0,28,,energy_depleted,0.01,0.7
4947,-136.0,100,False,14,3,0,28,,energy_depleted,0.01,0.7
4948,-70.0,100,False,5,0,0,26,,energy_depleted,0.01,0.7
4949,-74.0,100,False,6,0,0,26,,energy_depleted,0.01,0.7
4950,-54.0,100,False,1,0,0,26,,energy_depleted,0.01,0.7
4951,-58.0,100,False,2,0,0,26,,energy_depleted,0.01,0.7
4952,-66.0,100,False,4,0,0,26,,energy_depleted,0.01,0.7
4953,-90.0,100,False,10,0,0,26,,energy_depleted,0.01,0.7
4954,-82.0,100,False,8,0,0,26,,energy_depleted,0.01,0.7
4955,-80.0,100,False,0,3,0,26,,energy_depleted,0.01,0.7
4956,-70.0,100,False,5,0,0,26,,energy_depleted,0.01,0.7
4957,-76.0,100,False,4,1,0,26,,energy_depleted,0.01,0.7
4958,-62.0,100,False,3,0,0,28,,energy_depleted,0.01,0.7
4959,-88.0,100,False,7,1,0,26,,energy_depleted,0.01,0.7
4960,-66.0,100,False,4,0,0,26,,energy_depleted,0.01,0.7
4961,-102.0,100,False,8,2,0,26,,energy_depleted,0.01,0.7
4962,-66.0,100,False,4,0,0,26,,energy_depleted,0.01,0.7
4963,-88.0,100,False,7,1,0,26,,energy_depleted,0.01,0.7
4964,-82.0,100,False,8,0,0,26,,energy_depleted,0.01,0.7
4965,-62.0,100,False,3,0,0,26,,energy_depleted,0.01,0.7
4966,-82.0,100,False,8,0,0,26,,energy_depleted,0.01,0.7
4967,-62.0,100,False,3,0,0,26,,energy_depleted,0.01,0.7
4968,-82.0,100,False,8,0,0,26,,energy_depleted,0.01,0.7
4969,-74.0,100,False,6,0,0,26,,energy_depleted,0.01,0.7
4970,-70.0,100,False,5,0,0,26,,energy_depleted,0.01,0.7
4971,-62.0,100,False,3,0,0,26,,energy_depleted,0.01,0.7
4972,-74.0,100,False,6,0,0,26,,energy_depleted,0.01,0.7
4973,-82.0,100,False,8,0,0,26,,energy_depleted,0.01,0.7
4974,-66.0,100,False,4,0,0,26,,energy_depleted,0.01,0.7
4975,-80.0,100,False,5,1,0,26,,energy_depleted,0.01,0.7
4976,-62.0,100,False,3,0,0,26,,energy_depleted,0.01,0.7
4977,-66.0,100,False,4,0,0,26,,energy_depleted,0.01,0.7
4978,-62.0,100,False,3,0,0,26,,energy_depleted,0.01,0.7
4979,-70.0,100,False,5,0,0,26,,energy_depleted,0.01,0.7
4980,-66.0,100,False,4,0,0,26,,energy_depleted,0.01,0.7
4981,-90.0,100,False,5,2,0,26,,energy_depleted,0.01,0.7
4982,-72.0,100,False,3,1,0,26,,energy_depleted,0.01,0.7
4983,-78.0,100,False,7,0,0,26,,energy_depleted,0.01,0.7
4984,-66.0,100,False,4,0,0,26,,energy_depleted,0.01,0.7
4985,-62.0,100,False,3,0,0,26,,energy_depleted,0.01,0.7
4986,-94.0,100,False,11,0,0,26,,energy_depleted,0.01,0.7
4987,-74.0,100,False,6,0,0,26,,energy_depleted,0.01,0.7
4988,-94.0,100,False,6,2,0,26,,energy_depleted,0.01,0.7
4989,-66.0,100,False,4,0,0,26,,energy_depleted,0.01,0.7
4990,-70.0,100,False,5,0,0,26,,energy_depleted,0.01,0.7
4991,-76.0,100,False,4,1,0,26,,energy_depleted,0.01,0.7
4992,-78.0,100,False,7,0,0,28,,energy_depleted,0.01,0.7
4993,-78.0,100,False,7,0,0,26,,energy_depleted,0.01,0.7
4994,-82.0,100,False,8,0,0,26,,energy_depleted,0.01,0.7
4995,-74.0,100,False,6,0,0,26,,energy_depleted,0.01,0.7
4996,-72.0,100,False,3,1,0,26,,energy_depleted,0.01,0.7
4997,-82.0,100,False,8,0,0,26,,energy_depleted,0.01,0.7
4998,-78.0,100,False,7,0,0,26,,energy_depleted,0.01,0.7
4999,-54.0,100,False,1,0,0,26,,energy_depleted,0.01,0.7
5000,-66.0,100,False,4,0,0,26,,energy_depleted,0.01,0.7
5001,-70.0,100,False,5,0,0,26,,energy_depleted,0.01,0.7
5002,-92.0,100,False,8,1,0,26,,energy_depleted,0.01,0.7
5003,-54.0,100,False,1,0,0,26,,energy_depleted,0.01,0.7
5004,-62.0,100,False,3,0,0,26,,energy_depleted,0.01,0.7
5005,-74.0,100,False,6,0,0,26,,energy_depleted,0.01,0.7
5006,-102.0,100,False,13,0,0,26,,energy_depleted,0.01,0.7
5007,-94.0,100,False,11,0,0,26,,energy_depleted,0.01,0.7
5008,-86.0,100,False,9,0,0,26,,energy_depleted,0.01,0.7
5009,-74.0,100,False,6,0,0,28,,energy_depleted,0.01,0.7
5010,-66.0,100,False,4,0,0,26,,energy_depleted,0.01,0.7
5011,-54.0,100,False,1,0,0,26,,energy_depleted,0.01,0.7
5012,-54.0,100,False,1,0,0,26,,energy_depleted,0.01,0.7
5013,-70.0,100,False,5,0,0,26,,energy_depleted,0.01,0.7
5014,-74.0,100,False,6,0,0,26,,energy_depleted,0.01,0.7
5015,-58.0,100,False,2,0,0,26,,energy_depleted,0.01,0.7
5016,-70.0,100,False,5,0,0,26,,energy_depleted,0.01,0.7
5017,-58.0,100,False,2,0,0,26,,energy_depleted,0.01,0.7
5018,-84.0,100,False,6,1,0,26,,energy_depleted,0.01,0.7
5019,-78.0,100,False,7,0,0,26,,energy_depleted,0.01,0.7
5020,-74.0,100,False,6,0,0,26,,energy_depleted,0.01,0.7
5021,-54.0,100,False,1,0,0,26,,energy_depleted,0.01,0.7
5022,-70.0,100,False,5,0,0,26,,energy_depleted,0.01,0.7
5023,-58.0,100,False,2,0,0,26,,energy_depleted,0.01,0.7
5024,-54.0,100,False,1,0,0,26,,energy_depleted,0.01,0.7
5025,-62.0,100,False,3,0,0,26,,energy_depleted,0.01,0.7
5026,-76.0,100,False,4,1,0,26,,energy_depleted,0.01,0.7
5027,-114.0,100,False,16,0,0,26,,energy_depleted,0.01,0.7
5028,-62.0,100,False,3,0,0,26,,energy_depleted,0.01,0.7
5029,-74.0,100,False,6,0,0,26,,energy_depleted,0.01,0.7
5030,-66.0,100,False,4,0,0,26,,energy_depleted,0.01,0.7
5031,-62.0,100,False,3,0,0,26,,energy_depleted,0.01,0.7
5032,-58.0,100,False,2,0,0,26,,energy_depleted,0.01,0.7
5033,-74.0,100,False,6,0,0,26,,energy_depleted,0.01,0.7
5034,-50.0,100,False,0,0,0,26,,energy_depleted,0.01,0.7
5035,-54.0,100,False,1,0,0,26,,energy_depleted,0.01,0.7
5036,-74.0,100,False,6,0,0,26,,energy_depleted,0.01,0.7
5037,-66.0,100,False,4,0,0,26,,energy_depleted,0.01,0.7
5038,-66.0,100,False,4,0,0,26,,energy_depleted,0.01,0.7
5039,-94.0,100,False,11,0,0,26,,energy_depleted,0.01,0.7
5040,-62.0,100,False,3,0,0,26,,energy_depleted,0.01,0.7
5041,-54.0,100,False,1,0,0,26,,energy_depleted,0.01,0.7
5042,-90.0,100,False,10,0,0,26,,energy_depleted,0.01,0.7
5043,-50.0,100,False,0,0,0,26,,energy_depleted,0.01,0.7
5044,-70.0,100,False,5,0,0,26,,energy_depleted,0.01,0.7
5045,-74.0,100,False,6,0,0,26,,energy_depleted,0.01,0.7
5046,-66.0,100,False,4,0,0,26,,energy_depleted,0.01,0.7
5047,-104.0,100,False,11,1,0,26,,energy_depleted,0.01,0.7
5048,-86.0,100,False,9,0,0,26,,energy_depleted,0.01,0.7
5049,-70.0,100,False,5,0,0,26,,energy_depleted,0.01,0.7
5050,-90.0,100,False,5,2,0,29,,energy_depleted,0.01,0.7
5051,-64.0,100,False,1,1,0,26,,energy_depleted,0.01,0.7
5052,-78.0,100,False,7,0,0,26,,energy_depleted,0.01,0.7
5053,-96.0,100,False,9,1,0,26,,energy_depleted,0.01,0.7
5054,-86.0,100,False,9,0,0,26,,energy_depleted,0.01,0.7
5055,-54.0,100,False,1,0,0,26,,energy_depleted,0.01,0.7
5056,-74.0,100,False,6,0,0,26,,energy_depleted,0.01,0.7
5057,-62.0,100,False,3,0,0,26,,energy_depleted,0.01,0.7
5058,-66.0,100,False,4,0,0,26,,energy_depleted,0.01,0.7
5059,-66.0,100,False,4,0,0,26,,energy_depleted,0.01,0.7
5060,-86.0,100,False,9,0,0,26,,energy_depleted,0.01,0.7
5061,-70.0,100,False,5,0,0,26,,energy_depleted,0.01,0.7
5062,-62.0,100,False,3,0,0,26,,energy_depleted,0.01,0.7
5063,-74.0,100,False,6,0,0,23,,energy_depleted,0.01,0.7
5064,-82.0,100,False,8,0,0,26,,energy_depleted,0.01,0.7
5065,-66.0,100,False,4,0,0,26,,energy_depleted,0.01,0.7
5066,-74.0,100,False,6,0,0,26,,energy_depleted,0.01,0.7
5067,-70.0,100,False,5,0,0,26,,energy_depleted,0.01,0.7
5068,-66.0,100,False,4,0,0,26,,energy_depleted,0.01,0.7
5069,-58.0,100,False,2,0,0,26,,energy_depleted,0.01,0.7
5070,-70.0,100,False,5,0,0,26,,energy_depleted,0.01,0.7
5071,-78.0,100,False,7,0,0,26,,energy_depleted,0.01,0.7
5072,-62.0,100,False,3,0,0,26,,energy_depleted,0.01,0.7
5073,-58.0,100,False,2,0,0,26,,energy_depleted,0.01,0.7
5074,-86.0,100,False,4,2,0,26,,energy_depleted,0.01,0.7
5075,-122.0,100,False,13,2,0,26,,energy_depleted,0.01,0.7
5076,-54.0,100,False,1,0,0,26,,energy_depleted,0.01,0.7
5077,-50.0,100,False,0,0,0,26,,energy_depleted,0.01,0.7
5078,-66.0,100,False,4,0,0,26,,energy_depleted,0.01,0.7
5079,-102.0,100,False,13,0,0,26,,energy_depleted,0.01,0.7
5080,-62.0,100,False,3,0,0,28,,energy_depleted,0.01,0.7
5081,-102.0,100,False,8,2,0,26,,energy_depleted,0.01,0.7
5082,-90.0,100,False,10,0,0,26,,energy_depleted,0.01,0.7
5083,-66.0,100,False,4,0,0,26,,energy_depleted,0.01,0.7
5084,-74.0,100,False,6,0,0,26,,energy_depleted,0.01,0.7
5085,-62.0,100,False,3,0,0,26,,energy_depleted,0.01,0.7
5086,-70.0,100,False,5,0,0,26,,energy_depleted,0.01,0.7
5087,-82.0,100,False,8,0,0,28,,energy_depleted,0.01,0.7
5088,-82.0,100,False,8,0,0,26,,energy_depleted,0.01,0.7
5089,-78.0,100,False,7,0,0,26,,energy_depleted,0.01,0.7
5090,-70.0,100,False,5,0,0,26,,energy_depleted,0.01,0.7
5091,-74.0,100,False,6,0,0,26,,energy_depleted,0.01,0.7
5092,-102.0,100,False,8,2,0,26,,energy_depleted,0.01,0.7
5093,-126.0,100,False,14,2,0,26,,energy_depleted,0.01,0.7
5094,-66.0,100,False,4,0,0,26,,energy_depleted,0.01,0.7
5095,-54.0,100,False,1,0,0,26,,energy_depleted,0.01,0.7
5096,-58.0,100,False,2,0,0,26,,energy_depleted,0.01,0.7
5097,-58.0,100,False,2,0,0,26,,energy_depleted,0.01,0.7
5098,-50.0,100,False,0,0,0,26,,energy_depleted,0.01,0.7
5099,126.0,100,True,6,0,0,26,100,goal_reached,0.01,0.7
5100,-70.0,100,False,5,0,0,26,,energy_depleted,0.01,0.7
5101,-64.0,100,False,1,1,0,26,,energy_depleted,0.01,0.7
5102,-62.0,100,False,3,0,0,28,,energy_depleted,0.01,0.7
5103,-102.0,100,False,13,0,0,26,,energy_depleted,0.01,0.7
5104,-62.0,100,False,3,0,0,26,,energy_depleted,0.01,0.7
5105,-78.0,100,False,7,0,0,26,,energy_depleted,0.01,0.7
5106,-62.0,100,False,3,0,0,26,,energy_depleted,0.01,0.7
5107,-70.0,100,False,5,0,0,26,,energy_depleted,0.01,0.7
5108,-62.0,100,False,3,0,0,26,,energy_depleted,0.01,0.7
5109,-86.0,100,False,9,0,0,26,,energy_depleted,0.01,0.7
5110,-78.0,100,False,7,0,0,26,,energy_depleted,0.01,0.7
5111,-62.0,100,False,3,0,0,26,,energy_depleted,0.01,0.7
5112,-62.0,100,False,3,0,0,26,,energy_depleted,0.01,0.7
5113,-80.0,100,False,5,1,0,26,,energy_depleted,0.01,0.7
5114,-62.0,100,False,3,0,0,26,,energy_depleted,0.01,0.7
5115,-74.0,100,False,6,0,0,29,,energy_depleted,0.01,0.7
5116,-106.0,100,False,14,0,0,28,,energy_depleted,0.01,0.7
5117,-114.0,100,False,16,0,0,26,,energy_depleted,0.01,0.7
5118,-88.0,100,False,7,1,0,26,,energy_depleted,0.01,0.7
5119,-94.0,100,False,11,0,0,26,,energy_depleted,0.01,0.7
5120,-70.0,100,False,5,0,0,26,,energy_depleted,0.01,0.7
5121,-74.0,100,False,6,0,0,26,,energy_depleted,0.01,0.7
5122,-90.0,100,False,10,0,0,26,,energy_depleted,0.01,0.7
5123,-84.0,100,False,6,1,0,26,,energy_depleted,0.01,0.7
5124,-78.0,100,False,7,0,0,26,,energy_depleted,0.01,0.7
5125,-148.0,100,False,22,1,0,26,,energy_depleted,0.01,0.7
5126,-88.0,100,False,7,1,0,26,,energy_depleted,0.01,0.7
5127,-62.0,100,False,3,0,0,26,,energy_depleted,0.01,0.7
5128,-86.0,100,False,9,0,0,26,,energy_depleted,0.01,0.7
5129,-58.0,100,False,2,0,0,26,,energy_depleted,0.01,0.7
5130,-92.0,100,False,8,1,0,26,,energy_depleted,0.01,0.7
5131,-58.0,100,False,2,0,0,26,,energy_depleted,0.01,0.7
5132,-66.0,100,False,4,0,0,26,,energy_depleted,0.01,0.7
5133,-78.0,100,False,7,0,0,26,,energy_depleted,0.01,0.7
5134,-50.0,100,False,0,0,0,26,,energy_depleted,0.01,0.7
5135,-94.0,100,False,11,0,0,26,,energy_depleted,0.01,0.7
5136,-80.0,100,False,5,1,0,26,,energy_depleted,0.01,0.7
5137,-82.0,100,False,8,0,0,26,,energy_depleted,0.01,0.7
5138,-84.0,100,False,6,1,0,26,,energy_depleted,0.01,0.7
5139,-62.0,100,False,3,0,0,26,,energy_depleted,0.01,0.7
5140,-68.0,100,False,2,1,0,26,,energy_depleted,0.01,0.7
5141,-66.0,100,False,4,0,0,26,,energy_depleted,0.01,0.7
5142,-82.0,100,False,8,0,0,26,,energy_depleted,0.01,0.7
5143,-58.0,100,False,2,0,0,26,,energy_depleted,0.01,0.7
5144,-126.0,100,False,19,0,0,26,,energy_depleted,0.01,0.7
5145,-94.0,100,False,6,2,0,26,,energy_depleted,0.01,0.7
5146,-62.0,100,False,3,0,0,26,,energy_depleted,0.01,0.7
5147,-70.0,100,False,5,0,0,26,,energy_depleted,0.01,0.7
5148,-54.0,100,False,1,0,0,26,,energy_depleted,0.01,0.7
5149,-88.0,100,False,7,1,0,26,,energy_depleted,0.01,0.7
5150,-58.0,100,False,2,0,0,26,,energy_depleted,0.01,0.7
5151,-90.0,100,False,10,0,0,26,,energy_depleted,0.01,0.7
5152,-60.0,100,False,0,1,0,26,,energy_depleted,0.01,0.7
5153,-62.0,100,False,3,0,0,26,,energy_depleted,0.01,0.7
5154,-78.0,100,False,7,0,0,26,,energy_depleted,0.01,0.7
5155,-94.0,100,False,11,0,0,26,,energy_depleted,0.01,0.7
5156,-58.0,100,False,2,0,0,26,,energy_depleted,0.01,0.7
5157,-80.0,100,False,5,1,0,26,,energy_depleted,0.01,0.7
5158,-58.0,100,False,2,0,0,26,,energy_depleted,0.01,0.7
5159,-78.0,100,False,7,0,0,26,,energy_depleted,0.01,0.7
5160,-74.0,100,False,6,0,0,26,,energy_depleted,0.01,0.7
5161,-80.0,100,False,5,1,0,26,,energy_depleted,0.01,0.7
5162,-80.0,100,False,5,1,0,26,,energy_depleted,0.01,0.7
5163,-72.0,100,False,3,1,0,26,,energy_depleted,0.01,0.7
5164,-82.0,100,False,8,0,0,26,,energy_depleted,0.01,0.7
5165,-70.0,100,False,5,0,0,26,,energy_depleted,0.01,0.7
5166,-68.0,100,False,2,1,0,26,,energy_depleted,0.01,0.7
5167,-70.0,100,False,5,0,0,26,,energy_depleted,0.01,0.7
5168,-70.0,100,False,5,0,0,26,,energy_depleted,0.01,0.7
5169,-66.0,100,False,4,0,0,26,,energy_depleted,0.01,0.7
5170,-96.0,100,False,9,1,0,26,,energy_depleted,0.01,0.7
5171,-78.0,100,False,7,0,0,26,,energy_depleted,0.01,0.7
5172,-66.0,100,False,4,0,0,26,,energy_depleted,0.01,0.7
5173,-70.0,100,False,5,0,0,26,,energy_depleted,0.01,0.7
5174,-62.0,100,False,3,0,0,29,,energy_depleted,0.01,0.7
5175,-94.0,100,False,11,0,0,28,,energy_depleted,0.01,0.7
5176,-86.0,100,False,4,2,0,26,,energy_depleted,0.01,0.7
5177,-70.0,100,False,5,0,0,26,,energy_depleted,0.01,0.7
5178,-78.0,100,False,7,0,0,26,,energy_depleted,0.01,0.7
5179,-98.0,100,False,7,2,0,26,,energy_depleted,0.01,0.7
5180,-84.0,100,False,6,1,0,26,,energy_depleted,0.01,0.7
5181,-82.0,100,False,8,0,0,26,,energy_depleted,0.01,0.7
5182,-110.0,100,False,15,0,0,26,,energy_depleted,0.01,0.7
5183,-108.0,100,False,12,1,0,28,,energy_depleted,0.01,0.7
5184,-82.0,100,False,8,0,0,26,,energy_depleted,0.01,0.7
5185,-66.0,100,False,4,0,0,26,,energy_depleted,0.01,0.7
5186,-82.0,100,False,3,2,0,26,,energy_depleted,0.01,0.7
5187,-88.0,100,False,7,1,0,26,,energy_depleted,0.01,0.7
5188,-62.0,100,False,3,0,0,26,,energy_depleted,0.01,0.7
5189,-74.0,100,False,6,0,0,26,,energy_depleted,0.01,0.7
5190,-54.0,100,False,1,0,0,26,,energy_depleted,0.01,0.7
5191,-66.0,100,False,4,0,0,26,,energy_depleted,0.01,0.7
5192,-62.0,100,False,3,0,0,26,,energy_depleted,0.01,0.7
5193,-58.0,100,False,2,0,0,26,,energy_depleted,0.01,0.7
5194,-62.0,100,False,3,0,0,26,,energy_depleted,0.01,0.7
5195,-70.0,100,False,5,0,0,26,,energy_depleted,0.01,0.7
5196,-58.0,100,False,2,0,0,26,,energy_depleted,0.01,0.7
5197,-68.0,100,False,2,1,0,26,,energy_depleted,0.01,0.7
5198,-58.0,100,False,2,0,0,26,,energy_depleted,0.01,0.7
5199,-62.0,100,False,3,0,0,26,,energy_depleted,0.01,0.7
5200,-70.0,100,False,5,0,0,26,,energy_depleted,0.01,0.7
5201,-50.0,100,False,0,0,0,26,,energy_depleted,0.01,0.7
5202,-78.0,100,False,7,0,0,23,,energy_depleted,0.01,0.7
5203,-78.0,100,False,2,2,0,26,,energy_depleted,0.01,0.7
5204,-98.0,100,False,12,0,0,26,,energy_depleted,0.01,0.7
5205,-92.0,100,False,8,1,0,26,,energy_depleted,0.01,0.7
5206,-90.0,100,False,10,0,0,26,,energy_depleted,0.01,0.7
5207,-58.0,100,False,2,0,0,26,,energy_depleted,0.01,0.7
5208,-74.0,100,False,6,0,0,26,,energy_depleted,0.01,0.7
5209,-78.0,100,False,7,0,0,26,,energy_depleted,0.01,0.7
5210,-62.0,100,False,3,0,0,26,,energy_depleted,0.01,0.7
5211,-78.0,100,False,7,0,0,26,,energy_depleted,0.01,0.7
5212,-62.0,100,False,3,0,0,26,,energy_depleted,0.01,0.7
5213,-94.0,100,False,6,2,0,26,,energy_depleted,0.01,0.7
5214,-74.0,100,False,6,0,0,26,,energy_depleted,0.01,0.7
5215,-74.0,100,False,6,0,0,26,,energy_depleted,0.01,0.7
5216,-54.0,100,False,1,0,0,26,,energy_depleted,0.01,0.7
5217,-62.0,100,False,3,0,0,26,,energy_depleted,0.01,0.7
5218,-74.0,100,False,6,0,0,26,,energy_depleted,0.01,0.7
5219,-58.0,100,False,2,0,0,26,,energy_depleted,0.01,0.7
5220,-66.0,100,False,4,0,0,26,,energy_depleted,0.01,0.7
5221,-74.0,100,False,6,0,0,26,,energy_depleted,0.01,0.7
5222,-100.0,100,False,10,1,0,26,,energy_depleted,0.01,0.7
5223,-58.0,100,False,2,0,0,26,,energy_depleted,0.01,0.7
5224,-62.0,100,False,3,0,0,26,,energy_depleted,0.01,0.7
5225,-70.0,100,False,5,0,0,26,,energy_depleted,0.01,0.7
5226,-66.0,100,False,4,0,0,26,,energy_depleted,0.01,0.7
5227,-88.0,100,False,7,1,0,29,,energy_depleted,0.01,0.7
5228,-66.0,100,False,4,0,0,26,,energy_depleted,0.01,0.7
5229,-58.0,100,False,2,0,0,26,,energy_depleted,0.01,0.7
5230,-74.0,100,False,6,0,0,26,,energy_depleted,0.01,0.7
5231,-70.0,100,False,5,0,0,26,,energy_depleted,0.01,0.7
5232,-58.0,100,False,2,0,0,26,,energy_depleted,0.01,0.7
5233,-70.0,100,False,5,0,0,26,,energy_depleted,0.01,0.7
5234,-58.0,100,False,2,0,0,26,,energy_depleted,0.01,0.7
5235,-70.0,100,False,5,0,0,26,,energy_depleted,0.01,0.7
5236,-58.0,100,False,2,0,0,26,,energy_depleted,0.01,0.7
5237,-84.0,100,False,6,1,0,26,,energy_depleted,0.01,0.7
5238,-90.0,100,False,5,2,0,26,,energy_depleted,0.01,0.7
5239,-64.0,100,False,1,1,0,26,,energy_depleted,0.01,0.7
5240,-86.0,100,False,4,2,0,26,,energy_depleted,0.01,0.7
5241,-78.0,100,False,7,0,0,26,,energy_depleted,0.01,0.7
5242,-80.0,100,False,5,1,0,26,,energy_depleted,0.01,0.7
5243,-66.0,100,False,4,0,0,26,,energy_depleted,0.01,0.7
5244,-78.0,100,False,7,0,0,26,,energy_depleted,0.01,0.7
5245,-82.0,100,False,8,0,0,26,,energy_depleted,0.01,0.7
5246,-112.0,100,False,8,3,0,28,,energy_depleted,0.01,0.7
5247,-84.0,100,False,6,1,0,26,,energy_depleted,0.01,0.7
5248,-78.0,100,False,7,0,0,26,,energy_depleted,0.01,0.7
5249,-62.0,100,False,3,0,0,26,,energy_depleted,0.01,0.7
5250,-94.0,100,False,6,2,0,26,,energy_depleted,0.01,0.7
5251,-58.0,100,False,2,0,0,26,,energy_depleted,0.01,0.7
5252,-86.0,100,False,9,0,0,26,,energy_depleted,0.01,0.7
5253,-62.0,100,False,3,0,0,29,,energy_depleted,0.01,0.7
5254,-94.0,100,False,11,0,0,26,,energy_depleted,0.01,0.7
5255,-82.0,100,False,8,0,0,26,,energy_depleted,0.01,0.7
5256,-58.0,100,False,2,0,0,26,,energy_depleted,0.01,0.7
5257,-104.0,100,False,6,3,0,23,,energy_depleted,0.01,0.7
5258,-70.0,100,False,5,0,0,26,,energy_depleted,0.01,0.7
5259,-84.0,100,False,6,1,0,26,,energy_depleted,0.01,0.7
5260,-94.0,100,False,11,0,0,26,,energy_depleted,0.01,0.7
5261,-98.0,100,False,12,0,0,26,,energy_depleted,0.01,0.7
5262,-54.0,100,False,1,0,0,26,,energy_depleted,0.01,0.7
5263,-62.0,100,False,3,0,0,26,,energy_depleted,0.01,0.7
5264,-86.0,100,False,9,0,0,26,,energy_depleted,0.01,0.7
5265,-66.0,100,False,4,0,0,26,,energy_depleted,0.01,0.7
5266,-92.0,100,False,8,1,0,26,,energy_depleted,0.01,0.7
5267,-62.0,100,False,3,0,0,26,,energy_depleted,0.01,0.7
5268,-94.0,100,False,11,0,0,26,,energy_depleted,0.01,0.7
5269,-62.0,100,False,3,0,0,26,,energy_depleted,0.01,0.7
5270,-66.0,100,False,4,0,0,26,,energy_depleted,0.01,0.7
5271,-74.0,100,False,6,0,0,26,,energy_depleted,0.01,0.7
5272,-78.0,100,False,7,0,0,26,,energy_depleted,0.01,0.7
5273,-66.0,100,False,4,0,0,26,,energy_depleted,0.01,0.7
5274,-70.0,100,False,5,0,0,26,,energy_depleted,0.01,0.7
5275,-70.0,100,False,5,0,0,26,,energy_depleted,0.01,0.7
5276,-82.0,100,False,8,0,0,26,,energy_depleted,0.01,0.7
5277,-74.0,100,False,6,0,0,28,,energy_depleted,0.01,0.7
5278,-66.0,100,False,4,0,0,26,,energy_depleted,0.01,0.7
5279,-62.0,100,False,3,0,0,26,,energy_depleted,0.01,0.7
5280,-100.0,100,False,10,1,0,26,,energy_depleted,0.01,0.7
5281,-98.0,100,False,7,2,0,26,,energy_depleted,0.01,0.7
5282,-70.0,100,False,5,0,0,26,,energy_depleted,0.01,0.7
5283,-74.0,100,False,6,0,0,26,,energy_depleted,0.01,0.7
5284,-90.0,100,False,10,0,0,26,,energy_depleted,0.01,0.7
5285,-74.0,100,False,6,0,0,26,,energy_depleted,0.01,0.7
5286,-80.0,100,False,5,1,0,26,,energy_depleted,0.01,0.7
5287,-70.0,100,False,5,0,0,26,,energy_depleted,0.01,0.7
5288,-122.0,100,False,13,2,0,26,,energy_depleted,0.01,0.7
5289,-62.0,100,False,3,0,0,26,,energy_depleted,0.01,0.7
5290,-94.0,100,False,11,0,0,26,,energy_depleted,0.01,0.7
5291,-66.0,100,False,4,0,0,26,,energy_depleted,0.01,0.7
5292,-70.0,100,False,5,0,0,26,,energy_depleted,0.01,0.7
5293,-76.0,100,False,4,1,0,26,,energy_depleted,0.01,0.7
5294,-74.0,100,False,6,0,0,28,,energy_depleted,0.01,0.7
5295,-62.0,100,False,3,0,0,26,,energy_depleted,0.01,0.7
5296,-58.0,100,False,2,0,0,26,,energy_depleted,0.01,0.7
5297,-62.0,100,False,3,0,0,26,,energy_depleted,0.01,0.7
5298,-54.0,100,False,1,0,0,26,,energy_depleted,0.01,0.7
5299,-66.0,100,False,4,0,0,26,,energy_depleted,0.01,0.7
5300,-62.0,100,False,3,0,0,26,,energy_depleted,0.01,0.7
5301,-50.0,100,False,0,0,0,26,,energy_depleted,0.01,0.7
5302,-66.0,100,False,4,0,0,26,,energy_depleted,0.01,0.7
5303,-70.0,100,False,5,0,0,26,,energy_depleted,0.01,0.7
5304,-86.0,100,False,9,0,0,26,,energy_depleted,0.01,0.7
5305,-58.0,100,False,2,0,0,26,,energy_depleted,0.01,0.7
5306,-70.0,100,False,5,0,0,26,,energy_depleted,0.01,0.7
5307,-74.0,100,False,6,0,0,28,,energy_depleted,0.01,0.7
5308,-82.0,100,False,8,0,0,26,,energy_depleted,0.01,0.7
5309,-62.0,100,False,3,0,0,28,,energy_depleted,0.01,0.7
5310,-66.0,100,False,4,0,0,26,,energy_depleted,0.01,0.7
5311,-66.0,100,False,4,0,0,26,,energy_depleted,0.01,0.7
5312,-82.0,100,False,8,0,0,26,,energy_depleted,0.01,0.7
5313,-78.0,100,False,7,0,0,28,,energy_depleted,0.01,0.7
5314,-58.0,100,False,2,0,0,28,,energy_depleted,0.01,0.7
5315,-88.0,100,False,7,1,0,26,,energy_depleted,0.01,0.7
5316,-74.0,100,False,1,2,0,26,,energy_depleted,0.01,0.7
5317,-88.0,100,False,7,1,0,26,,energy_depleted,0.01,0.7
5318,-122.0,100,False,18,0,0,26,,energy_depleted,0.01,0.7
5319,-74.0,100,False,6,0,0,26,,energy_depleted,0.01,0.7
5320,-90.0,100,False,10,0,0,26,,energy_depleted,0.01,0.7
5321,-88.0,100,False,7,1,0,26,,energy_depleted,0.01,0.7
5322,-58.0,100,False,2,0,0,26,,energy_depleted,0.01,0.7
5323,-120.0,100,False,15,1,0,28,,energy_depleted,0.01,0.7
5324,-78.0,100,False,7,0,0,26,,energy_depleted,0.01,0.7
5325,-74.0,100,False,6,0,0,26,,energy_depleted,0.01,0.7
5326,-66.0,100,False,4,0,0,26,,energy_depleted,0.01,0.7
5327,-94.0,100,False,11,0,0,26,,energy_depleted,0.01,0.7
5328,-68.0,100,False,2,1,0,26,,energy_depleted,0.01,0.7
5329,-100.0,100,False,10,1,0,26,,energy_depleted,0.01,0.7
5330,-74.0,100,False,6,0,0,26,,energy_depleted,0.01,0.7
5331,-70.0,100,False,5,0,0,26,,energy_depleted,0.01,0.7
5332,-66.0,100,False,4,0,0,26,,energy_depleted,0.01,0.7
5333,-114.0,100,False,16,0,0,26,,energy_depleted,0.01,0.7
5334,-74.0,100,False,1,2,0,26,,energy_depleted,0.01,0.7
5335,-58.0,100,False,2,0,0,26,,energy_depleted,0.01,0.7
5336,-106.0,100,False,14,0,0,26,,energy_depleted,0.01,0.7
5337,-54.0,100,False,1,0,0,26,,energy_depleted,0.01,0.7
5338,-112.0,100,False,13,1,0,26,,energy_depleted,0.01,0.7
5339,-82.0,100,False,3,2,0,26,,energy_depleted,0.01,0.7
5340,-66.0,100,False,4,0,0,26,,energy_depleted,0.01,0.7
5341,-74.0,100,False,6,0,0,26,,energy_depleted,0.01,0.7
5342,-78.0,100,False,7,0,0,26,,energy_depleted,0.01,0.7
5343,-86.0,100,False,9,0,0,26,,energy_depleted,0.01,0.7
5344,-90.0,100,False,10,0,0,26,,energy_depleted,0.01,0.7
5345,-74.0,100,False,6,0,0,26,,energy_depleted,0.01,0.7
5346,-58.0,100,False,2,0,0,29,,energy_depleted,0.01,0.7
5347,-78.0,100,False,7,0,0,28,,energy_depleted,0.01,0.7
5348,-74.0,100,False,6,0,0,26,,energy_depleted,0.01,0.7
5349,-112.0,100,False,13,1,0,26,,energy_depleted,0.01,0.7
5350,-54.0,100,False,1,0,0,26,,energy_depleted,0.01,0.7
5351,-62.0,100,False,3,0,0,26,,energy_depleted,0.01,0.7
5352,-66.0,100,False,4,0,0,26,,energy_depleted,0.01,0.7
5353,-108.0,100,False,7,3,0,26,,energy_depleted,0.01,0.7
5354,-66.0,100,False,4,0,0,26,,energy_depleted,0.01,0.7
5355,-64.0,100,False,1,1,0,26,,energy_depleted,0.01,0.7
5356,-70.0,100,False,5,0,0,26,,energy_depleted,0.01,0.7
5357,-110.0,100,False,10,2,0,26,,energy_depleted,0.01,0.7
5358,-90.0,100,False,5,2,0,26,,energy_depleted,0.01,0.7
5359,-90.0,100,False,10,0,0,26,,energy_depleted,0.01,0.7
5360,-66.0,100,False,4,0,0,26,,energy_depleted,0.01,0.7
5361,-66.0,100,False,4,0,0,26,,energy_depleted,0.01,0.7
5362,-70.0,100,False,5,0,0,26,,energy_depleted,0.01,0.7
5363,-74.0,100,False,6,0,0,26,,energy_depleted,0.01,0.7
5364,-70.0,100,False,5,0,0,26,,energy_depleted,0.01,0.7
5365,-74.0,100,False,6,0,0,28,,energy_depleted,0.01,0.7
5366,-70.0,100,False,5,0,0,26,,energy_depleted,0.01,0.7
5367,-66.0,100,False,4,0,0,26,,energy_depleted,0.01,0.7
5368,-86.0,100,False,9,0,0,28,,energy_depleted,0.01,0.7
5369,-70.0,100,False,5,0,0,26,,energy_depleted,0.01,0.7
5370,-70.0,100,False,5,0,0,26,,energy_depleted,0.01,0.7
5371,-74.0,100,False,6,0,0,26,,energy_depleted,0.01,0.7
5372,-110.0,100,False,15,0,0,26,,energy_depleted,0.01,0.7
5373,-74.0,100,False,6,0,0,26,,energy_depleted,0.01,0.7
5374,-122.0,100,False,18,0,0,26,,energy_depleted,0.01,0.7
5375,-74.0,100,False,6,0,0,26,,energy_depleted,0.01,0.7
5376,-82.0,100,False,8,0,0,26,,energy_depleted,0.01,0.7
5377,-78.0,100,False,7,0,0,26,,energy_depleted,0.01,0.7
5378,-98.0,100,False,12,0,0,26,,energy_depleted,0.01,0.7
5379,-82.0,100,False,8,0,0,26,,energy_depleted,0.01,0.7
5380,-88.0,100,False,7,1,0,26,,energy_depleted,0.01,0.7
5381,-78.0,100,False,7,0,0,26,,energy_depleted,0.01,0.7
5382,-74.0,100,False,6,0,0,26,,energy_depleted,0.01,0.7
5383,-70.0,100,False,5,0,0,26,,energy_depleted,0.01,0.7
5384,-66.0,100,False,4,0,0,29,,energy_depleted,0.01,0.7
5385,-82.0,100,False,8,0,0,26,,energy_depleted,0.01,0.7
5386,-62.0,100,False,3,0,0,26,,energy_depleted,0.01,0.7
5387,-74.0,100,False,6,0,0,26,,energy_depleted,0.01,0.7
5388,-86.0,100,False,9,0,0,26,,energy_depleted,0.01,0.7
5389,-74.0,100,False,6,0,0,28,,energy_depleted,0.01,0.7
5390,-74.0,100,False,6,0,0,26,,energy_depleted,0.01,0.7
5391,-78.0,100,False,7,0,0,26,,energy_depleted,0.01,0.7
5392,-94.0,100,False,11,0,0,26,,energy_depleted,0.01,0.7
5393,-66.0,100,False,4,0,0,26,,energy_depleted,0.01,0.7
5394,-90.0,100,False,10,0,0,26,,energy_depleted,0.01,0.7
5395,-86.0,100,False,9,0,0,26,,energy_depleted,0.01,0.7
5396,-70.0,100,False,5,0,0,26,,energy_depleted,0.01,0.7
5397,-94.0,100,False,6,2,0,28,,energy_depleted,0.01,0.7
5398,-62.0,100,False,3,0,0,26,,energy_depleted,0.01,0.7
5399,-86.0,100,False,9,0,0,26,,energy_depleted,0.01,0.7
5400,-98.0,100,False,7,2,0,26,,energy_depleted,0.01,0.7
5401,-74.0,100,False,6,0,0,26,,energy_depleted,0.01,0.7
5402,-76.0,100,False,4,1,0,26,,energy_depleted,0.01,0.7
5403,-78.0,100,False,7,0,0,26,,energy_depleted,0.01,0.7
5404,-74.0,100,False,6,0,0,26,,energy_depleted,0.01,0.7
5405,-68.0,100,False,2,1,0,26,,energy_depleted,0.01,0.7
5406,-66.0,100,False,4,0,0,26,,energy_depleted,0.01,0.7
5407,-54.0,100,False,1,0,0,26,,energy_depleted,0.01,0.7
5408,-78.0,100,False,7,0,0,26,,energy_depleted,0.01,0.7
5409,-68.0,100,False,2,1,0,26,,energy_depleted,0.01,0.7
5410,-86.0,100,False,9,0,0,26,,energy_depleted,0.01,0.7
5411,-82.0,100,False,8,0,0,26,,energy_depleted,0.01,0.7
5412,-110.0,100,False,10,2,0,29,,energy_depleted,0.01,0.7
5413,-74.0,100,False,6,0,0,26,,energy_depleted,0.01,0.7
5414,-86.0,100,False,9,0,0,26,,energy_depleted,0.01,0.7
5415,-94.0,100,False,11,0,0,26,,energy_depleted,0.01,0.7
5416,-62.0,100,False,3,0,0,26,,energy_depleted,0.01,0.7
5417,-84.0,100,False,6,1,0,26,,energy_depleted,0.01,0.7
5418,-54.0,100,False,1,0,0,26,,energy_depleted,0.01,0.7
5419,-82.0,100,False,3,2,0,26,,energy_depleted,0.01,0.7
5420,-82.0,100,False,8,0,0,26,,energy_depleted,0.01,0.7
5421,-70.0,100,False,5,0,0,26,,energy_depleted,0.01,0.7
5422,-136.0,100,False,9,5,0,28,,energy_depleted,0.01,0.7
5423,-96.0,100,False,9,1,0,26,,energy_depleted,0.01,0.7
5424,-74.0,100,False,6,0,0,26,,energy_depleted,0.01,0.7
5425,-82.0,100,False,8,0,0,26,,energy_depleted,0.01,0.7
5426,-66.0,100,False,4,0,0,26,,energy_depleted,0.01,0.7
5427,-90.0,100,False,10,0,0,26,,energy_depleted,0.01,0.7
5428,-62.0,100,False,3,0,0,26,,energy_depleted,0.01,0.7
5429,-118.0,100,False,17,0,0,26,,energy_depleted,0.01,0.7
5430,-80.0,100,False,5,1,0,26,,energy_depleted,0.01,0.7
5431,-70.0,100,False,5,0,0,26,,energy_depleted,0.01,0.7
5432,-62.0,100,False,3,0,0,26,,energy_depleted,0.01,0.7
5433,-66.0,100,False,4,0,0,26,,energy_depleted,0.01,0.7
5434,-88.0,100,False,7,1,0,26,,energy_depleted,0.01,0.7
5435,-82.0,100,False,8,0,0,28,,energy_depleted,0.01,0.7
5436,-74.0,100,False,6,0,0,26,,energy_depleted,0.01,0.7
5437,-66.0,100,False,4,0,0,26,,energy_depleted,0.01,0.7
5438,-102.0,100,False,13,0,0,26,,energy_depleted,0.01,0.7
5439,-78.0,100,False,7,0,0,26,,energy_depleted,0.01,0.7
5440,-58.0,100,False,2,0,0,26,,energy_depleted,0.01,0.7
5441,-62.0,100,False,3,0,0,26,,energy_depleted,0.01,0.7
5442,-70.0,100,False,5,0,0,26,,energy_depleted,0.01,0.7
5443,-86.0,100,False,9,0,0,26,,energy_depleted,0.01,0.7
5444,-90.0,100,False,10,0,0,26,,energy_depleted,0.01,0.7
5445,-66.0,100,False,4,0,0,26,,energy_depleted,0.01,0.7
5446,-84.0,100,False,6,1,0,26,,energy_depleted,0.01,0.7
5447,-74.0,100,False,6,0,0,26,,energy_depleted,0.01,0.7
5448,-66.0,100,False,4,0,0,26,,energy_depleted,0.01,0.7
5449,-58.0,100,False,2,0,0,26,,energy_depleted,0.01,0.7
5450,-78.0,100,False,7,0,0,26,,energy_depleted,0.01,0.7
5451,-78.0,100,False,7,0,0,26,,energy_depleted,0.01,0.7
5452,-136.0,100,False,14,3,0,26,,energy_depleted,0.01,0.7
5453,-78.0,100,False,7,0,0,26,,energy_depleted,0.01,0.7
5454,-62.0,100,False,3,0,0,26,,energy_depleted,0.01,0.7
5455,-78.0,100,False,7,0,0,26,,energy_depleted,0.01,0.7
5456,-58.0,100,False,2,0,0,26,,energy_depleted,0.01,0.7
5457,-154.0,100,False,16,4,0,26,,energy_depleted,0.01,0.7
5458,-70.0,100,False,5,0,0,23,,energy_depleted,0.01,0.7
5459,-86.0,100,False,9,0,0,26,,energy_depleted,0.01,0.7
5460,-70.0,100,False,5,0,0,26,,energy_depleted,0.01,0.7
5461,-62.0,100,False,3,0,0,26,,energy_depleted,0.01,0.7
5462,-74.0,100,False,6,0,0,26,,energy_depleted,0.01,0.7
5463,-122.0,100,False,18,0,0,26,,energy_depleted,0.01,0.7
5464,-72.0,100,False,3,1,0,26,,energy_depleted,0.01,0.7
5465,-66.0,100,False,4,0,0,26,,energy_depleted,0.01,0.7
5466,-70.0,100,False,5,0,0,26,,energy_depleted,0.01,0.7
5467,-62.0,100,False,3,0,0,26,,energy_depleted,0.01,0.7
5468,-88.0,100,False,7,1,0,26,,energy_depleted,0.01,0.7
5469,-82.0,100,False,8,0,0,26,,energy_depleted,0.01,0.7
5470,-86.0,100,False,9,0,0,26,,energy_depleted,0.01,0.7
5471,-94.0,100,False,11,0,0,26,,energy_depleted,0.01,0.7
5472,-94.0,100,False,11,0,0,26,,energy_depleted,0.01,0.7
5473,-78.0,100,False,7,0,0,26,,energy_depleted,0.01,0.7
5474,-66.0,100,False,4,0,0,26,,energy_depleted,0.01,0.7
5475,-78.0,100,False,7,0,0,26,,energy_depleted,0.01,0.7
5476,-66.0,100,False,4,0,0,26,,energy_depleted,0.01,0.7
5477,-70.0,100,False,5,0,0,26,,energy_depleted,0.01,0.7
5478,-58.0,100,False,2,0,0,26,,energy_depleted,0.01,0.7
5479,-62.0,100,False,3,0,0,26,,energy_depleted,0.01,0.7
5480,-128.0,100,False,17,1,0,26,,energy_depleted,0.01,0.7
5481,-66.0,100,False,4,0,0,26,,energy_depleted,0.01,0.7
5482,-74.0,100,False,6,0,0,26,,energy_depleted,0.01,0.7
5483,-74.0,100,False,6,0,0,26,,energy_depleted,0.01,0.7
5484,-74.0,100,False,6,0,0,26,,energy_depleted,0.01,0.7
5485,-74.0,100,False,6,0,0,26,,energy_depleted,0.01,0.7
5486,-94.0,100,False,11,0,0,26,,energy_depleted,0.01,0.7
5487,-66.0,100,False,4,0,0,26,,energy_depleted,0.01,0.7
5488,-78.0,100,False,7,0,0,26,,energy_depleted,0.01,0.7
5489,-82.0,100,False,8,0,0,26,,energy_depleted,0.01,0.7
5490,-76.0,100,False,4,1,0,26,,energy_depleted,0.01,0.7
5491,-78.0,100,False,7,0,0,26,,energy_depleted,0.01,0.7
5492,-74.0,100,False,6,0,0,26,,energy_depleted,0.01,0.7
5493,-74.0,100,False,6,0,0,26,,energy_depleted,0.01,0.7
5494,-98.0,100,False,12,0,0,26,,energy_depleted,0.01,0.7
5495,-82.0,100,False,8,0,0,26,,energy_depleted,0.01,0.7
5496,-78.0,100,False,7,0,0,26,,energy_depleted,0.01,0.7
5497,-54.0,100,False,1,0,0,26,,energy_depleted,0.01,0.7
5498,-70.0,100,False,5,0,0,26,,energy_depleted,0.01,0.7
5499,-98.0,100,False,12,0,0,26,,energy_depleted,0.01,0.7
5500,131.0,99,True,5,0,0,26,99,goal_reached,0.01,0.7
5501,-62.0,100,False,3,0,0,26,,energy_depleted,0.01,0.7
5502,-66.0,100,False,4,0,0,26,,energy_depleted,0.01,0.7
5503,-66.0,100,False,4,0,0,26,,energy_depleted,0.01,0.7
5504,-62.0,100,False,3,0,0,26,,energy_depleted,0.01,0.7
5505,-70.0,100,False,5,0,0,26,,energy_depleted,0.01,0.7
5506,-78.0,100,False,7,0,0,26,,energy_depleted,0.01,0.7
5507,-76.0,100,False,4,1,0,26,,energy_depleted,0.01,0.7
5508,-66.0,100,False,4,0,0,26,,energy_depleted,0.01,0.7
5509,-104.0,100,False,11,1,0,26,,energy_depleted,0.01,0.7
5510,-66.0,100,False,4,0,0,26,,energy_depleted,0.01,0.7
5511,-74.0,100,False,6,0,0,26,,energy_depleted,0.01,0.7
5512,-66.0,100,False,4,0,0,26,,energy_depleted,0.01,0.7
5513,-62.0,100,False,3,0,0,26,,energy_depleted,0.01,0.7
5514,-66.0,100,False,4,0,0,26,,energy_depleted,0.01,0.7
5515,-86.0,100,False,9,0,0,26,,energy_depleted,0.01,0.7
5516,-78.0,100,False,7,0,0,26,,energy_depleted,0.01,0.7
5517,-58.0,100,False,2,0,0,28,,energy_depleted,0.01,0.7
5518,-74.0,100,False,6,0,0,26,,energy_depleted,0.01,0.7
5519,-86.0,100,False,9,0,0,26,,energy_depleted,0.01,0.7
5520,-74.0,100,False,6,0,0,26,,energy_depleted,0.01,0.7
5521,-78.0,100,False,7,0,0,26,,energy_depleted,0.01,0.7
5522,-74.0,100,False,6,0,0,26,,energy_depleted,0.01,0.7
5523,-62.0,100,False,3,0,0,26,,energy_depleted,0.01,0.7
5524,-106.0,100,False,14,0,0,26,,energy_depleted,0.01,0.7
5525,-82.0,100,False,8,0,0,26,,energy_depleted,0.01,0.7
5526,-74.0,100,False,6,0,0,26,,energy_depleted,0.01,0.7
5527,-62.0,100,False,3,0,0,26,,energy_depleted,0.01,0.7
5528,-82.0,100,False,8,0,0,26,,energy_depleted,0.01,0.7
5529,-66.0,100,False,4,0,0,26,,energy_depleted,0.01,0.7
5530,-98.0,100,False,12,0,0,26,,energy_depleted,0.01,0.7
5531,-58.0,100,False,2,0,0,26,,energy_depleted,0.01,0.7
5532,-70.0,100,False,5,0,0,26,,energy_depleted,0.01,0.7
5533,-78.0,100,False,7,0,0,26,,energy_depleted,0.01,0.7
5534,-70.0,100,False,5,0,0,26,,energy_depleted,0.01,0.7
5535,-78.0,100,False,7,0,0,26,,energy_depleted,0.01,0.7
5536,-78.0,100,False,7,0,0,26,,energy_depleted,0.01,0.7
5537,-70.0,100,False,5,0,0,26,,energy_depleted,0.01,0.7
5538,-94.0,100,False,6,2,0,26,,energy_depleted,0.01,0.7
5539,-128.0,100,False,17,1,0,26,,energy_depleted,0.01,0.7
5540,-70.0,100,False,5,0,0,26,,energy_depleted,0.01,0.7
5541,-70.0,100,False,5,0,0,26,,energy_depleted,0.01,0.7
5542,-82.0,100,False,8,0,0,26,,energy_depleted,0.01,0.7
5543,-94.0,100,False,11,0,0,26,,energy_depleted,0.01,0.7
5544,-110.0,100,False,15,0,0,26,,energy_depleted,0.01,0.7
5545,-82.0,100,False,8,0,0,26,,energy_depleted,0.01,0.7
5546,-50.0,100,False,0,0,0,26,,energy_depleted,0.01,0.7
5547,-78.0,100,False,7,0,0,26,,energy_depleted,0.01,0.7
5548,-78.0,100,False,7,0,0,26,,energy_depleted,0.01,0.7
5549,-126.0,100,False,19,0,0,26,,energy_depleted,0.01,0.7
5550,-102.0,100,False,13,0,0,26,,energy_depleted,0.01,0.7
5551,-98.0,100,False,12,0,0,26,,energy_depleted,0.01,0.7
5552,-94.0,100,False,11,0,0,26,,energy_depleted,0.01,0.7
5553,-66.0,100,False,4,0,0,26,,energy_depleted,0.01,0.7
5554,-70.0,100,False,5,0,0,26,,energy_depleted,0.01,0.7
5555,-82.0,100,False,8,0,0,26,,energy_depleted,0.01,0.7
5556,-86.0,100,False,9,0,0,28,,energy_depleted,0.01,0.7
5557,-74.0,100,False,6,0,0,26,,energy_depleted,0.01,0.7
5558,-50.0,100,False,0,0,0,26,,energy_depleted,0.01,0.7
5559,-74.0,100,False,6,0,0,26,,energy_depleted,0.01,0.7
5560,-66.0,100,False,4,0,0,26,,energy_depleted,0.01,0.7
5561,-78.0,100,False,7,0,0,26,,energy_depleted,0.01,0.7
5562,-74.0,100,False,6,0,0,26,,energy_depleted,0.01,0.7
5563,-82.0,100,False,8,0,0,26,,energy_depleted,0.01,0.7
5564,-58.0,100,False,2,0,0,26,,energy_depleted,0.01,0.7
5565,-74.0,100,False,6,0,0,28,,energy_depleted,0.01,0.7
5566,-82.0,100,False,8,0,0,26,,energy_depleted,0.01,0.7
5567,-66.0,100,False,4,0,0,26,,energy_depleted,0.01,0.7
5568,-82.0,100,False,8,0,0,26,,energy_depleted,0.01,0.7
5569,-98.0,100,False,12,0,0,26,,energy_depleted,0.01,0.7
5570,-98.0,100,False,12,0,0,26,,energy_depleted,0.01,0.7
5571,-74.0,100,False,6,0,0,26,,energy_depleted,0.01,0.7
5572,-90.0,100,False,10,0,0,26,,energy_depleted,0.01,0.7
5573,-110.0,100,False,15,0,0,26,,energy_depleted,0.01,0.7
5574,-70.0,100,False,5,0,0,26,,energy_depleted,0.01,0.7
5575,-62.0,100,False,3,0,0,26,,energy_depleted,0.01,0.7
5576,-62.0,100,False,3,0,0,26,,energy_depleted,0.01,0.7
5577,-82.0,100,False,8,0,0,26,,energy_depleted,0.01,0.7
5578,-74.0,100,False,6,0,0,26,,energy_depleted,0.01,0.7
5579,-108.0,100,False,7,3,0,26,,energy_depleted,0.01,0.7
5580,-66.0,100,False,4,0,0,26,,energy_depleted,0.01,0.7
5581,-58.0,100,False,2,0,0,26,,energy_depleted,0.01,0.7
5582,-78.0,100,False,7,0,0,29,,energy_depleted,0.01,0.7
5583,-88.0,100,False,7,1,0,26,,energy_depleted,0.01,0.7
5584,-70.0,100,False,5,0,0,26,,energy_depleted,0.01,0.7
5585,-78.0,100,False,7,0,0,26,,energy_depleted,0.01,0.7
5586,-96.0,100,False,9,1,0,26,,energy_depleted,0.01,0.7
5587,-66.0,100,False,4,0,0,26,,energy_depleted,0.01,0.7
5588,-82.0,100,False,8,0,0,26,,energy_depleted,0.01,0.7
5589,-66.0,100,False,4,0,0,26,,energy_depleted,0.01,0.7
5590,-62.0,100,False,3,0,0,26,,energy_depleted,0.01,0.7
5591,-54.0,100,False,1,0,0,26,,energy_depleted,0.01,0.7
5592,-86.0,100,False,9,0,0,26,,energy_depleted,0.01,0.7
5593,-74.0,100,False,6,0,0,26,,energy_depleted,0.01,0.7
5594,-54.0,100,False,1,0,0,26,,energy_depleted,0.01,0.7
5595,-94.0,100,False,11,0,0,26,,energy_depleted,0.01,0.7
5596,-90.0,100,False,10,0,0,26,,energy_depleted,0.01,0.7
5597,-82.0,100,False,8,0,0,26,,energy_depleted,0.01,0.7
5598,-94.0,100,False,11,0,0,26,,energy_depleted,0.01,0.7
5599,-134.0,100,False,21,0,0,26,,energy_depleted,0.01,0.7
5600,-78.0,100,False,7,0,0,26,,energy_depleted,0.01,0.7
5601,-70.0,100,False,5,0,0,26,,energy_depleted,0.01,0.7
5602,-88.0,100,False,7,1,0,26,,energy_depleted,0.01,0.7
5603,-82.0,100,False,8,0,0,26,,energy_depleted,0.01,0.7
5604,-62.0,100,False,3,0,0,26,,energy_depleted,0.01,0.7
5605,-70.0,100,False,5,0,0,26,,energy_depleted,0.01,0.7
5606,-82.0,100,False,8,0,0,26,,energy_depleted,0.01,0.7
5607,-74.0,100,False,6,0,0,26,,energy_depleted,0.01,0.7
5608,-70.0,100,False,5,0,0,26,,energy_depleted,0.01,0.7
5609,-58.0,100,False,2,0,0,26,,energy_depleted,0.01,0.7
5610,-74.0,100,False,6,0,0,28,,energy_depleted,0.01,0.7
5611,-90.0,100,False,10,0,0,26,,energy_depleted,0.01,0.7
5612,-82.0,100,False,8,0,0,26,,energy_depleted,0.01,0.7
5613,-114.0,100,False,16,0,0,26,,energy_depleted,0.01,0.7
5614,-74.0,100,False,6,0,0,26,,energy_depleted,0.01,0.7
5615,-70.0,100,False,5,0,0,26,,energy_depleted,0.01,0.7
5616,-116.0,100,False,14,1,0,26,,energy_depleted,0.01,0.7
5617,-102.0,100,False,8,2,0,26,,energy_depleted,0.01,0.7
5618,-84.0,100,False,6,1,0,26,,energy_depleted,0.01,0.7
5619,-70.0,100,False,5,0,0,26,,energy_depleted,0.01,0.7
5620,-106.0,100,False,9,2,0,26,,energy_depleted,0.01,0.7
5621,-70.0,100,False,5,0,0,26,,energy_depleted,0.01,0.7
5622,-82.0,100,False,8,0,0,26,,energy_depleted,0.01,0.7
5623,-78.0,100,False,7,0,0,26,,energy_depleted,0.01,0.7
5624,-78.0,100,False,7,0,0,26,,energy_depleted,0.01,0.7
5625,-94.0,100,False,11,0,0,26,,energy_depleted,0.01,0.7
5626,-70.0,100,False,5,0,0,26,,energy_depleted,0.01,0.7
5627,-72.0,100,False,3,1,0,26,,energy_depleted,0.01,0.7
5628,-90.0,100,False,10,0,0,26,,energy_depleted,0.01,0.7
5629,-58.0,100,False,2,0,0,26,,energy_depleted,0.01,0.7
5630,-70.0,100,False,5,0,0,26,,energy_depleted,0.01,0.7
5631,-70.0,100,False,5,0,0,26,,energy_depleted,0.01,0.7
5632,-98.0,100,False,7,2,0,26,,energy_depleted,0.01,0.7
5633,-78.0,100,False,7,0,0,28,,energy_depleted,0.01,0.7
5634,-74.0,100,False,6,0,0,26,,energy_depleted,0.01,0.7
5635,-124.0,100,False,11,3,0,29,,energy_depleted,0.01,0.7
5636,-76.0,100,False,4,1,0,26,,energy_depleted,0.01,0.7
5637,-70.0,100,False,5,0,0,26,,energy_depleted,0.01,0.7
5638,-62.0,100,False,3,0,0,26,,energy_depleted,0.01,0.7
5639,-74.0,100,False,6,0,0,26,,energy_depleted,0.01,0.7
5640,-78.0,100,False,7,0,0,26,,energy_depleted,0.01,0.7
5641,-66.0,100,False,4,0,0,26,,energy_depleted,0.01,0.7
5642,-66.0,100,False,4,0,0,26,,energy_depleted,0.01,0.7
5643,-110.0,100,False,15,0,0,26,,energy_depleted,0.01,0.7
5644,-66.0,100,False,4,0,0,26,,energy_depleted,0.01,0.7
5645,-62.0,100,False,3,0,0,26,,energy_depleted,0.01,0.7
5646,-98.0,100,False,12,0,0,26,,energy_depleted,0.01,0.7
5647,-62.0,100,False,3,0,0,26,,energy_depleted,0.01,0.7
5648,-58.0,100,False,2,0,0,26,,energy_depleted,0.01,0.7
5649,-70.0,100,False,5,0,0,26,,energy_depleted,0.01,0.7
5650,-86.0,100,False,9,0,0,26,,energy_depleted,0.01,0.7
5651,-68.0,100,False,2,1,0,26,,energy_depleted,0.01,0.7
5652,-74.0,100,False,6,0,0,26,,energy_depleted,0.01,0.7
5653,-66.0,100,False,4,0,0,26,,energy_depleted,0.01,0.7
5654,-66.0,100,False,4,0,0,26,,energy_depleted,0.01,0.7
5655,-100.0,100,False,10,1,0,26,,energy_depleted,0.01,0.7
5656,-118.0,100,False,17,0,0,26,,energy_depleted,0.01,0.7
5657,-98.0,100,False,12,0,0,26,,energy_depleted,0.01,0.7
5658,-58.0,100,False,2,0,0,26,,energy_depleted,0.01,0.7
5659,-88.0,100,False,7,1,0,26,,energy_depleted,0.01,0.7
5660,-98.0,100,False,12,0,0,26,,energy_depleted,0.01,0.7
5661,-62.0,100,False,3,0,0,26,,energy_depleted,0.01,0.7
5662,-66.0,100,False,4,0,0,26,,energy_depleted,0.01,0.7
5663,-58.0,100,False,2,0,0,26,,energy_depleted,0.01,0.7
5664,-58.0,100,False,2,0,0,26,,energy_depleted,0.01,0.7
5665,-74.0,100,False,6,0,0,26,,energy_depleted,0.01,0.7
5666,-110.0,100,False,10,2,0,26,,energy_depleted,0.01,0.7
5667,-62.0,100,False,3,0,0,26,,energy_depleted,0.01,0.7
5668,-82.0,100,False,8,0,0,26,,energy_depleted,0.01,0.7
5669,-66.0,100,False,4,0,0,26,,energy_depleted,0.01,0.7
5670,-66.0,100,False,4,0,0,26,,energy_depleted,0.01,0.7
5671,-74.0,100,False,6,0,0,26,,energy_depleted,0.01,0.7
5672,-58.0,100,False,2,0,0,26,,energy_depleted,0.01,0.7
5673,-74.0,100,False,6,0,0,26,,energy_depleted,0.01,0.7
5674,-78.0,100,False,7,0,0,26,,energy_depleted,0.01,0.7
5675,-78.0,100,False,7,0,0,26,,energy_depleted,0.01,0.7
5676,-62.0,100,False,3,0,0,26,,energy_depleted,0.01,0.7
5677,-90.0,100,False,10,0,0,26,,energy_depleted,0.01,0.7
5678,-78.0,100,False,7,0,0,26,,energy_depleted,0.01,0.7
5679,-62.0,100,False,3,0,0,26,,energy_depleted,0.01,0.7
5680,-104.0,100,False,11,1,0,26,,energy_depleted,0.01,0.7
5681,-62.0,100,False,3,0,0,26,,energy_depleted,0.01,0.7
5682,-74.0,100,False,6,0,0,26,,energy_depleted,0.01,0.7
5683,-98.0,100,False,12,0,0,26,,energy_depleted,0.01,0.7
5684,-110.0,100,False,15,0,0,28,,energy_depleted,0.01,0.7
5685,-66.0,100,False,4,0,0,26,,energy_depleted,0.01,0.7
5686,-82.0,100,False,8,0,0,26,,energy_depleted,0.01,0.7
5687,-66.0,100,False,4,0,0,26,,energy_depleted,0.01,0.7
5688,131.0,99,True,5,0,0,26,99,goal_reached,0.01,0.7
5689,-90.0,100,False,10,0,0,29,,energy_depleted,0.01,0.7
5690,-78.0,100,False,7,0,0,26,,energy_depleted,0.01,0.7
5691,-78.0,100,False,7,0,0,26,,energy_depleted,0.01,0.7
5692,-66.0,100,False,4,0,0,26,,energy_depleted,0.01,0.7
5693,-96.0,100,False,9,1,0,26,,energy_depleted,0.01,0.7
5694,-92.0,100,False,8,1,0,28,,energy_depleted,0.01,0.7
5695,-122.0,100,False,18,0,0,26,,energy_depleted,0.01,0.7
5696,-82.0,100,False,8,0,0,26,,energy_depleted,0.01,0.7
5697,-70.0,100,False,5,0,0,28,,energy_depleted,0.01,0.7
5698,-74.0,100,False,6,0,0,26,,energy_depleted,0.01,0.7
5699,-70.0,100,False,5,0,0,26,,energy_depleted,0.01,0.7
5700,-70.0,100,False,5,0,0,26,,energy_depleted,0.01,0.7
5701,-80.0,100,False,5,1,0,26,,energy_depleted,0.01,0.7
5702,-82.0,100,False,8,0,0,26,,energy_depleted,0.01,0.7
5703,-78.0,100,False,7,0,0,26,,energy_depleted,0.01,0.7
5704,-70.0,100,False,5,0,0,26,,energy_depleted,0.01,0.7
5705,-78.0,100,False,7,0,0,28,,energy_depleted,0.01,0.7
5706,-62.0,100,False,3,0,0,26,,energy_depleted,0.01,0.7
5707,-84.0,100,False,6,1,0,26,,energy_depleted,0.01,0.7
5708,-58.0,100,False,2,0,0,26,,energy_depleted,0.01,0.7
5709,-74.0,100,False,6,0,0,26,,energy_depleted,0.01,0.7
5710,-78.0,100,False,7,0,0,26,,energy_depleted,0.01,0.7
5711,-74.0,100,False,6,0,0,26,,energy_depleted,0.01,0.7
5712,-92.0,100,False,8,1,0,26,,energy_depleted,0.01,0.7
5713,-106.0,100,False,14,0,0,26,,energy_depleted,0.01,0.7
5714,-70.0,100,False,5,0,0,26,,energy_depleted,0.01,0.7
5715,-78.0,100,False,7,0,0,26,,energy_depleted,0.01,0.7
5716,-98.0,100,False,12,0,0,26,,energy_depleted,0.01,0.7
5717,-98.0,100,False,12,0,0,26,,energy_depleted,0.01,0.7
5718,-70.0,100,False,5,0,0,26,,energy_depleted,0.01,0.7
5719,-86.0,100,False,4,2,0,26,,energy_depleted,0.01,0.7
5720,-72.0,100,False,3,1,0,26,,energy_depleted,0.01,0.7
5721,-86.0,100,False,9,0,0,26,,energy_depleted,0.01,0.7
5722,-66.0,100,False,4,0,0,26,,energy_depleted,0.01,0.7
5723,-70.0,100,False,5,0,0,26,,energy_depleted,0.01,0.7
5724,-58.0,100,False,2,0,0,26,,energy_depleted,0.01,0.7
5725,-114.0,100,False,16,0,0,26,,energy_depleted,0.01,0.7
5726,-78.0,100,False,7,0,0,26,,energy_depleted,0.01,0.7
5727,-54.0,100,False,1,0,0,26,,energy_depleted,0.01,0.7
5728,-70.0,100,False,5,0,0,26,,energy_depleted,0.01,0.7
5729,-74.0,100,False,6,0,0,26,,energy_depleted,0.01,0.7
5730,-70.0,100,False,5,0,0,26,,energy_depleted,0.01,0.7
5731,-82.0,100,False,8,0,0,26,,energy_depleted,0.01,0.7
5732,-86.0,100,False,9,0,0,26,,energy_depleted,0.01,0.7
5733,-70.0,100,False,5,0,0,26,,energy_depleted,0.01,0.7
5734,-94.0,100,False,11,0,0,26,,energy_depleted,0.01,0.7
5735,-78.0,100,False,7,0,0,26,,energy_depleted,0.01,0.7
5736,-58.0,100,False,2,0,0,26,,energy_depleted,0.01,0.7
5737,-70.0,100,False,5,0,0,26,,energy_depleted,0.01,0.7
5738,-70.0,100,False,5,0,0,26,,energy_depleted,0.01,0.7
5739,-102.0,100,False,13,0,0,26,,energy_depleted,0.01,0.7
5740,-66.0,100,False,4,0,0,26,,energy_depleted,0.01,0.7
5741,-82.0,100,False,8,0,0,26,,energy_depleted,0.01,0.7
5742,-110.0,100,False,15,0,0,26,,energy_depleted,0.01,0.7
5743,-96.0,100,False,4,3,0,26,,energy_depleted,0.01,0.7
5744,-66.0,100,False,4,0,0,26,,energy_depleted,0.01,0.7
5745,-86.0,100,False,9,0,0,26,,energy_depleted,0.01,0.7
5746,-86.0,100,False,9,0,0,26,,energy_depleted,0.01,0.7
5747,-78.0,100,False,7,0,0,26,,energy_depleted,0.01,0.7
5748,-86.0,100,False,9,0,0,26,,energy_depleted,0.01,0.7
5749,-62.0,100,False,3,0,0,28,,energy_depleted,0.01,0.7
5750,-90.0,100,False,10,0,0,26,,energy_depleted,0.01,0.7
5751,-66.0,100,False,4,0,0,28,,energy_depleted,0.01,0.7
5752,131.0,99,True,5,0,0,26,99,goal_reached,0.01,0.7
5753,-86.0,100,False,9,0,0,26,,energy_depleted,0.01,0.7
5754,-98.0,100,False,12,0,0,23,,energy_depleted,0.01,0.7
5755,-62.0,100,False,3,0,0,26,,energy_depleted,0.01,0.7
5756,-80.0,100,False,5,1,0,26,,energy_depleted,0.01,0.7
5757,-66.0,100,False,4,0,0,26,,energy_depleted,0.01,0.7
5758,-74.0,100,False,6,0,0,26,,energy_depleted,0.01,0.7
5759,-86.0,100,False,9,0,0,26,,energy_depleted,0.01,0.7
5760,-70.0,100,False,5,0,0,26,,energy_depleted,0.01,0.7
5761,-78.0,100,False,7,0,0,26,,energy_depleted,0.01,0.7
5762,-86.0,100,False,9,0,0,26,,energy_depleted,0.01,0.7
5763,-74.0,100,False,6,0,0,26,,energy_depleted,0.01,0.7
5764,-82.0,100,False,8,0,0,26,,energy_depleted,0.01,0.7
5765,-90.0,100,False,10,0,0,26,,energy_depleted,0.01,0.7
5766,-70.0,100,False,5,0,0,26,,energy_depleted,0.01,0.7
5767,-102.0,100,False,13,0,0,26,,energy_depleted,0.01,0.7
5768,131.0,99,True,5,0,0,26,99,goal_reached,0.01,0.7
5769,-66.0,100,False,4,0,0,26,,energy_depleted,0.01,0.7
5770,-62.0,100,False,3,0,0,26,,energy_depleted,0.01,0.7
5771,-78.0,100,False,7,0,0,26,,energy_depleted,0.01,0.7
5772,-70.0,100,False,5,0,0,26,,energy_depleted,0.01,0.7
5773,-98.0,100,False,12,0,0,26,,energy_depleted,0.01,0.7
5774,-74.0,100,False,6,0,0,26,,energy_depleted,0.01,0.7
5775,-70.0,100,False,5,0,0,26,,energy_depleted,0.01,0.7
5776,-80.0,100,False,5,1,0,26,,energy_depleted,0.01,0.7
5777,-70.0,100,False,5,0,0,26,,energy_depleted,0.01,0.7
5778,-66.0,100,False,4,0,0,26,,energy_depleted,0.01,0.7
5779,-70.0,100,False,5,0,0,26,,energy_depleted,0.01,0.7
5780,-62.0,100,False,3,0,0,26,,energy_depleted,0.01,0.7
5781,-86.0,100,False,9,0,0,26,,energy_depleted,0.01,0.7
5782,-84.0,100,False,6,1,0,26,,energy_depleted,0.01,0.7
5783,-78.0,100,False,7,0,0,26,,energy_depleted,0.01,0.7
5784,-82.0,100,False,8,0,0,26,,energy_depleted,0.01,0.7
5785,-78.0,100,False,7,0,0,26,,energy_depleted,0.01,0.7
5786,-94.0,100,False,6,2,0,26,,energy_depleted,0.01,0.7
5787,-74.0,100,False,6,0,0,26,,energy_depleted,0.01,0.7
5788,-80.0,100,False,5,1,0,26,,energy_depleted,0.01,0.7
5789,-58.0,100,False,2,0,0,26,,energy_depleted,0.01,0.7
5790,-78.0,100,False,7,0,0,26,,energy_depleted,0.01,0.7
5791,-78.0,100,False,7,0,0,28,,energy_depleted,0.01,0.7
5792,-66.0,100,False,4,0,0,26,,energy_depleted,0.01,0.7
5793,-66.0,100,False,4,0,0,26,,energy_depleted,0.01,0.7
5794,-82.0,100,False,8,0,0,26,,energy_depleted,0.01,0.7
5795,-70.0,100,False,5,0,0,26,,energy_depleted,0.01,0.7
5796,-98.0,100,False,12,0,0,26,,energy_depleted,0.01,0.7
5797,-76.0,100,False,4,1,0,26,,energy_depleted,0.01,0.7
5798,-78.0,100,False,7,0,0,26,,energy_depleted,0.01,0.7
5799,-78.0,100,False,7,0,0,26,,energy_depleted,0.01,0.7
5800,-70.0,100,False,5,0,0,26,,energy_depleted,0.01,0.7
5801,-66.0,100,False,4,0,0,26,,energy_depleted,0.01,0.7
5802,-86.0,100,False,9,0,0,26,,energy_depleted,0.01,0.7
5803,-66.0,100,False,4,0,0,26,,energy_depleted,0.01,0.7
5804,-94.0,100,False,11,0,0,26,,energy_depleted,0.01,0.7
5805,-86.0,100,False,4,2,0,26,,energy_depleted,0.01,0.7
5806,-70.0,100,False,5,0,0,26,,energy_depleted,0.01,0.7
5807,139.0,99,True,3,0,0,26,99,goal_reached,0.01,0.7
5808,-86.0,100,False,9,0,0,26,,energy_depleted,0.01,0.7
5809,-86.0,100,False,9,0,0,26,,energy_depleted,0.01,0.7
5810,-114.0,100,False,11,2,0,26,,energy_depleted,0.01,0.7
5811,-106.0,100,False,14,0,0,26,,energy_depleted,0.01,0.7
5812,-86.0,100,False,9,0,0,26,,energy_depleted,0.01,0.7
5813,-74.0,100,False,6,0,0,26,,energy_depleted,0.01,0.7
5814,-66.0,100,False,4,0,0,26,,energy_depleted,0.01,0.7
5815,-78.0,100,False,7,0,0,26,,energy_depleted,0.01,0.7
5816,-66.0,100,False,4,0,0,26,,energy_depleted,0.01,0.7
5817,-96.0,100,False,9,1,0,26,,energy_depleted,0.01,0.7
5818,-114.0,100,False,16,0,0,26,,energy_depleted,0.01,0.7
5819,-74.0,100,False,6,0,0,26,,energy_depleted,0.01,0.7
5820,131.0,99,True,5,0,0,26,99,goal_reached,0.01,0.7
5821,-64.0,100,False,1,1,0,26,,energy_depleted,0.01,0.7
5822,-76.0,100,False,4,1,0,26,,energy_depleted,0.01,0.7
5823,-70.0,100,False,5,0,0,26,,energy_depleted,0.01,0.7
5824,-92.0,100,False,8,1,0,28,,energy_depleted,0.01,0.7
5825,-70.0,100,False,5,0,0,26,,energy_depleted,0.01,0.7
5826,-70.0,100,False,5,0,0,28,,energy_depleted,0.01,0.7
5827,-74.0,100,False,6,0,0,26,,energy_depleted,0.01,0.7
5828,-86.0,100,False,9,0,0,26,,energy_depleted,0.01,0.7
5829,-74.0,100,False,6,0,0,26,,energy_depleted,0.01,0.7
5830,-90.0,100,False,10,0,0,26,,energy_depleted,0.01,0.7
5831,-74.0,100,False,6,0,0,26,,energy_depleted,0.01,0.7
5832,-78.0,100,False,7,0,0,26,,energy_depleted,0.01,0.7
5833,-94.0,100,False,11,0,0,26,,energy_depleted,0.01,0.7
5834,-70.0,100,False,5,0,0,26,,energy_depleted,0.01,0.7
5835,-66.0,100,False,4,0,0,26,,energy_depleted,0.01,0.7
5836,-78.0,100,False,7,0,0,26,,energy_depleted,0.01,0.7
5837,-74.0,100,False,6,0,0,26,,energy_depleted,0.01,0.7
5838,-90.0,100,False,10,0,0,26,,energy_depleted,0.01,0.7
5839,-72.0,100,False,3,1,0,26,,energy_depleted,0.01,0.7
5840,-70.0,100,False,5,0,0,26,,energy_depleted,0.01,0.7
5841,-68.0,100,False,2,1,0,26,,energy_depleted,0.01,0.7
5842,-126.0,100,False,14,2,0,26,,energy_depleted,0.01,0.7
5843,-70.0,100,False,5,0,0,26,,energy_depleted,0.01,0.7
5844,-58.0,100,False,2,0,0,26,,energy_depleted,0.01,0.7
5845,-84.0,100,False,6,1,0,26,,energy_depleted,0.01,0.7
5846,-62.0,100,False,3,0,0,26,,energy_depleted,0.01,0.7
5847,-78.0,100,False,7,0,0,26,,energy_depleted,0.01,0.7
5848,-80.0,100,False,5,1,0,26,,energy_depleted,0.01,0.7
5849,-106.0,100,False,9,2,0,23,,energy_depleted,0.01,0.7
5850,-94.0,100,False,6,2,0,26,,energy_depleted,0.01,0.7
5851,-92.0,100,False,8,1,0,26,,energy_depleted,0.01,0.7
5852,-72.0,100,False,3,1,0,26,,energy_depleted,0.01,0.7
5853,-74.0,100,False,6,0,0,26,,energy_depleted,0.01,0.7
5854,-94.0,100,False,11,0,0,26,,energy_depleted,0.01,0.7
5855,-62.0,100,False,3,0,0,26,,energy_depleted,0.01,0.7
5856,-90.0,100,False,10,0,0,26,,energy_depleted,0.01,0.7
5857,-70.0,100,False,5,0,0,26,,energy_depleted,0.01,0.7
5858,-66.0,100,False,4,0,0,26,,energy_depleted,0.01,0.7
5859,-58.0,100,False,2,0,0,26,,energy_depleted,0.01,0.7
5860,-92.0,100,False,8,1,0,26,,energy_depleted,0.01,0.7
5861,-82.0,100,False,8,0,0,26,,energy_depleted,0.01,0.7
5862,-62.0,100,False,3,0,0,26,,energy_depleted,0.01,0.7
5863,-94.0,100,False,11,0,0,26,,energy_depleted,0.01,0.7
5864,-54.0,100,False,1,0,0,26,,energy_depleted,0.01,0.7
5865,-82.0,100,False,8,0,0,26,,energy_depleted,0.01,0.7
5866,-58.0,100,False,2,0,0,26,,energy_depleted,0.01,0.7
5867,-70.0,100,False,5,0,0,26,,energy_depleted,0.01,0.7
5868,-74.0,100,False,6,0,0,26,,energy_depleted,0.01,0.7
5869,-158.0,100,False,17,4,0,28,,energy_depleted,0.01,0.7
5870,-122.0,100,False,13,2,0,26,,energy_depleted,0.01,0.7
5871,-54.0,100,False,1,0,0,26,,energy_depleted,0.01,0.7
5872,-84.0,100,False,6,1,0,26,,energy_depleted,0.01,0.7
5873,-66.0,100,False,4,0,0,26,,energy_depleted,0.01,0.7
5874,-54.0,100,False,1,0,0,26,,energy_depleted,0.01,0.7
5875,-74.0,100,False,6,0,0,26,,energy_depleted,0.01,0.7
5876,-74.0,100,False,6,0,0,26,,energy_depleted,0.01,0.7
5877,-70.0,100,False,5,0,0,29,,energy_depleted,0.01,0.7
5878,-82.0,100,False,8,0,0,26,,energy_depleted,0.01,0.7
5879,-98.0,100,False,12,0,0,26,,energy_depleted,0.01,0.7
5880,-110.0,100,False,15,0,0,26,,energy_depleted,0.01,0.7
5881,-96.0,100,False,9,1,0,26,,energy_depleted,0.01,0.7
5882,-98.0,100,False,12,0,0,26,,energy_depleted,0.01,0.7
5883,-82.0,100,False,8,0,0,26,,energy_depleted,0.01,0.7
5884,-74.0,100,False,6,0,0,26,,energy_depleted,0.01,0.7
5885,-80.0,100,False,5,1,0,26,,energy_depleted,0.01,0.7
5886,-134.0,100,False,21,0,0,26,,energy_depleted,0.01,0.7
5887,-84.0,100,False,6,1,0,26,,energy_depleted,0.01,0.7
5888,-58.0,100,False,2,0,0,26,,energy_depleted,0.01,0.7
5889,-82.0,100,False,8,0,0,26,,energy_depleted,0.01,0.7
5890,-90.0,100,False,10,0,0,26,,energy_depleted,0.01,0.7
5891,-54.0,100,False,1,0,0,28,,energy_depleted,0.01,0.7
5892,-70.0,100,False,5,0,0,26,,energy_depleted,0.01,0.7
5893,-62.0,100,False,3,0,0,26,,energy_depleted,0.01,0.7
5894,-74.0,100,False,6,0,0,26,,energy_depleted,0.01,0.7
5895,-124.0,100,False,16,1,0,26,,energy_depleted,0.01,0.7
5896,-54.0,100,False,1,0,0,26,,energy_depleted,0.01,0.7
5897,-86.0,100,False,9,0,0,26,,energy_depleted,0.01,0.7
5898,-94.0,100,False,11,0,0,26,,energy_depleted,0.01,0.7
5899,-74.0,100,False,6,0,0,26,,energy_depleted,0.01,0.7
5900,-78.0,100,False,7,0,0,26,,energy_depleted,0.01,0.7
5901,-66.0,100,False,4,0,0,26,,energy_depleted,0.01,0.7
5902,-112.0,100,False,8,3,0,26,,energy_depleted,0.01,0.7
5903,-62.0,100,False,3,0,0,26,,energy_depleted,0.01,0.7
5904,-62.0,100,False,3,0,0,26,,energy_depleted,0.01,0.7
5905,-98.0,100,False,7,2,0,26,,energy_depleted,0.01,0.7
5906,-54.0,100,False,1,0,0,26,,energy_depleted,0.01,0.7
5907,-70.0,100,False,5,0,0,26,,energy_depleted,0.01,0.7
5908,-82.0,100,False,3,2,0,26,,energy_depleted,0.01,0.7
5909,-72.0,100,False,3,1,0,26,,energy_depleted,0.01,0.7
5910,-54.0,100,False,1,0,0,26,,energy_depleted,0.01,0.7
5911,-74.0,100,False,6,0,0,26,,energy_depleted,0.01,0.7
5912,-70.0,100,False,5,0,0,26,,energy_depleted,0.01,0.7
5913,-78.0,100,False,7,0,0,26,,energy_depleted,0.01,0.7
5914,-138.0,100,False,17,2,0,23,,energy_depleted,0.01,0.7
5915,-58.0,100,False,2,0,0,26,,energy_depleted,0.01,0.7
5916,-74.0,100,False,6,0,0,26,,energy_depleted,0.01,0.7
5917,-66.0,100,False,4,0,0,26,,energy_depleted,0.01,0.7
5918,-74.0,100,False,6,0,0,26,,energy_depleted,0.01,0.7
5919,-62.0,100,False,3,0,0,26,,energy_depleted,0.01,0.7
5920,-82.0,100,False,8,0,0,26,,energy_depleted,0.01,0.7
5921,-70.0,100,False,5,0,0,26,,energy_depleted,0.01,0.7
5922,-86.0,100,False,9,0,0,26,,energy_depleted,0.01,0.7
5923,-104.0,100,False,11,1,0,26,,energy_depleted,0.01,0.7
5924,-116.0,100,False,9,3,0,28,,energy_depleted,0.01,0.7
5925,-78.0,100,False,7,0,0,26,,energy_depleted,0.01,0.7
5926,-78.0,100,False,7,0,0,26,,energy_depleted,0.01,0.7
5927,-94.0,100,False,11,0,0,26,,energy_depleted,0.01,0.7
5928,-82.0,100,False,8,0,0,26,,energy_depleted,0.01,0.7
5929,-68.0,100,False,2,1,0,26,,energy_depleted,0.01,0.7
5930,-74.0,100,False,6,0,0,26,,energy_depleted,0.01,0.7
5931,-78.0,100,False,7,0,0,26,,energy_depleted,0.01,0.7
5932,-76.0,100,False,4,1,0,26,,energy_depleted,0.01,0.7
5933,-70.0,100,False,5,0,0,26,,energy_depleted,0.01,0.7
5934,-70.0,100,False,5,0,0,26,,energy_depleted,0.01,0.7
5935,-70.0,100,False,5,0,0,26,,energy_depleted,0.01,0.7
5936,-66.0,100,False,4,0,0,26,,energy_depleted,0.01,0.7
5937,-58.0,100,False,2,0,0,26,,energy_depleted,0.01,0.7
5938,-94.0,100,False,11,0,0,26,,energy_depleted,0.01,0.7
5939,-62.0,100,False,3,0,0,26,,energy_depleted,0.01,0.7
5940,-70.0,100,False,5,0,0,26,,energy_depleted,0.01,0.7
5941,-66.0,100,False,4,0,0,26,,energy_depleted,0.01,0.7
5942,-74.0,100,False,6,0,0,26,,energy_depleted,0.01,0.7
5943,-82.0,100,False,8,0,0,26,,energy_depleted,0.01,0.7
5944,-58.0,100,False,2,0,0,26,,energy_depleted,0.01,0.7
5945,-82.0,100,False,3,2,0,26,,energy_depleted,0.01,0.7
5946,123.0,99,True,7,0,0,26,99,goal_reached,0.01,0.7
5947,-82.0,100,False,8,0,0,26,,energy_depleted,0.01,0.7
5948,-70.0,100,False,5,0,0,26,,energy_depleted,0.01,0.7
5949,-50.0,100,False,0,0,0,26,,energy_depleted,0.01,0.7
5950,-94.0,100,False,11,0,0,26,,energy_depleted,0.01,0.7
5951,-102.0,100,False,13,0,0,26,,energy_depleted,0.01,0.7
5952,-106.0,100,False,14,0,0,28,,energy_depleted,0.01,0.7
5953,-74.0,100,False,6,0,0,26,,energy_depleted,0.01,0.7
5954,-62.0,100,False,3,0,0,26,,energy_depleted,0.01,0.7
5955,-62.0,100,False,3,0,0,26,,energy_depleted,0.01,0.7
5956,-70.0,100,False,5,0,0,28,,energy_depleted,0.01,0.7
5957,-62.0,100,False,3,0,0,26,,energy_depleted,0.01,0.7
5958,-58.0,100,False,2,0,0,28,,energy_depleted,0.01,0.7
5959,-58.0,100,False,2,0,0,26,,energy_depleted,0.01,0.7
5960,-116.0,100,False,14,1,0,26,,energy_depleted,0.01,0.7
5961,-92.0,100,False,8,1,0,26,,energy_depleted,0.01,0.7
5962,-70.0,100,False,5,0,0,26,,energy_depleted,0.01,0.7
5963,-68.0,100,False,2,1,0,29,,energy_depleted,0.01,0.7
5964,-74.0,100,False,6,0,0,26,,energy_depleted,0.01,0.7
5965,-62.0,100,False,3,0,0,26,,energy_depleted,0.01,0.7
5966,-78.0,100,False,7,0,0,28,,energy_depleted,0.01,0.7
5967,-78.0,100,False,7,0,0,26,,energy_depleted,0.01,0.7
5968,-74.0,100,False,6,0,0,26,,energy_depleted,0.01,0.7
5969,-84.0,100,False,6,1,0,28,,energy_depleted,0.01,0.7
5970,-66.0,100,False,4,0,0,26,,energy_depleted,0.01,0.7
5971,-80.0,100,False,5,1,0,26,,energy_depleted,0.01,0.7
5972,-66.0,100,False,4,0,0,26,,energy_depleted,0.01,0.7
5973,-74.0,100,False,6,0,0,26,,energy_depleted,0.01,0.7
5974,-58.0,100,False,2,0,0,26,,energy_depleted,0.01,0.7
5975,-78.0,100,False,2,2,0,26,,energy_depleted,0.01,0.7
5976,-54.0,100,False,1,0,0,26,,energy_depleted,0.01,0.7
5977,-54.0,100,False,1,0,0,26,,energy_depleted,0.01,0.7
5978,-82.0,100,False,8,0,0,28,,energy_depleted,0.01,0.7
5979,-62.0,100,False,3,0,0,26,,energy_depleted,0.01,0.7
5980,-62.0,100,False,3,0,0,26,,energy_depleted,0.01,0.7
5981,-66.0,100,False,4,0,0,26,,energy_depleted,0.01,0.7
5982,-62.0,100,False,3,0,0,26,,energy_depleted,0.01,0.7
5983,-66.0,100,False,4,0,0,26,,energy_depleted,0.01,0.7
5984,-54.0,100,False,1,0,0,26,,energy_depleted,0.01,0.7
5985,-82.0,100,False,8,0,0,26,,energy_depleted,0.01,0.7
5986,-96.0,100,False,4,3,0,26,,energy_depleted,0.01,0.7
5987,-54.0,100,False,1,0,0,26,,energy_depleted,0.01,0.7
5988,-70.0,100,False,0,2,0,26,,energy_depleted,0.01,0.7
5989,-82.0,100,False,8,0,0,26,,energy_depleted,0.01,0.7
5990,-54.0,100,False,1,0,0,26,,energy_depleted,0.01,0.7
5991,-78.0,100,False,2,2,0,26,,energy_depleted,0.01,0.7
5992,-96.0,100,False,9,1,0,26,,energy_depleted,0.01,0.7
5993,-76.0,100,False,4,1,0,26,,energy_depleted,0.01,0.7
5994,-58.0,100,False,2,0,0,26,,energy_depleted,0.01,0.7
5995,-54.0,100,False,1,0,0,26,,energy_depleted,0.01,0.7
5996,-86.0,100,False,9,0,0,26,,energy_depleted,0.01,0.7
5997,-78.0,100,False,7,0,0,26,,energy_depleted,0.01,0.7
5998,-82.0,100,False,8,0,0,26,,energy_depleted,0.01,0.7
5999,-96.0,100,False,9,1,0,26,,energy_depleted,0.01,0.7
6000,-92.0,100,False,8,1,0,26,,energy_depleted,0.01,0.7
6001,-62.0,100,False,3,0,0,26,,energy_depleted,0.01,0.7
6002,-78.0,100,False,7,0,0,26,,energy_depleted,0.01,0.7
6003,-136.0,100,False,14,3,0,26,,energy_depleted,0.01,0.7
6004,-90.0,100,False,10,0,0,26,,energy_depleted,0.01,0.7
6005,-70.0,100,False,5,0,0,26,,energy_depleted,0.01,0.7
6006,-66.0,100,False,4,0,0,26,,energy_depleted,0.01,0.7
6007,-82.0,100,False,8,0,0,26,,energy_depleted,0.01,0.7
6008,-62.0,100,False,3,0,0,26,,energy_depleted,0.01,0.7
6009,-74.0,100,False,6,0,0,26,,energy_depleted,0.01,0.7
6010,-66.0,100,False,4,0,0,26,,energy_depleted,0.01,0.7
6011,-70.0,100,False,5,0,0,26,,energy_depleted,0.01,0.7
6012,-62.0,100,False,3,0,0,26,,energy_depleted,0.01,0.7
6013,-62.0,100,False,3,0,0,26,,energy_depleted,0.01,0.7
6014,-58.0,100,False,2,0,0,26,,energy_depleted,0.01,0.7
6015,-70.0,100,False,5,0,0,26,,energy_depleted,0.01,0.7
6016,-86.0,100,False,9,0,0,28,,energy_depleted,0.01,0.7
6017,-74.0,100,False,6,0,0,26,,energy_depleted,0.01,0.7
6018,-82.0,100,False,8,0,0,26,,energy_depleted,0.01,0.7
6019,-58.0,100,False,2,0,0,26,,energy_depleted,0.01,0.7
6020,-80.0,100,False,5,1,0,26,,energy_depleted,0.01,0.7
6021,-104.0,100,False,11,1,0,28,,energy_depleted,0.01,0.7
6022,-74.0,100,False,6,0,0,26,,energy_depleted,0.01,0.7
6023,-78.0,100,False,7,0,0,26,,energy_depleted,0.01,0.7
6024,-86.0,100,False,9,0,0,26,,energy_depleted,0.01,0.7
6025,-70.0,100,False,5,0,0,26,,energy_depleted,0.01,0.7
6026,-98.0,100,False,12,0,0,26,,energy_depleted,0.01,0.7
6027,-86.0,100,False,9,0,0,26,,energy_depleted,0.01,0.7
6028,-74.0,100,False,6,0,0,26,,energy_depleted,0.01,0.7
6029,-78.0,100,False,7,0,0,26,,energy_depleted,0.01,0.7
6030,-66.0,100,False,4,0,0,26,,energy_depleted,0.01,0.7
6031,-72.0,100,False,3,1,0,26,,energy_depleted,0.01,0.7
6032,-128.0,100,False,7,5,0,26,,energy_depleted,0.01,0.7
6033,-62.0,100,False,3,0,0,26,,energy_depleted,0.01,0.7
6034,-94.0,100,False,11,0,0,26,,energy_depleted,0.01,0.7
6035,-74.0,100,False,6,0,0,26,,energy_depleted,0.01,0.7
6036,-78.0,100,False,7,0,0,26,,energy_depleted,0.01,0.7
6037,-64.0,100,False,1,1,0,26,,energy_depleted,0.01,0.7
6038,-70.0,100,False,5,0,0,26,,energy_depleted,0.01,0.7
6039,-58.0,100,False,2,0,0,26,,energy_depleted,0.01,0.7
6040,-72.0,100,False,3,1,0,26,,energy_depleted,0.01,0.7
6041,-62.0,100,False,3,0,0,26,,energy_depleted,0.01,0.7
6042,-124.0,100,False,6,5,0,26,,energy_depleted,0.01,0.7
6043,-78.0,100,False,7,0,0,26,,energy_depleted,0.01,0.7
6044,-66.0,100,False,4,0,0,26,,energy_depleted,0.01,0.7
6045,-82.0,100,False,8,0,0,26,,energy_depleted,0.01,0.7
6046,-66.0,100,False,4,0,0,26,,energy_depleted,0.01,0.7
6047,-74.0,100,False,6,0,0,26,,energy_depleted,0.01,0.7
6048,-84.0,100,False,6,1,0,26,,energy_depleted,0.01,0.7
6049,-74.0,100,False,6,0,0,26,,energy_depleted,0.01,0.7
6050,-70.0,100,False,5,0,0,26,,energy_depleted,0.01,0.7
6051,-70.0,100,False,5,0,0,26,,energy_depleted,0.01,0.7
6052,-82.0,100,False,8,0,0,26,,energy_depleted,0.01,0.7
6053,-78.0,100,False,7,0,0,26,,energy_depleted,0.01,0.7
6054,-76.0,100,False,4,1,0,26,,energy_depleted,0.01,0.7
6055,-86.0,100,False,9,0,0,26,,energy_depleted,0.01,0.7
6056,-74.0,100,False,6,0,0,26,,energy_depleted,0.01,0.7
6057,-78.0,100,False,7,0,0,26,,energy_depleted,0.01,0.7
6058,-62.0,100,False,3,0,0,26,,energy_depleted,0.01,0.7
6059,-70.0,100,False,5,0,0,26,,energy_depleted,0.01,0.7
6060,-70.0,100,False,5,0,0,26,,energy_depleted,0.01,0.7
6061,-70.0,100,False,5,0,0,26,,energy_depleted,0.01,0.7
6062,-66.0,100,False,4,0,0,26,,energy_depleted,0.01,0.7
6063,113.0,85,True,13,0,0,26,85,goal_reached,0.01,0.7
6064,-62.0,100,False,3,0,0,26,,energy_depleted,0.01,0.7
6065,-92.0,100,False,8,1,0,26,,energy_depleted,0.01,0.7
6066,-66.0,100,False,4,0,0,26,,energy_depleted,0.01,0.7
6067,-62.0,100,False,3,0,0,26,,energy_depleted,0.01,0.7
6068,-78.0,100,False,7,0,0,26,,energy_depleted,0.01,0.7
6069,-82.0,100,False,8,0,0,26,,energy_depleted,0.01,0.7
6070,-86.0,100,False,9,0,0,26,,energy_depleted,0.01,0.7
6071,-58.0,100,False,2,0,0,28,,energy_depleted,0.01,0.7
6072,-78.0,100,False,7,0,0,26,,energy_depleted,0.01,0.7
6073,-74.0,100,False,6,0,0,26,,energy_depleted,0.01,0.7
6074,-84.0,100,False,6,1,0,26,,energy_depleted,0.01,0.7
6075,-78.0,100,False,7,0,0,26,,energy_depleted,0.01,0.7
6076,-62.0,100,False,3,0,0,26,,energy_depleted,0.01,0.7
6077,-78.0,100,False,7,0,0,26,,energy_depleted,0.01,0.7
6078,-74.0,100,False,6,0,0,26,,energy_depleted,0.01,0.7
6079,-78.0,100,False,7,0,0,26,,energy_depleted,0.01,0.7
6080,-66.0,100,False,4,0,0,26,,energy_depleted,0.01,0.7
6081,-62.0,100,False,3,0,0,26,,energy_depleted,0.01,0.7
6082,-54.0,100,False,1,0,0,26,,energy_depleted,0.01,0.7
6083,-70.0,100,False,5,0,0,26,,energy_depleted,0.01,0.7
6084,-62.0,100,False,3,0,0,26,,energy_depleted,0.01,0.7
6085,-150.0,100,False,15,4,0,28,,energy_depleted,0.01,0.7
6086,-78.0,100,False,7,0,0,26,,energy_depleted,0.01,0.7
6087,-78.0,100,False,7,0,0,26,,energy_depleted,0.01,0.7
6088,-62.0,100,False,3,0,0,26,,energy_depleted,0.01,0.7
6089,-58.0,100,False,2,0,0,26,,energy_depleted,0.01,0.7
6090,-70.0,100,False,5,0,0,26,,energy_depleted,0.01,0.7
6091,-70.0,100,False,5,0,0,26,,energy_depleted,0.01,0.7
6092,-86.0,100,False,9,0,0,26,,energy_depleted,0.01,0.7
6093,-78.0,100,False,7,0,0,26,,energy_depleted,0.01,0.7
6094,-66.0,100,False,4,0,0,26,,energy_depleted,0.01,0.7
6095,-78.0,100,False,7,0,0,26,,energy_depleted,0.01,0.7
6096,-90.0,100,False,10,0,0,28,,energy_depleted,0.01,0.7
6097,-86.0,100,False,9,0,0,26,,energy_depleted,0.01,0.7
6098,129.0,85,True,9,0,0,26,85,goal_reached,0.01,0.7
6099,-78.0,100,False,7,0,0,26,,energy_depleted,0.01,0.7
6100,-66.0,100,False,4,0,0,26,,energy_depleted,0.01,0.7
6101,-74.0,100,False,6,0,0,26,,energy_depleted,0.01,0.7
6102,-58.0,100,False,2,0,0,26,,energy_depleted,0.01,0.7
6103,-58.0,100,False,2,0,0,26,,energy_depleted,0.01,0.7
6104,-66.0,100,False,4,0,0,26,,energy_depleted,0.01,0.7
6105,-78.0,100,False,7,0,0,26,,energy_depleted,0.01,0.7
6106,-62.0,100,False,3,0,0,26,,energy_depleted,0.01,0.7
6107,-62.0,100,False,3,0,0,26,,energy_depleted,0.01,0.7
6108,-66.0,100,False,4,0,0,26,,energy_depleted,0.01,0.7
6109,-86.0,100,False,9,0,0,26,,energy_depleted,0.01,0.7
6110,-98.0,100,False,7,2,0,26,,energy_depleted,0.01,0.7
6111,-82.0,100,False,8,0,0,26,,energy_depleted,0.01,0.7
6112,-86.0,100,False,9,0,0,26,,energy_depleted,0.01,0.7
6113,-66.0,100,False,4,0,0,26,,energy_depleted,0.01,0.7
6114,-128.0,100,False,17,1,0,28,,energy_depleted,0.01,0.7
6115,-62.0,100,False,3,0,0,26,,energy_depleted,0.01,0.7
6116,-104.0,100,False,6,3,0,26,,energy_depleted,0.01,0.7
6117,-64.0,100,False,1,1,0,26,,energy_depleted,0.01,0.7
6118,-66.0,100,False,4,0,0,26,,energy_depleted,0.01,0.7
6119,-54.0,100,False,1,0,0,26,,energy_depleted,0.01,0.7
6120,-80.0,100,False,0,3,0,28,,energy_depleted,0.01,0.7
6121,123.0,99,True,7,0,0,26,99,goal_reached,0.01,0.7
6122,-76.0,100,False,4,1,0,26,,energy_depleted,0.01,0.7
6123,139.0,99,True,3,0,0,26,99,goal_reached,0.01,0.7
6124,-66.0,100,False,4,0,0,26,,energy_depleted,0.01,0.7
6125,-54.0,100,False,1,0,0,26,,energy_depleted,0.01,0.7
6126,-70.0,100,False,5,0,0,26,,energy_depleted,0.01,0.7
6127,-80.0,100,False,5,1,0,26,,energy_depleted,0.01,0.7
6128,-58.0,100,False,2,0,0,26,,energy_depleted,0.01,0.7
6129,-78.0,100,False,7,0,0,26,,energy_depleted,0.01,0.7
6130,-94.0,100,False,11,0,0,23,,energy_depleted,0.01,0.7
6131,-66.0,100,False,4,0,0,26,,energy_depleted,0.01,0.7
6132,-78.0,100,False,7,0,0,26,,energy_depleted,0.01,0.7
6133,-86.0,100,False,9,0,0,26,,energy_depleted,0.01,0.7
6134,-58.0,100,False,2,0,0,26,,energy_depleted,0.01,0.7
6135,-76.0,100,False,4,1,0,26,,energy_depleted,0.01,0.7
6136,-70.0,100,False,5,0,0,26,,energy_depleted,0.01,0.7
6137,-78.0,100,False,7,0,0,28,,energy_depleted,0.01,0.7
6138,-62.0,100,False,3,0,0,26,,energy_depleted,0.01,0.7
6139,-66.0,100,False,4,0,0,28,,energy_depleted,0.01,0.7
6140,-50.0,100,False,0,0,0,26,,energy_depleted,0.01,0.7
6141,-74.0,100,False,6,0,0,26,,energy_depleted,0.01,0.7
6142,-78.0,100,False,7,0,0,26,,energy_depleted,0.01,0.7
6143,-74.0,100,False,6,0,0,26,,energy_depleted,0.01,0.7
6144,-84.0,100,False,6,1,0,28,,energy_depleted,0.01,0.7
6145,-70.0,100,False,5,0,0,26,,energy_depleted,0.01,0.7
6146,-82.0,100,False,8,0,0,26,,energy_depleted,0.01,0.7
6147,-132.0,100,False,13,3,0,26,,energy_depleted,0.01,0.7
6148,-94.0,100,False,11,0,0,26,,energy_depleted,0.01,0.7
6149,-72.0,100,False,3,1,0,26,,energy_depleted,0.01,0.7
6150,-74.0,100,False,6,0,0,28,,energy_depleted,0.01,0.7
6151,-80.0,100,False,5,1,0,26,,energy_depleted,0.01,0.7
6152,-82.0,100,False,8,0,0,26,,energy_depleted,0.01,0.7
6153,-100.0,100,False,10,1,0,26,,energy_depleted,0.01,0.7
6154,-66.0,100,False,4,0,0,28,,energy_depleted,0.01,0.7
6155,-116.0,100,False,14,1,0,26,,energy_depleted,0.01,0.7
6156,-142.0,100,False,23,0,0,26,,energy_depleted,0.01,0.7
6157,-100.0,100,False,10,1,0,26,,energy_depleted,0.01,0.7
6158,-78.0,100,False,7,0,0,26,,energy_depleted,0.01,0.7
6159,-58.0,100,False,2,0,0,26,,energy_depleted,0.01,0.7
6160,-74.0,100,False,6,0,0,26,,energy_depleted,0.01,0.7
6161,155.0,83,True,3,0,0,26,83,goal_reached,0.01,0.7
6162,-94.0,100,False,11,0,0,28,,energy_depleted,0.01,0.7
6163,-70.0,100,False,5,0,0,26,,energy_depleted,0.01,0.7
6164,-98.0,100,False,12,0,0,26,,energy_depleted,0.01,0.7
6165,-66.0,100,False,4,0,0,26,,energy_depleted,0.01,0.7
6166,-84.0,100,False,6,1,0,26,,energy_depleted,0.01,0.7
6167,-98.0,100,False,12,0,0,26,,energy_depleted,0.01,0.7
6168,-84.0,100,False,6,1,0,26,,energy_depleted,0.01,0.7
6169,-62.0,100,False,3,0,0,26,,energy_depleted,0.01,0.7
6170,-88.0,100,False,7,1,0,28,,energy_depleted,0.01,0.7
6171,-58.0,100,False,2,0,0,26,,energy_depleted,0.01,0.7
6172,-68.0,100,False,2,1,0,26,,energy_depleted,0.01,0.7
6173,-90.0,100,False,10,0,0,26,,energy_depleted,0.01,0.7
6174,-78.0,100,False,7,0,0,26,,energy_depleted,0.01,0.7
6175,-66.0,100,False,4,0,0,26,,energy_depleted,0.01,0.7
6176,-78.0,100,False,7,0,0,26,,energy_depleted,0.01,0.7
6177,-70.0,100,False,5,0,0,26,,energy_depleted,0.01,0.7
6178,-70.0,100,False,5,0,0,26,,energy_depleted,0.01,0.7
6179,-86.0,100,False,9,0,0,26,,energy_depleted,0.01,0.7
6180,-58.0,100,False,2,0,0,29,,energy_depleted,0.01,0.7
6181,-70.0,100,False,5,0,0,26,,energy_depleted,0.01,0.7
6182,-74.0,100,False,6,0,0,26,,energy_depleted,0.01,0.7
6183,-78.0,100,False,7,0,0,26,,energy_depleted,0.01,0.7
6184,-66.0,100,False,4,0,0,26,,energy_depleted,0.01,0.7
6185,-90.0,100,False,10,0,0,26,,energy_depleted,0.01,0.7
6186,123.0,99,True,7,0,0,26,99,goal_reached,0.01,0.7
6187,-66.0,100,False,4,0,0,26,,energy_depleted,0.01,0.7
6188,162.0,88,True,0,0,0,26,88,goal_reached,0.01,0.7
6189,-62.0,100,False,3,0,0,26,,energy_depleted,0.01,0.7
6190,-86.0,100,False,9,0,0,26,,energy_depleted,0.01,0.7
6191,-96.0,100,False,9,1,0,26,,energy_depleted,0.01,0.7
6192,-58.0,100,False,2,0,0,26,,energy_depleted,0.01,0.7
6193,-58.0,100,False,2,0,0,26,,energy_depleted,0.01,0.7
6194,-86.0,100,False,4,2,0,26,,energy_depleted,0.01,0.7
6195,-66.0,100,False,4,0,0,26,,energy_depleted,0.01,0.7
6196,-82.0,100,False,3,2,0,23,,energy_depleted,0.01,0.7
6197,-58.0,100,False,2,0,0,26,,energy_depleted,0.01,0.7
6198,-74.0,100,False,6,0,0,28,,energy_depleted,0.01,0.7
6199,-82.0,100,False,8,0,0,26,,energy_depleted,0.01,0.7
6200,-58.0,100,False,2,0,0,26,,energy_depleted,0.01,0.7
6201,-58.0,100,False,2,0,0,26,,energy_depleted,0.01,0.7
6202,-82.0,100,False,8,0,0,26,,energy_depleted,0.01,0.7
6203,-62.0,100,False,3,0,0,26,,energy_depleted,0.01,0.7
6204,-78.0,100,False,7,0,0,26,,energy_depleted,0.01,0.7
6205,-98.0,100,False,12,0,0,26,,energy_depleted,0.01,0.7
6206,-94.0,100,False,11,0,0,26,,energy_depleted,0.01,0.7
6207,-66.0,100,False,4,0,0,26,,energy_depleted,0.01,0.7
6208,-116.0,100,False,9,3,0,28,,energy_depleted,0.01,0.7
6209,-66.0,100,False,4,0,0,26,,energy_depleted,0.01,0.7
6210,-110.0,100,False,15,0,0,26,,energy_depleted,0.01,0.7
6211,-78.0,100,False,7,0,0,26,,energy_depleted,0.01,0.7
6212,-114.0,100,False,16,0,0,26,,energy_depleted,0.01,0.7
6213,-88.0,100,False,7,1,0,26,,energy_depleted,0.01,0.7
6214,-102.0,100,False,13,0,0,26,,energy_depleted,0.01,0.7
6215,-82.0,100,False,8,0,0,26,,energy_depleted,0.01,0.7
6216,-70.0,100,False,5,0,0,26,,energy_depleted,0.01,0.7
6217,-58.0,100,False,2,0,0,26,,energy_depleted,0.01,0.7
6218,-62.0,100,False,3,0,0,26,,energy_depleted,0.01,0.7
6219,-78.0,100,False,7,0,0,26,,energy_depleted,0.01,0.7
6220,-66.0,100,False,4,0,0,26,,energy_depleted,0.01,0.7
6221,-94.0,100,False,11,0,0,26,,energy_depleted,0.01,0.7
6222,-98.0,100,False,12,0,0,26,,energy_depleted,0.01,0.7
6223,-96.0,100,False,9,1,0,26,,energy_depleted,0.01,0.7
6224,-98.0,100,False,12,0,0,26,,energy_depleted,0.01,0.7
6225,-66.0,100,False,4,0,0,26,,energy_depleted,0.01,0.7
6226,-114.0,100,False,16,0,0,26,,energy_depleted,0.01,0.7
6227,-74.0,100,False,6,0,0,26,,energy_depleted,0.01,0.7
6228,-106.0,100,False,14,0,0,26,,energy_depleted,0.01,0.7
6229,-100.0,100,False,10,1,0,26,,energy_depleted,0.01,0.7
6230,-70.0,100,False,5,0,0,26,,energy_depleted,0.01,0.7
6231,-90.0,100,False,10,0,0,26,,energy_depleted,0.01,0.7
6232,-88.0,100,False,7,1,0,26,,energy_depleted,0.01,0.7
6233,-70.0,100,False,5,0,0,26,,energy_depleted,0.01,0.7
6234,-82.0,100,False,8,0,0,26,,energy_depleted,0.01,0.7
6235,-78.0,100,False,7,0,0,26,,energy_depleted,0.01,0.7
6236,-62.0,100,False,3,0,0,26,,energy_depleted,0.01,0.7
6237,-70.0,100,False,5,0,0,26,,energy_depleted,0.01,0.7
6238,-70.0,100,False,5,0,0,26,,energy_depleted,0.01,0.7
6239,-70.0,100,False,5,0,0,26,,energy_depleted,0.01,0.7
6240,-66.0,100,False,4,0,0,26,,energy_depleted,0.01,0.7
6241,-102.0,100,False,13,0,0,26,,energy_depleted,0.01,0.7
6242,-82.0,100,False,8,0,0,26,,energy_depleted,0.01,0.7
6243,-114.0,100,False,16,0,0,26,,energy_depleted,0.01,0.7
6244,-58.0,100,False,2,0,0,26,,energy_depleted,0.01,0.7
6245,-122.0,100,False,18,0,0,26,,energy_depleted,0.01,0.7
6246,-98.0,100,False,7,2,0,26,,energy_depleted,0.01,0.7
6247,-74.0,100,False,6,0,0,26,,energy_depleted,0.01,0.7
6248,-74.0,100,False,6,0,0,26,,energy_depleted,0.01,0.7
6249,-86.0,100,False,9,0,0,26,,energy_depleted,0.01,0.7
6250,-86.0,100,False,9,0,0,26,,energy_depleted,0.01,0.7
6251,-74.0,100,False,6,0,0,26,,energy_depleted,0.01,0.7
6252,-108.0,100,False,12,1,0,26,,energy_depleted,0.01,0.7
6253,-78.0,100,False,7,0,0,26,,energy_depleted,0.01,0.7
6254,-112.0,100,False,8,3,0,26,,energy_depleted,0.01,0.7
6255,-58.0,100,False,2,0,0,26,,energy_depleted,0.01,0.7
6256,-94.0,100,False,11,0,0,26,,energy_depleted,0.01,0.7
6257,-98.0,100,False,12,0,0,26,,energy_depleted,0.01,0.7
6258,-88.0,100,False,7,1,0,26,,energy_depleted,0.01,0.7
6259,-74.0,100,False,6,0,0,26,,energy_depleted,0.01,0.7
6260,-58.0,100,False,2,0,0,26,,energy_depleted,0.01,0.7
6261,-82.0,100,False,8,0,0,26,,energy_depleted,0.01,0.7
6262,-70.0,100,False,5,0,0,26,,energy_depleted,0.01,0.7
6263,-66.0,100,False,4,0,0,26,,energy_depleted,0.01,0.7
6264,-58.0,100,False,2,0,0,26,,energy_depleted,0.01,0.7
6265,-98.0,100,False,7,2,0,26,,energy_depleted,0.01,0.7
6266,-74.0,100,False,6,0,0,26,,energy_depleted,0.01,0.7
6267,-70.0,100,False,5,0,0,26,,energy_depleted,0.01,0.7
6268,-66.0,100,False,4,0,0,26,,energy_depleted,0.01,0.7
6269,-76.0,100,False,4,1,0,26,,energy_depleted,0.01,0.7
6270,-74.0,100,False,6,0,0,26,,energy_depleted,0.01,0.7
6271,-86.0,100,False,9,0,0,26,,energy_depleted,0.01,0.7
6272,-88.0,100,False,2,3,0,26,,energy_depleted,0.01,0.7
6273,91.0,99,True,15,0,0,26,99,goal_reached,0.01,0.7
6274,-66.0,100,False,4,0,0,26,,energy_depleted,0.01,0.7
6275,-62.0,100,False,3,0,0,26,,energy_depleted,0.01,0.7
6276,-78.0,100,False,7,0,0,26,,energy_depleted,0.01,0.7
6277,-86.0,100,False,9,0,0,26,,energy_depleted,0.01,0.7
6278,-68.0,100,False,2,1,0,26,,energy_depleted,0.01,0.7
6279,-70.0,100,False,5,0,0,26,,energy_depleted,0.01,0.7
6280,-70.0,100,False,5,0,0,26,,energy_depleted,0.01,0.7
6281,-98.0,100,False,12,0,0,26,,energy_depleted,0.01,0.7
6282,-104.0,100,False,11,1,0,26,,energy_depleted,0.01,0.7
6283,-66.0,100,False,4,0,0,26,,energy_depleted,0.01,0.7
6284,-78.0,100,False,7,0,0,26,,energy_depleted,0.01,0.7
6285,-70.0,100,False,5,0,0,26,,energy_depleted,0.01,0.7
6286,-70.0,100,False,5,0,0,26,,energy_depleted,0.01,0.7
6287,-78.0,100,False,7,0,0,26,,energy_depleted,0.01,0.7
6288,-98.0,100,False,12,0,0,26,,energy_depleted,0.01,0.7
6289,-94.0,100,False,11,0,0,26,,energy_depleted,0.01,0.7
6290,-74.0,100,False,6,0,0,28,,energy_depleted,0.01,0.7
6291,-58.0,100,False,2,0,0,26,,energy_depleted,0.01,0.7
6292,-54.0,100,False,1,0,0,26,,energy_depleted,0.01,0.7
6293,-70.0,100,False,5,0,0,26,,energy_depleted,0.01,0.7
6294,-84.0,100,False,6,1,0,26,,energy_depleted,0.01,0.7
6295,-82.0,100,False,8,0,0,26,,energy_depleted,0.01,0.7
6296,-58.0,100,False,2,0,0,28,,energy_depleted,0.01,0.7
6297,-102.0,100,False,13,0,0,26,,energy_depleted,0.01,0.7
6298,-108.0,100,False,12,1,0,26,,energy_depleted,0.01,0.7
6299,-96.0,100,False,9,1,0,26,,energy_depleted,0.01,0.7
6300,-88.0,100,False,7,1,0,26,,energy_depleted,0.01,0.7
6301,-86.0,100,False,9,0,0,26,,energy_depleted,0.01,0.7
6302,-70.0,100,False,5,0,0,26,,energy_depleted,0.01,0.7
6303,-62.0,100,False,3,0,0,26,,energy_depleted,0.01,0.7
6304,-86.0,100,False,9,0,0,23,,energy_depleted,0.01,0.7
6305,-70.0,100,False,5,0,0,26,,energy_depleted,0.01,0.7
6306,-78.0,100,False,7,0,0,26,,energy_depleted,0.01,0.7
6307,-78.0,100,False,7,0,0,26,,energy_depleted,0.01,0.7
6308,-72.0,100,False,3,1,0,26,,energy_depleted,0.01,0.7
6309,-66.0,100,False,4,0,0,26,,energy_depleted,0.01,0.7
6310,-118.0,100,False,17,0,0,26,,energy_depleted,0.01,0.7
6311,-78.0,100,False,7,0,0,26,,energy_depleted,0.01,0.7
6312,-86.0,100,False,9,0,0,26,,energy_depleted,0.01,0.7
6313,-110.0,100,False,10,2,0,26,,energy_depleted,0.01,0.7
6314,-80.0,100,False,5,1,0,26,,energy_depleted,0.01,0.7
6315,-62.0,100,False,3,0,0,26,,energy_depleted,0.01,0.7
6316,-82.0,100,False,8,0,0,26,,energy_depleted,0.01,0.7
6317,-70.0,100,False,5,0,0,26,,energy_depleted,0.01,0.7
6318,-132.0,100,False,18,1,0,26,,energy_depleted,0.01,0.7
6319,-78.0,100,False,7,0,0,26,,energy_depleted,0.01,0.7
6320,-84.0,100,False,6,1,0,26,,energy_depleted,0.01,0.7
6321,-66.0,100,False,4,0,0,26,,energy_depleted,0.01,0.7
6322,-98.0,100,False,12,0,0,26,,energy_depleted,0.01,0.7
6323,-78.0,100,False,7,0,0,26,,energy_depleted,0.01,0.7
6324,-84.0,100,False,6,1,0,26,,energy_depleted,0.01,0.7
6325,-74.0,100,False,6,0,0,26,,energy_depleted,0.01,0.7
6326,-90.0,100,False,10,0,0,26,,energy_depleted,0.01,0.7
6327,-78.0,100,False,7,0,0,26,,energy_depleted,0.01,0.7
6328,-74.0,100,False,6,0,0,26,,energy_depleted,0.01,0.7
6329,-62.0,100,False,3,0,0,26,,energy_depleted,0.01,0.7
6330,-58.0,100,False,2,0,0,26,,energy_depleted,0.01,0.7
6331,-94.0,100,False,11,0,0,26,,energy_depleted,0.01,0.7
6332,-90.0,100,False,10,0,0,26,,energy_depleted,0.01,0.7
6333,-92.0,100,False,8,1,0,26,,energy_depleted,0.01,0.7
6334,-98.0,100,False,12,0,0,26,,energy_depleted,0.01,0.7
6335,-92.0,100,False,8,1,0,26,,energy_depleted,0.01,0.7
6336,-90.0,100,False,10,0,0,26,,energy_depleted,0.01,0.7
6337,-106.0,100,False,14,0,0,26,,energy_depleted,0.01,0.7
6338,-98.0,100,False,12,0,0,26,,energy_depleted,0.01,0.7
6339,-98.0,100,False,12,0,0,26,,energy_depleted,0.01,0.7
6340,-70.0,100,False,5,0,0,28,,energy_depleted,0.01,0.7
6341,-78.0,100,False,7,0,0,26,,energy_depleted,0.01,0.7
6342,-90.0,100,False,10,0,0,26,,energy_depleted,0.01,0.7
6343,-78.0,100,False,7,0,0,26,,energy_depleted,0.01,0.7
6344,-70.0,100,False,5,0,0,26,,energy_depleted,0.01,0.7
6345,-62.0,100,False,3,0,0,26,,energy_depleted,0.01,0.7
6346,-62.0,100,False,3,0,0,26,,energy_depleted,0.01,0.7
6347,-98.0,100,False,12,0,0,26,,energy_depleted,0.01,0.7
6348,-94.0,100,False,11,0,0,26,,energy_depleted,0.01,0.7
6349,-58.0,100,False,2,0,0,26,,energy_depleted,0.01,0.7
6350,-82.0,100,False,8,0,0,26,,energy_depleted,0.01,0.7
6351,-82.0,100,False,8,0,0,26,,energy_depleted,0.01,0.7
6352,-94.0,100,False,11,0,0,26,,energy_depleted,0.01,0.7
6353,-74.0,100,False,6,0,0,26,,energy_depleted,0.01,0.7
6354,-66.0,100,False,4,0,0,26,,energy_depleted,0.01,0.7
6355,-92.0,100,False,8,1,0,26,,energy_depleted,0.01,0.7
6356,-70.0,100,False,5,0,0,26,,energy_depleted,0.01,0.7
6357,-66.0,100,False,4,0,0,26,,energy_depleted,0.01,0.7
6358,-66.0,100,False,4,0,0,26,,energy_depleted,0.01,0.7
6359,-90.0,100,False,5,2,0,26,,energy_depleted,0.01,0.7
6360,-90.0,100,False,10,0,0,26,,energy_depleted,0.01,0.7
6361,-66.0,100,False,4,0,0,26,,energy_depleted,0.01,0.7
6362,-72.0,100,False,3,1,0,26,,energy_depleted,0.01,0.7
6363,-66.0,100,False,4,0,0,26,,energy_depleted,0.01,0.7
6364,-94.0,100,False,11,0,0,26,,energy_depleted,0.01,0.7
6365,-138.0,100,False,12,4,0,28,,energy_depleted,0.01,0.7
6366,-70.0,100,False,5,0,0,26,,energy_depleted,0.01,0.7
6367,-98.0,100,False,12,0,0,26,,energy_depleted,0.01,0.7
6368,-84.0,100,False,6,1,0,26,,energy_depleted,0.01,0.7
6369,-62.0,100,False,3,0,0,26,,energy_depleted,0.01,0.7
6370,131.0,99,True,5,0,0,26,99,goal_reached,0.01,0.7
6371,-90.0,100,False,10,0,0,26,,energy_depleted,0.01,0.7
6372,123.0,99,True,7,0,0,26,99,goal_reached,0.01,0.7
6373,-78.0,100,False,7,0,0,26,,energy_depleted,0.01,0.7
6374,-92.0,100,False,8,1,0,26,,energy_depleted,0.01,0.7
6375,-90.0,100,False,10,0,0,29,,energy_depleted,0.01,0.7
6376,-88.0,100,False,7,1,0,28,,energy_depleted,0.01,0.7
6377,-82.0,100,False,8,0,0,26,,energy_depleted,0.01,0.7
6378,-54.0,100,False,1,0,0,26,,energy_depleted,0.01,0.7
6379,-80.0,100,False,5,1,0,26,,energy_depleted,0.01,0.7
6380,-70.0,100,False,5,0,0,26,,energy_depleted,0.01,0.7
6381,-74.0,100,False,6,0,0,26,,energy_depleted,0.01,0.7
6382,-70.0,100,False,5,0,0,26,,energy_depleted,0.01,0.7
6383,-66.0,100,False,4,0,0,26,,energy_depleted,0.01,0.7
6384,-70.0,100,False,5,0,0,26,,energy_depleted,0.01,0.7
6385,-74.0,100,False,6,0,0,26,,energy_depleted,0.01,0.7
6386,-58.0,100,False,2,0,0,26,,energy_depleted,0.01,0.7
6387,-82.0,100,False,8,0,0,23,,energy_depleted,0.01,0.7
6388,-70.0,100,False,5,0,0,26,,energy_depleted,0.01,0.7
6389,-94.0,100,False,11,0,0,26,,energy_depleted,0.01,0.7
6390,-82.0,100,False,8,0,0,26,,energy_depleted,0.01,0.7
6391,-86.0,100,False,9,0,0,26,,energy_depleted,0.01,0.7
6392,-74.0,100,False,6,0,0,26,,energy_depleted,0.01,0.7
6393,-98.0,100,False,12,0,0,26,,energy_depleted,0.01,0.7
6394,-98.0,100,False,12,0,0,26,,energy_depleted,0.01,0.7
6395,-98.0,100,False,12,0,0,26,,energy_depleted,0.01,0.7
6396,-66.0,100,False,4,0,0,26,,energy_depleted,0.01,0.7
6397,-80.0,100,False,5,1,0,26,,energy_depleted,0.01,0.7
6398,-62.0,100,False,3,0,0,26,,energy_depleted,0.01,0.7
6399,130.0,88,True,8,0,0,26,88,goal_reached,0.01,0.7
6400,139.0,99,True,3,0,0,26,99,goal_reached,0.01,0.7
6401,-74.0,100,False,6,0,0,26,,energy_depleted,0.01,0.7
6402,-70.0,100,False,5,0,0,26,,energy_depleted,0.01,0.7
6403,-62.0,100,False,3,0,0,29,,energy_depleted,0.01,0.7
6404,123.0,99,True,7,0,0,26,99,goal_reached,0.01,0.7
6405,-78.0,100,False,7,0,0,26,,energy_depleted,0.01,0.7
6406,138.0,88,True,6,0,0,26,88,goal_reached,0.01,0.7
6407,-104.0,100,False,11,1,0,26,,energy_depleted,0.01,0.7
6408,-82.0,100,False,8,0,0,26,,energy_depleted,0.01,0.7
6409,-78.0,100,False,7,0,0,26,,energy_depleted,0.01,0.7
6410,-80.0,100,False,5,1,0,26,,energy_depleted,0.01,0.7
6411,-62.0,100,False,3,0,0,26,,energy_depleted,0.01,0.7
6412,-86.0,100,False,9,0,0,26,,energy_depleted,0.01,0.7
6413,123.0,99,True,7,0,0,26,99,goal_reached,0.01,0.7
6414,-58.0,100,False,2,0,0,26,,energy_depleted,0.01,0.7
6415,-74.0,100,False,6,0,0,26,,energy_depleted,0.01,0.7
6416,-78.0,100,False,7,0,0,26,,energy_depleted,0.01,0.7
6417,146.0,88,True,4,0,0,26,88,goal_reached,0.01,0.7
6418,-82.0,100,False,8,0,0,26,,energy_depleted,0.01,0.7
6419,-54.0,100,False,1,0,0,26,,energy_depleted,0.01,0.7
6420,-78.0,100,False,7,0,0,26,,energy_depleted,0.01,0.7
6421,-82.0,100,False,8,0,0,26,,energy_depleted,0.01,0.7
6422,-58.0,100,False,2,0,0,26,,energy_depleted,0.01,0.7
6423,-70.0,100,False,5,0,0,26,,energy_depleted,0.01,0.7
6424,-70.0,100,False,5,0,0,26,,energy_depleted,0.01,0.7
6425,-70.0,100,False,5,0,0,26,,energy_depleted,0.01,0.7
6426,-74.0,100,False,6,0,0,26,,energy_depleted,0.01,0.7
6427,-58.0,100,False,2,0,0,26,,energy_depleted,0.01,0.7
6428,-62.0,100,False,3,0,0,26,,energy_depleted,0.01,0.7
6429,-54.0,100,False,1,0,0,26,,energy_depleted,0.01,0.7
6430,131.0,99,True,5,0,0,26,99,goal_reached,0.01,0.7
6431,-102.0,100,False,13,0,0,26,,energy_depleted,0.01,0.7
6432,-70.0,100,False,5,0,0,26,,energy_depleted,0.01,0.7
6433,-54.0,100,False,1,0,0,26,,energy_depleted,0.01,0.7
6434,-70.0,100,False,5,0,0,26,,energy_depleted,0.01,0.7
6435,-106.0,100,False,14,0,0,23,,energy_depleted,0.01,0.7
6436,-58.0,100,False,2,0,0,26,,energy_depleted,0.01,0.7
6437,131.0,99,True,5,0,0,26,99,goal_reached,0.01,0.7
6438,-58.0,100,False,2,0,0,26,,energy_depleted,0.01,0.7
6439,-100.0,100,False,10,1,0,28,,energy_depleted,0.01,0.7
6440,-70.0,100,False,5,0,0,26,,energy_depleted,0.01,0.7
6441,-86.0,100,False,9,0,0,26,,energy_depleted,0.01,0.7
6442,-74.0,100,False,6,0,0,26,,energy_depleted,0.01,0.7
6443,-78.0,100,False,7,0,0,26,,energy_depleted,0.01,0.7
6444,-62.0,100,False,3,0,0,28,,energy_depleted,0.01,0.7
6445,-66.0,100,False,4,0,0,26,,energy_depleted,0.01,0.7
6446,-78.0,100,False,7,0,0,26,,energy_depleted,0.01,0.7
6447,-78.0,100,False,7,0,0,26,,energy_depleted,0.01,0.7
6448,-66.0,100,False,4,0,0,26,,energy_depleted,0.01,0.7
6449,139.0,99,True,3,0,0,26,99,goal_reached,0.01,0.7
6450,-58.0,100,False,2,0,0,26,,energy_depleted,0.01,0.7
6451,-54.0,100,False,1,0,0,26,,energy_depleted,0.01,0.7
6452,-58.0,100,False,2,0,0,26,,energy_depleted,0.01,0.7
6453,-122.0,100,False,18,0,0,26,,energy_depleted,0.01,0.7
6454,-66.0,100,False,4,0,0,26,,energy_depleted,0.01,0.7
6455,-66.0,100,False,4,0,0,26,,energy_depleted,0.01,0.7
6456,-66.0,100,False,4,0,0,26,,energy_depleted,0.01,0.7
6457,-74.0,100,False,6,0,0,26,,energy_depleted,0.01,0.7
6458,-62.0,100,False,3,0,0,26,,energy_depleted,0.01,0.7
6459,139.0,99,True,3,0,0,26,99,goal_reached,0.01,0.7
6460,-86.0,100,False,9,0,0,26,,energy_depleted,0.01,0.7
6461,-82.0,100,False,8,0,0,26,,energy_depleted,0.01,0.7
6462,-66.0,100,False,4,0,0,26,,energy_depleted,0.01,0.7
6463,-122.0,100,False,8,4,0,26,,energy_depleted,0.01,0.7
6464,-58.0,100,False,2,0,0,26,,energy_depleted,0.01,0.7
6465,-82.0,100,False,8,0,0,26,,energy_depleted,0.01,0.7
6466,-78.0,100,False,7,0,0,28,,energy_depleted,0.01,0.7
6467,-74.0,100,False,6,0,0,26,,energy_depleted,0.01,0.7
6468,-74.0,100,False,6,0,0,26,,energy_depleted,0.01,0.7
6469,-102.0,100,False,13,0,0,26,,energy_depleted,0.01,0.7
6470,-66.0,100,False,4,0,0,26,,energy_depleted,0.01,0.7
6471,-78.0,100,False,7,0,0,26,,energy_depleted,0.01,0.7
6472,-78.0,100,False,7,0,0,28,,energy_depleted,0.01,0.7
6473,-106.0,100,False,14,0,0,26,,energy_depleted,0.01,0.7
6474,-66.0,100,False,4,0,0,28,,energy_depleted,0.01,0.7
6475,-66.0,100,False,4,0,0,26,,energy_depleted,0.01,0.7
6476,-58.0,100,False,2,0,0,26,,energy_depleted,0.01,0.7
6477,-78.0,100,False,7,0,0,26,,energy_depleted,0.01,0.7
6478,-114.0,100,False,16,0,0,26,,energy_depleted,0.01,0.7
6479,-90.0,100,False,10,0,0,23,,energy_depleted,0.01,0.7
6480,-88.0,100,False,7,1,0,26,,energy_depleted,0.01,0.7
6481,-92.0,100,False,8,1,0,26,,energy_depleted,0.01,0.7
6482,-100.0,100,False,10,1,0,26,,energy_depleted,0.01,0.7
6483,-66.0,100,False,4,0,0,26,,energy_depleted,0.01,0.7
6484,-62.0,100,False,3,0,0,26,,energy_depleted,0.01,0.7
6485,-98.0,100,False,12,0,0,26,,energy_depleted,0.01,0.7
6486,115.0,99,True,9,0,0,26,99,goal_reached,0.01,0.7
6487,-58.0,100,False,2,0,0,26,,energy_depleted,0.01,0.7
6488,-86.0,100,False,9,0,0,26,,energy_depleted,0.01,0.7
6489,-66.0,100,False,4,0,0,26,,energy_depleted,0.01,0.7
6490,-78.0,100,False,7,0,0,26,,energy_depleted,0.01,0.7
6491,-86.0,100,False,9,0,0,26,,energy_depleted,0.01,0.7
6492,-86.0,100,False,9,0,0,26,,energy_depleted,0.01,0.7
6493,-90.0,100,False,10,0,0,26,,energy_depleted,0.01,0.7
6494,-74.0,100,False,6,0,0,26,,energy_depleted,0.01,0.7
6495,-94.0,100,False,11,0,0,26,,energy_depleted,0.01,0.7
6496,-110.0,100,False,10,2,0,26,,energy_depleted,0.01,0.7
6497,-74.0,100,False,6,0,0,26,,energy_depleted,0.01,0.7
6498,-72.0,100,False,3,1,0,26,,energy_depleted,0.01,0.7
6499,-66.0,100,False,4,0,0,26,,energy_depleted,0.01,0.7
6500,-86.0,100,False,9,0,0,26,,energy_depleted,0.01,0.7
6501,-86.0,100,False,4,2,0,26,,energy_depleted,0.01,0.7
6502,-74.0,100,False,6,0,0,26,,energy_depleted,0.01,0.7
6503,-90.0,100,False,10,0,0,26,,energy_depleted,0.01,0.7
6504,-58.0,100,False,2,0,0,26,,energy_depleted,0.01,0.7
6505,-86.0,100,False,9,0,0,26,,energy_depleted,0.01,0.7
6506,-70.0,100,False,5,0,0,26,,energy_depleted,0.01,0.7
6507,-70.0,100,False,5,0,0,26,,energy_depleted,0.01,0.7
6508,-62.0,100,False,3,0,0,26,,energy_depleted,0.01,0.7
6509,-82.0,100,False,8,0,0,26,,energy_depleted,0.01,0.7
6510,-62.0,100,False,3,0,0,26,,energy_depleted,0.01,0.7
6511,-66.0,100,False,4,0,0,26,,energy_depleted,0.01,0.7
6512,-78.0,100,False,7,0,0,26,,energy_depleted,0.01,0.7
6513,-74.0,100,False,6,0,0,26,,energy_depleted,0.01,0.7
6514,-96.0,100,False,9,1,0,26,,energy_depleted,0.01,0.7
6515,-98.0,100,False,12,0,0,26,,energy_depleted,0.01,0.7
6516,-66.0,100,False,4,0,0,28,,energy_depleted,0.01,0.7
6517,-86.0,100,False,9,0,0,26,,energy_depleted,0.01,0.7
6518,-62.0,100,False,3,0,0,26,,energy_depleted,0.01,0.7
6519,-70.0,100,False,5,0,0,26,,energy_depleted,0.01,0.7
6520,-82.0,100,False,8,0,0,26,,energy_depleted,0.01,0.7
6521,-66.0,100,False,4,0,0,26,,energy_depleted,0.01,0.7
6522,-62.0,100,False,3,0,0,26,,energy_depleted,0.01,0.7
6523,-90.0,100,False,10,0,0,26,,energy_depleted,0.01,0.7
6524,-62.0,100,False,3,0,0,26,,energy_depleted,0.01,0.7
6525,-66.0,100,False,4,0,0,23,,energy_depleted,0.01,0.7
6526,-62.0,100,False,3,0,0,26,,energy_depleted,0.01,0.7
6527,-82.0,100,False,8,0,0,26,,energy_depleted,0.01,0.7
6528,-74.0,100,False,6,0,0,26,,energy_depleted,0.01,0.7
6529,-58.0,100,False,2,0,0,26,,energy_depleted,0.01,0.7
6530,-94.0,100,False,11,0,0,26,,energy_depleted,0.01,0.7
6531,-62.0,100,False,3,0,0,26,,energy_depleted,0.01,0.7
6532,-66.0,100,False,4,0,0,26,,energy_depleted,0.01,0.7
6533,-58.0,100,False,2,0,0,26,,energy_depleted,0.01,0.7
6534,-94.0,100,False,11,0,0,26,,energy_depleted,0.01,0.7
6535,-78.0,100,False,7,0,0,26,,energy_depleted,0.01,0.7
6536,-90.0,100,False,10,0,0,26,,energy_depleted,0.01,0.7
6537,-94.0,100,False,11,0,0,28,,energy_depleted,0.01,0.7
6538,-88.0,100,False,7,1,0,28,,energy_depleted,0.01,0.7
6539,-70.0,100,False,5,0,0,26,,energy_depleted,0.01,0.7
6540,-90.0,100,False,10,0,0,26,,energy_depleted,0.01,0.7
6541,-114.0,100,False,16,0,0,26,,energy_depleted,0.01,0.7
6542,-70.0,100,False,5,0,0,26,,energy_depleted,0.01,0.7
6543,-70.0,100,False,5,0,0,26,,energy_depleted,0.01,0.7
6544,-70.0,100,False,5,0,0,26,,energy_depleted,0.01,0.7
6545,-74.0,100,False,6,0,0,26,,energy_depleted,0.01,0.7
6546,-98.0,100,False,7,2,0,26,,energy_depleted,0.01,0.7
6547,-96.0,100,False,9,1,0,28,,energy_depleted,0.01,0.7
6548,-86.0,100,False,9,0,0,26,,energy_depleted,0.01,0.7
6549,-90.0,100,False,5,2,0,26,,energy_depleted,0.01,0.7
6550,-66.0,100,False,4,0,0,26,,energy_depleted,0.01,0.7
6551,-104.0,100,False,11,1,0,26,,energy_depleted,0.01,0.7
6552,-104.0,100,False,11,1,0,28,,energy_depleted,0.01,0.7
6553,-62.0,100,False,3,0,0,26,,energy_depleted,0.01,0.7
6554,-86.0,100,False,9,0,0,26,,energy_depleted,0.01,0.7
6555,146.0,88,True,4,0,0,26,88,goal_reached,0.01,0.7
6556,-76.0,100,False,4,1,0,26,,energy_depleted,0.01,0.7
6557,-74.0,100,False,6,0,0,26,,energy_depleted,0.01,0.7
6558,-80.0,100,False,5,1,0,26,,energy_depleted,0.01,0.7
6559,-86.0,100,False,9,0,0,26,,energy_depleted,0.01,0.7
6560,-122.0,100,False,18,0,0,26,,energy_depleted,0.01,0.7
6561,-62.0,100,False,3,0,0,26,,energy_depleted,0.01,0.7
6562,-106.0,100,False,14,0,0,26,,energy_depleted,0.01,0.7
6563,-114.0,100,False,16,0,0,26,,energy_depleted,0.01,0.7
6564,-110.0,100,False,15,0,0,26,,energy_depleted,0.01,0.7
6565,-84.0,100,False,6,1,0,26,,energy_depleted,0.01,0.7
6566,-74.0,100,False,6,0,0,26,,energy_depleted,0.01,0.7
6567,-74.0,100,False,6,0,0,26,,energy_depleted,0.01,0.7
6568,-86.0,100,False,9,0,0,26,,energy_depleted,0.01,0.7
6569,-78.0,100,False,7,0,0,28,,energy_depleted,0.01,0.7
6570,-66.0,100,False,4,0,0,26,,energy_depleted,0.01,0.7
6571,-62.0,100,False,3,0,0,26,,energy_depleted,0.01,0.7
6572,-110.0,100,False,15,0,0,26,,energy_depleted,0.01,0.7
6573,-82.0,100,False,8,0,0,26,,energy_depleted,0.01,0.7
6574,-98.0,100,False,12,0,0,26,,energy_depleted,0.01,0.7
6575,-78.0,100,False,7,0,0,26,,energy_depleted,0.01,0.7
6576,-70.0,100,False,5,0,0,26,,energy_depleted,0.01,0.7
6577,-82.0,100,False,8,0,0,26,,energy_depleted,0.01,0.7
6578,-112.0,100,False,8,3,0,26,,energy_depleted,0.01,0.7
6579,-90.0,100,False,10,0,0,26,,energy_depleted,0.01,0.7
6580,-76.0,100,False,4,1,0,26,,energy_depleted,0.01,0.7
6581,-110.0,100,False,15,0,0,26,,energy_depleted,0.01,0.7
6582,-58.0,100,False,2,0,0,26,,energy_depleted,0.01,0.7
6583,107.0,99,True,11,0,0,26,99,goal_reached,0.01,0.7
6584,-70.0,100,False,5,0,0,26,,energy_depleted,0.01,0.7
6585,115.0,99,True,9,0,0,26,99,goal_reached,0.01,0.7
6586,-70.0,100,False,5,0,0,26,,energy_depleted,0.01,0.7
6587,-62.0,100,False,3,0,0,26,,energy_depleted,0.01,0.7
6588,-90.0,100,False,10,0,0,26,,energy_depleted,0.01,0.7
6589,-116.0,100,False,14,1,0,26,,energy_depleted,0.01,0.7
6590,-98.0,100,False,12,0,0,26,,energy_depleted,0.01,0.7
6591,-62.0,100,False,3,0,0,26,,energy_depleted,0.01,0.7
6592,-66.0,100,False,4,0,0,26,,energy_depleted,0.01,0.7
6593,-74.0,100,False,6,0,0,26,,energy_depleted,0.01,0.7
6594,-100.0,100,False,10,1,0,26,,energy_depleted,0.01,0.7
6595,-74.0,100,False,6,0,0,26,,energy_depleted,0.01,0.7
6596,-90.0,100,False,10,0,0,26,,energy_depleted,0.01,0.7
6597,-78.0,100,False,7,0,0,26,,energy_depleted,0.01,0.7
6598,-74.0,100,False,6,0,0,26,,energy_depleted,0.01,0.7
6599,-124.0,100,False,11,3,0,26,,energy_depleted,0.01,0.7
6600,-66.0,100,False,4,0,0,26,,energy_depleted,0.01,0.7
6601,-90.0,100,False,10,0,0,26,,energy_depleted,0.01,0.7
6602,131.0,99,True,5,0,0,26,99,goal_reached,0.01,0.7
6603,-66.0,100,False,4,0,0,26,,energy_depleted,0.01,0.7
6604,138.0,88,True,6,0,0,26,88,goal_reached,0.01,0.7
6605,-78.0,100,False,7,0,0,26,,energy_depleted,0.01,0.7
6606,-50.0,100,False,0,0,0,26,,energy_depleted,0.01,0.7
6607,-66.0,100,False,4,0,0,26,,energy_depleted,0.01,0.7
6608,-70.0,100,False,5,0,0,26,,energy_depleted,0.01,0.7
6609,-62.0,100,False,3,0,0,26,,energy_depleted,0.01,0.7
6610,131.0,99,True,5,0,0,26,99,goal_reached,0.01,0.7
6611,-74.0,100,False,6,0,0,26,,energy_depleted,0.01,0.7
6612,127.0,87,True,9,0,0,26,87,goal_reached,0.01,0.7
6613,-70.0,100,False,5,0,0,26,,energy_depleted,0.01,0.7
6614,-70.0,100,False,5,0,0,26,,energy_depleted,0.01,0.7
6615,122.0,88,True,10,0,0,26,88,goal_reached,0.01,0.7
6616,-74.0,100,False,6,0,0,26,,energy_depleted,0.01,0.7
6617,-74.0,100,False,6,0,0,26,,energy_depleted,0.01,0.7
6618,-86.0,100,False,9,0,0,26,,energy_depleted,0.01,0.7
6619,-70.0,100,False,5,0,0,26,,energy_depleted,0.01,0.7
6620,-66.0,100,False,4,0,0,26,,energy_depleted,0.01,0.7
6621,-94.0,100,False,11,0,0,26,,energy_depleted,0.01,0.7
6622,-82.0,100,False,8,0,0,26,,energy_depleted,0.01,0.7
6623,146.0,88,True,4,0,0,26,88,goal_reached,0.01,0.7
6624,-70.0,100,False,5,0,0,26,,energy_depleted,0.01,0.7
6625,-62.0,100,False,3,0,0,26,,energy_depleted,0.01,0.7
6626,123.0,99,True,7,0,0,26,99,goal_reached,0.01,0.7
6627,130.0,88,True,8,0,0,26,88,goal_reached,0.01,0.7
6628,-82.0,100,False,8,0,0,26,,energy_depleted,0.01,0.7
6629,-70.0,100,False,5,0,0,26,,energy_depleted,0.01,0.7
6630,-90.0,100,False,10,0,0,26,,energy_depleted,0.01,0.7
6631,-78.0,100,False,7,0,0,26,,energy_depleted,0.01,0.7
6632,-88.0,100,False,7,1,0,26,,energy_depleted,0.01,0.7
6633,-66.0,100,False,4,0,0,26,,energy_depleted,0.01,0.7
6634,-78.0,100,False,7,0,0,26,,energy_depleted,0.01,0.7
6635,-70.0,100,False,5,0,0,26,,energy_depleted,0.01,0.7
6636,-66.0,100,False,4,0,0,28,,energy_depleted,0.01,0.7
6637,-94.0,100,False,11,0,0,26,,energy_depleted,0.01,0.7
6638,-86.0,100,False,9,0,0,26,,energy_depleted,0.01,0.7
6639,-78.0,100,False,7,0,0,26,,energy_depleted,0.01,0.7
6640,-54.0,100,False,1,0,0,26,,energy_depleted,0.01,0.7
6641,-74.0,100,False,6,0,0,26,,energy_depleted,0.01,0.7
6642,-58.0,100,False,2,0,0,26,,energy_depleted,0.01,0.7
6643,-86.0,100,False,9,0,0,26,,energy_depleted,0.01,0.7
6644,-62.0,100,False,3,0,0,26,,energy_depleted,0.01,0.7
6645,-62.0,100,False,3,0,0,26,,energy_depleted,0.01,0.7
6646,131.0,99,True,5,0,0,26,99,goal_reached,0.01,0.7
6647,-78.0,100,False,7,0,0,26,,energy_depleted,0.01,0.7
6648,-66.0,100,False,4,0,0,26,,energy_depleted,0.01,0.7
6649,-70.0,100,False,5,0,0,26,,energy_depleted,0.01,0.7
6650,-94.0,100,False,11,0,0,26,,energy_depleted,0.01,0.7
6651,-98.0,100,False,7,2,0,26,,energy_depleted,0.01,0.7
6652,-70.0,100,False,5,0,0,26,,energy_depleted,0.01,0.7
6653,-78.0,100,False,7,0,0,26,,energy_depleted,0.01,0.7
6654,-94.0,100,False,11,0,0,26,,energy_depleted,0.01,0.7
6655,-86.0,100,False,9,0,0,26,,energy_depleted,0.01,0.7
6656,-94.0,100,False,11,0,0,26,,energy_depleted,0.01,0.7
6657,-90.0,100,False,10,0,0,26,,energy_depleted,0.01,0.7
6658,-90.0,100,False,10,0,0,26,,energy_depleted,0.01,0.7
6659,-106.0,100,False,9,2,0,26,,energy_depleted,0.01,0.7
6660,-66.0,100,False,4,0,0,26,,energy_depleted,0.01,0.7
6661,-78.0,100,False,7,0,0,26,,energy_depleted,0.01,0.7
6662,-94.0,100,False,11,0,0,26,,energy_depleted,0.01,0.7
6663,-120.0,100,False,15,1,0,26,,energy_depleted,0.01,0.7
6664,-70.0,100,False,5,0,0,26,,energy_depleted,0.01,0.7
6665,-70.0,100,False,5,0,0,26,,energy_depleted,0.01,0.7
6666,-110.0,100,False,15,0,0,26,,energy_depleted,0.01,0.7
6667,-90.0,100,False,10,0,0,26,,energy_depleted,0.01,0.7
6668,-88.0,100,False,7,1,0,26,,energy_depleted,0.01,0.7
6669,154.0,88,True,2,0,0,26,88,goal_reached,0.01,0.7
6670,-66.0,100,False,4,0,0,26,,energy_depleted,0.01,0.7
6671,-74.0,100,False,6,0,0,26,,energy_depleted,0.01,0.7
6672,131.0,99,True,5,0,0,26,99,goal_reached,0.01,0.7
6673,-90.0,100,False,10,0,0,26,,energy_depleted,0.01,0.7
6674,123.0,99,True,7,0,0,26,99,goal_reached,0.01,0.7
6675,-78.0,100,False,7,0,0,26,,energy_depleted,0.01,0.7
6676,-62.0,100,False,3,0,0,26,,energy_depleted,0.01,0.7
6677,-76.0,100,False,4,1,0,26,,energy_depleted,0.01,0.7
6678,-82.0,100,False,8,0,0,26,,energy_depleted,0.01,0.7
6679,-126.0,100,False,19,0,0,26,,energy_depleted,0.01,0.7
6680,-92.0,100,False,8,1,0,26,,energy_depleted,0.01,0.7
6681,-62.0,100,False,3,0,0,26,,energy_depleted,0.01,0.7
6682,-90.0,100,False,10,0,0,26,,energy_depleted,0.01,0.7
6683,-90.0,100,False,10,0,0,26,,energy_depleted,0.01,0.7
6684,-82.0,100,False,8,0,0,26,,energy_depleted,0.01,0.7
6685,-100.0,100,False,10,1,0,26,,energy_depleted,0.01,0.7
6686,-70.0,100,False,5,0,0,26,,energy_depleted,0.01,0.7
6687,-90.0,100,False,10,0,0,26,,energy_depleted,0.01,0.7
6688,-74.0,100,False,6,0,0,26,,energy_depleted,0.01,0.7
6689,-74.0,100,False,6,0,0,26,,energy_depleted,0.01,0.7
6690,-70.0,100,False,5,0,0,26,,energy_depleted,0.01,0.7
6691,-78.0,100,False,7,0,0,26,,energy_depleted,0.01,0.7
6692,-62.0,100,False,3,0,0,26,,energy_depleted,0.01,0.7
6693,-108.0,100,False,7,3,0,26,,energy_depleted,0.01,0.7
6694,-78.0,100,False,7,0,0,26,,energy_depleted,0.01,0.7
6695,-118.0,100,False,12,2,0,28,,energy_depleted,0.01,0.7
6696,-86.0,100,False,9,0,0,26,,energy_depleted,0.01,0.7
6697,-82.0,100,False,8,0,0,26,,energy_depleted,0.01,0.7
6698,-74.0,100,False,6,0,0,26,,energy_depleted,0.01,0.7
6699,-98.0,100,False,12,0,0,26,,energy_depleted,0.01,0.7
6700,-86.0,100,False,9,0,0,26,,energy_depleted,0.01,0.7
6701,-86.0,100,False,9,0,0,26,,energy_depleted,0.01,0.7
6702,-80.0,100,False,5,1,0,26,,energy_depleted,0.01,0.7
6703,-70.0,100,False,5,0,0,26,,energy_depleted,0.01,0.7
6704,-74.0,100,False,6,0,0,26,,energy_depleted,0.01,0.7
6705,-58.0,100,False,2,0,0,26,,energy_depleted,0.01,0.7
6706,-78.0,100,False,7,0,0,26,,energy_depleted,0.01,0.7
6707,-78.0,100,False,7,0,0,26,,energy_depleted,0.01,0.7
6708,-72.0,100,False,3,1,0,26,,energy_depleted,0.01,0.7
6709,-126.0,100,False,14,2,0,26,,energy_depleted,0.01,0.7
6710,-72.0,100,False,3,1,0,26,,energy_depleted,0.01,0.7
6711,-54.0,100,False,1,0,0,26,,energy_depleted,0.01,0.7
6712,-78.0,100,False,7,0,0,26,,energy_depleted,0.01,0.7
6713,-86.0,100,False,9,0,0,23,,energy_depleted,0.01,0.7
6714,-66.0,100,False,4,0,0,26,,energy_depleted,0.01,0.7
6715,123.0,99,True,7,0,0,26,99,goal_reached,0.01,0.7
6716,-86.0,100,False,9,0,0,26,,energy_depleted,0.01,0.7
6717,-66.0,100,False,4,0,0,26,,energy_depleted,0.01,0.7
6718,139.0,99,True,3,0,0,26,99,goal_reached,0.01,0.7
6719,-62.0,100,False,3,0,0,26,,energy_depleted,0.01,0.7
6720,-66.0,100,False,4,0,0,26,,energy_depleted,0.01,0.7
6721,-104.0,100,False,11,1,0,26,,energy_depleted,0.01,0.7
6722,-66.0,100,False,4,0,0,26,,energy_depleted,0.01,0.7
6723,-70.0,100,False,5,0,0,26,,energy_depleted,0.01,0.7
6724,-58.0,100,False,2,0,0,26,,energy_depleted,0.01,0.7
6725,-74.0,100,False,6,0,0,28,,energy_depleted,0.01,0.7
6726,-74.0,100,False,6,0,0,26,,energy_depleted,0.01,0.7
6727,-78.0,100,False,7,0,0,23,,energy_depleted,0.01,0.7
6728,-100.0,100,False,10,1,0,26,,energy_depleted,0.01,0.7
6729,-82.0,100,False,8,0,0,26,,energy_depleted,0.01,0.7
6730,99.0,99,True,13,0,0,26,99,goal_reached,0.01,0.7
6731,123.0,99,True,7,0,0,26,99,goal_reached,0.01,0.7
6732,-78.0,100,False,7,0,0,26,,energy_depleted,0.01,0.7
6733,-62.0,100,False,3,0,0,26,,energy_depleted,0.01,0.7
6734,-54.0,100,False,1,0,0,26,,energy_depleted,0.01,0.7
6735,-86.0,100,False,9,0,0,26,,energy_depleted,0.01,0.7
6736,-78.0,100,False,7,0,0,26,,energy_depleted,0.01,0.7
6737,139.0,99,True,3,0,0,26,99,goal_reached,0.01,0.7
6738,-70.0,100,False,5,0,0,26,,energy_depleted,0.01,0.7
6739,-66.0,100,False,4,0,0,26,,energy_depleted,0.01,0.7
6740,-54.0,100,False,1,0,0,26,,energy_depleted,0.01,0.7
6741,-82.0,100,False,8,0,0,26,,energy_depleted,0.01,0.7
6742,-58.0,100,False,2,0,0,26,,energy_depleted,0.01,0.7
6743,-92.0,100,False,8,1,0,26,,energy_depleted,0.01,0.7
6744,-70.0,100,False,5,0,0,26,,energy_depleted,0.01,0.7
6745,-74.0,100,False,6,0,0,26,,energy_depleted,0.01,0.7
6746,-54.0,100,False,1,0,0,26,,energy_depleted,0.01,0.7
6747,-50.0,100,False,0,0,0,28,,energy_depleted,0.01,0.7
6748,-100.0,100,False,10,1,0,26,,energy_depleted,0.01,0.7
6749,-86.0,100,False,9,0,0,26,,energy_depleted,0.01,0.7
6750,131.0,99,True,5,0,0,26,99,goal_reached,0.01,0.7
6751,-78.0,100,False,7,0,0,26,,energy_depleted,0.01,0.7
6752,-66.0,100,False,4,0,0,26,,energy_depleted,0.01,0.7
6753,-78.0,100,False,7,0,0,26,,energy_depleted,0.01,0.7
6754,-66.0,100,False,4,0,0,26,,energy_depleted,0.01,0.7
6755,-118.0,100,False,12,2,0,26,,energy_depleted,0.01,0.7
6756,139.0,99,True,3,0,0,26,99,goal_reached,0.01,0.7
6757,-54.0,100,False,1,0,0,26,,energy_depleted,0.01,0.7
6758,151.0,87,True,3,0,0,26,87,goal_reached,0.01,0.7
6759,-74.0,100,False,6,0,0,26,,energy_depleted,0.01,0.7
6760,123.0,99,True,7,0,0,26,99,goal_reached,0.01,0.7
6761,-66.0,100,False,4,0,0,26,,energy_depleted,0.01,0.7
6762,111.0,99,True,5,2,0,26,99,goal_reached,0.01,0.7
6763,-82.0,100,False,8,0,0,26,,energy_depleted,0.01,0.7
6764,-82.0,100,False,3,2,0,26,,energy_depleted,0.01,0.7
6765,-82.0,100,False,8,0,0,26,,energy_depleted,0.01,0.7
6766,-50.0,100,False,0,0,0,26,,energy_depleted,0.01,0.7
6767,-68.0,100,False,2,1,0,26,,energy_depleted,0.01,0.7
6768,-80.0,100,False,5,1,0,26,,energy_depleted,0.01,0.7
6769,123.0,99,True,7,0,0,26,99,goal_reached,0.01,0.7
6770,-58.0,100,False,2,0,0,26,,energy_depleted,0.01,0.7
6771,-66.0,100,False,4,0,0,26,,energy_depleted,0.01,0.7
6772,-66.0,100,False,4,0,0,26,,energy_depleted,0.01,0.7
6773,-100.0,100,False,10,1,0,26,,energy_depleted,0.01,0.7
6774,-58.0,100,False,2,0,0,26,,energy_depleted,0.01,0.7
6775,-74.0,100,False,6,0,0,26,,energy_depleted,0.01,0.7
6776,-84.0,100,False,6,1,0,26,,energy_depleted,0.01,0.7
6777,-74.0,100,False,6,0,0,26,,energy_depleted,0.01,0.7
6778,-66.0,100,False,4,0,0,26,,energy_depleted,0.01,0.7
6779,-74.0,100,False,6,0,0,26,,energy_depleted,0.01,0.7
6780,-68.0,100,False,2,1,0,26,,energy_depleted,0.01,0.7
6781,-50.0,100,False,0,0,0,26,,energy_depleted,0.01,0.7
6782,-54.0,100,False,1,0,0,26,,energy_depleted,0.01,0.7
6783,-82.0,100,False,8,0,0,26,,energy_depleted,0.01,0.7
6784,142.0,100,True,2,0,0,26,100,goal_reached,0.01,0.7
6785,-54.0,100,False,1,0,0,26,,energy_depleted,0.01,0.7
6786,-76.0,100,False,4,1,0,26,,energy_depleted,0.01,0.7
6787,-72.0,100,False,3,1,0,26,,energy_depleted,0.01,0.7
6788,-60.0,100,False,0,1,0,26,,energy_depleted,0.01,0.7
6789,-66.0,100,False,4,0,0,26,,energy_depleted,0.01,0.7
6790,-58.0,100,False,2,0,0,26,,energy_depleted,0.01,0.7
6791,-78.0,100,False,7,0,0,26,,energy_depleted,0.01,0.7
6792,-74.0,100,False,6,0,0,26,,energy_depleted,0.01,0.7
6793,-66.0,100,False,4,0,0,26,,energy_depleted,0.01,0.7
6794,-66.0,100,False,4,0,0,26,,energy_depleted,0.01,0.7
6795,-78.0,100,False,7,0,0,26,,energy_depleted,0.01,0.7
6796,-66.0,100,False,4,0,0,26,,energy_depleted,0.01,0.7
6797,-62.0,100,False,3,0,0,26,,energy_depleted,0.01,0.7
6798,-58.0,100,False,2,0,0,26,,energy_depleted,0.01,0.7
6799,-54.0,100,False,1,0,0,26,,energy_depleted,0.01,0.7
6800,-76.0,100,False,4,1,0,26,,energy_depleted,0.01,0.7
6801,-50.0,100,False,0,0,0,26,,energy_depleted,0.01,0.7
6802,-66.0,100,False,4,0,0,26,,energy_depleted,0.01,0.7
6803,142.0,100,True,2,0,0,26,100,goal_reached,0.01,0.7
6804,-66.0,100,False,4,0,0,26,,energy_depleted,0.01,0.7
6805,-58.0,100,False,2,0,0,26,,energy_depleted,0.01,0.7
6806,-74.0,100,False,6,0,0,26,,energy_depleted,0.01,0.7
6807,-54.0,100,False,1,0,0,26,,energy_depleted,0.01,0.7
6808,-128.0,100,False,12,3,0,23,,energy_depleted,0.01,0.7
6809,139.0,99,True,3,0,0,26,99,goal_reached,0.01,0.7
6810,-76.0,100,False,4,1,0,26,,energy_depleted,0.01,0.7
6811,-62.0,100,False,3,0,0,26,,energy_depleted,0.01,0.7
6812,-110.0,100,False,15,0,0,23,,energy_depleted,0.01,0.7
6813,-78.0,100,False,7,0,0,26,,energy_depleted,0.01,0.7
6814,154.0,88,True,2,0,0,26,88,goal_reached,0.01,0.7
6815,-90.0,100,False,10,0,0,26,,energy_depleted,0.01,0.7
6816,-62.0,100,False,3,0,0,26,,energy_depleted,0.01,0.7
6817,-66.0,100,False,4,0,0,26,,energy_depleted,0.01,0.7
6818,-66.0,100,False,4,0,0,26,,energy_depleted,0.01,0.7
6819,105.0,99,True,9,1,0,26,99,goal_reached,0.01,0.7
6820,-78.0,100,False,7,0,0,26,,energy_depleted,0.01,0.7
6821,-62.0,100,False,3,0,0,26,,energy_depleted,0.01,0.7
6822,139.0,99,True,3,0,0,26,99,goal_reached,0.01,0.7
6823,-82.0,100,False,8,0,0,26,,energy_depleted,0.01,0.7
6824,-62.0,100,False,3,0,0,26,,energy_depleted,0.01,0.7
6825,-88.0,100,False,7,1,0,26,,energy_depleted,0.01,0.7
6826,-82.0,100,False,8,0,0,26,,energy_depleted,0.01,0.7
6827,-58.0,100,False,2,0,0,26,,energy_depleted,0.01,0.7
6828,-84.0,100,False,6,1,0,28,,energy_depleted,0.01,0.7
6829,99.0,99,True,13,0,0,26,99,goal_reached,0.01,0.7
6830,113.0,99,True,7,1,0,26,99,goal_reached,0.01,0.7
6831,-70.0,100,False,5,0,0,26,,energy_depleted,0.01,0.7
6832,-70.0,100,False,5,0,0,26,,energy_depleted,0.01,0.7
6833,-100.0,100,False,10,1,0,26,,energy_depleted,0.01,0.7
6834,-78.0,100,False,7,0,0,23,,energy_depleted,0.01,0.7
6835,-82.0,100,False,8,0,0,28,,energy_depleted,0.01,0.7
6836,131.0,99,True,5,0,0,26,99,goal_reached,0.01,0.7
6837,-66.0,100,False,4,0,0,26,,energy_depleted,0.01,0.7
6838,-62.0,100,False,3,0,0,26,,energy_depleted,0.01,0.7
6839,-54.0,100,False,1,0,0,26,,energy_depleted,0.01,0.7
6840,-54.0,100,False,1,0,0,26,,energy_depleted,0.01,0.7
6841,-82.0,100,False,8,0,0,26,,energy_depleted,0.01,0.7
6842,-72.0,100,False,3,1,0,26,,energy_depleted,0.01,0.7
6843,-66.0,100,False,4,0,0,26,,energy_depleted,0.01,0.7
6844,-62.0,100,False,3,0,0,26,,energy_depleted,0.01,0.7
6845,-70.0,100,False,5,0,0,26,,energy_depleted,0.01,0.7
6846,123.0,99,True,7,0,0,26,99,goal_reached,0.01,0.7
6847,131.0,99,True,5,0,0,26,99,goal_reached,0.01,0.7
6848,-58.0,100,False,2,0,0,26,,energy_depleted,0.01,0.7
6849,-88.0,100,False,7,1,0,28,,energy_depleted,0.01,0.7
6850,139.0,99,True,3,0,0,26,99,goal_reached,0.01,0.7
6851,-66.0,100,False,4,0,0,26,,energy_depleted,0.01,0.7
6852,-102.0,100,False,8,2,0,26,,energy_depleted,0.01,0.7
6853,129.0,99,True,3,1,0,26,99,goal_reached,0.01,0.7
6854,-70.0,100,False,5,0,0,26,,energy_depleted,0.01,0.7
6855,-54.0,100,False,1,0,0,26,,energy_depleted,0.01,0.7
6856,-58.0,100,False,2,0,0,26,,energy_depleted,0.01,0.7
6857,-130.0,100,False,10,4,0,26,,energy_depleted,0.01,0.7
6858,-78.0,100,False,7,0,0,26,,energy_depleted,0.01,0.7
6859,-70.0,100,False,5,0,0,26,,energy_depleted,0.01,0.7
6860,-66.0,100,False,4,0,0,26,,energy_depleted,0.01,0.7
6861,-78.0,100,False,7,0,0,26,,energy_depleted,0.01,0.7
6862,-78.0,100,False,2,2,0,26,,energy_depleted,0.01,0.7
6863,-82.0,100,False,8,0,0,26,,energy_depleted,0.01,0.7
6864,123.0,99,True,7,0,0,26,99,goal_reached,0.01,0.7
6865,-70.0,100,False,5,0,0,26,,energy_depleted,0.01,0.7
6866,-74.0,100,False,6,0,0,26,,energy_depleted,0.01,0.7
6867,-70.0,100,False,5,0,0,26,,energy_depleted,0.01,0.7
6868,-74.0,100,False,6,0,0,28,,energy_depleted,0.01,0.7
6869,113.0,99,True,7,1,0,26,99,goal_reached,0.01,0.7
6870,123.0,99,True,7,0,0,26,99,goal_reached,0.01,0.7
6871,-76.0,100,False,4,1,0,26,,energy_depleted,0.01,0.7
6872,131.0,99,True,5,0,0,26,99,goal_reached,0.01,0.7
6873,-70.0,100,False,5,0,0,26,,energy_depleted,0.01,0.7
6874,90.0,100,True,10,2,0,26,100,goal_reached,0.01,0.7
6875,-62.0,100,False,3,0,0,26,,energy_depleted,0.01,0.7
6876,-86.0,100,False,9,0,0,26,,energy_depleted,0.01,0.7
6877,139.0,99,True,3,0,0,26,99,goal_reached,0.01,0.7
6878,138.0,88,True,6,0,0,26,88,goal_reached,0.01,0.7
6879,-82.0,100,False,8,0,0,26,,energy_depleted,0.01,0.7
6880,122.0,88,True,10,0,0,26,88,goal_reached,0.01,0.7
6881,121.0,99,True,5,1,0,26,99,goal_reached,0.01,0.7
6882,-66.0,100,False,4,0,0,26,,energy_depleted,0.01,0.7
6883,139.0,99,True,3,0,0,26,99,goal_reached,0.01,0.7
6884,-62.0,100,False,3,0,0,26,,energy_depleted,0.01,0.7
6885,-54.0,100,False,1,0,0,26,,energy_depleted,0.01,0.7
6886,-86.0,100,False,9,0,0,28,,energy_depleted,0.01,0.7
6887,-72.0,100,False,3,1,0,26,,energy_depleted,0.01,0.7
6888,-88.0,100,False,7,1,0,26,,energy_depleted,0.01,0.7
6889,-74.0,100,False,6,0,0,26,,energy_depleted,0.01,0.7
6890,-62.0,100,False,3,0,0,26,,energy_depleted,0.01,0.7
6891,150.0,100,True,0,0,0,26,100,goal_reached,0.01,0.7
6892,-96.0,100,False,9,1,0,26,,energy_depleted,0.01,0.7
6893,86.0,100,True,6,4,0,26,100,goal_reached,0.01,0.7
6894,-82.0,100,False,8,0,0,26,,energy_depleted,0.01,0.7
6895,131.0,99,True,5,0,0,26,99,goal_reached,0.01,0.7
6896,147.0,99,True,1,0,0,26,99,goal_reached,0.01,0.7
6897,-78.0,100,False,7,0,0,26,,energy_depleted,0.01,0.7
6898,-78.0,100,False,7,0,0,26,,energy_depleted,0.01,0.7
6899,-128.0,100,False,17,1,0,23,,energy_depleted,0.01,0.7
6900,-62.0,100,False,3,0,0,26,,energy_depleted,0.01,0.7
6901,-78.0,100,False,2,2,0,26,,energy_depleted,0.01,0.7
6902,162.0,88,True,0,0,0,26,88,goal_reached,0.01,0.7
6903,-66.0,100,False,4,0,0,26,,energy_depleted,0.01,0.7
6904,-68.0,100,False,2,1,0,26,,energy_depleted,0.01,0.7
6905,-64.0,100,False,1,1,0,26,,energy_depleted,0.01,0.7
6906,-66.0,100,False,4,0,0,26,,energy_depleted,0.01,0.7
6907,-74.0,100,False,6,0,0,26,,energy_depleted,0.01,0.7
6908,-62.0,100,False,3,0,0,26,,energy_depleted,0.01,0.7
6909,123.0,99,True,7,0,0,26,99,goal_reached,0.01,0.7
6910,-74.0,100,False,6,0,0,26,,energy_depleted,0.01,0.7
6911,-58.0,100,False,2,0,0,26,,energy_depleted,0.01,0.7
6912,-62.0,100,False,3,0,0,26,,energy_depleted,0.01,0.7
6913,139.0,99,True,3,0,0,26,99,goal_reached,0.01,0.7
6914,134.0,100,True,4,0,0,26,100,goal_reached,0.01,0.7
6915,-86.0,100,False,9,0,0,26,,energy_depleted,0.01,0.7
6916,119.0,99,True,3,2,0,26,99,goal_reached,0.01,0.7
6917,-70.0,100,False,5,0,0,26,,energy_depleted,0.01,0.7
6918,-102.0,100,False,13,0,0,26,,energy_depleted,0.01,0.7
6919,-70.0,100,False,5,0,0,26,,energy_depleted,0.01,0.7
6920,-76.0,100,False,4,1,0,26,,energy_depleted,0.01,0.7
6921,123.0,99,True,7,0,0,26,99,goal_reached,0.01,0.7
6922,-72.0,100,False,3,1,0,26,,energy_depleted,0.01,0.7
6923,139.0,83,True,7,0,0,26,83,goal_reached,0.01,0.7
6924,-74.0,100,False,6,0,0,28,,energy_depleted,0.01,0.7
6925,139.0,83,True,7,0,0,26,83,goal_reached,0.01,0.7
6926,131.0,99,True,5,0,0,26,99,goal_reached,0.01,0.7
6927,131.0,99,True,5,0,0,26,99,goal_reached,0.01,0.7
6928,-72.0,100,False,3,1,0,26,,energy_depleted,0.01,0.7
6929,123.0,99,True,7,0,0,26,99,goal_reached,0.01,0.7
6930,123.0,99,True,7,0,0,26,99,goal_reached,0.01,0.7
6931,-62.0,100,False,3,0,0,26,,energy_depleted,0.01,0.7
6932,132.0,100,True,2,1,0,26,100,goal_reached,0.01,0.7
6933,-70.0,100,False,5,0,0,26,,energy_depleted,0.01,0.7
6934,123.0,99,True,7,0,0,26,99,goal_reached,0.01,0.7
6935,137.0,99,True,1,1,0,26,99,goal_reached,0.01,0.7
6936,-76.0,100,False,4,1,0,26,,energy_depleted,0.01,0.7
6937,-78.0,100,False,2,2,0,26,,energy_depleted,0.01,0.7
6938,154.0,88,True,2,0,0,26,88,goal_reached,0.01,0.7
6939,-82.0,100,False,8,0,0,40,,energy_depleted,0.01,0.7
6940,146.0,88,True,4,0,0,26,88,goal_reached,0.01,0.7
6941,115.0,99,True,9,0,0,26,99,goal_reached,0.01,0.7
6942,146.0,88,True,4,0,0,26,88,goal_reached,0.01,0.7
6943,151.0,87,True,3,0,0,26,87,goal_reached,0.01,0.7
6944,152.0,88,True,0,1,0,26,88,goal_reached,0.01,0.7
6945,159.0,87,True,1,0,0,26,87,goal_reached,0.01,0.7
6946,137.0,85,True,7,0,0,26,85,goal_reached,0.01,0.7
6947,123.0,99,True,7,0,0,26,99,goal_reached,0.01,0.7
6948,129.0,99,True,3,1,0,26,99,goal_reached,0.01,0.7
6949,-92.0,100,False,8,1,0,26,,energy_depleted,0.01,0.7
6950,-92.0,100,False,8,1,0,28,,energy_depleted,0.01,0.7
6951,-104.0,100,False,6,3,0,26,,energy_depleted,0.01,0.7
6952,-64.0,100,False,1,1,0,26,,energy_depleted,0.01,0.7
6953,59.0,99,True,23,0,0,26,99,goal_reached,0.01,0.7
6954,110.0,100,True,10,0,0,26,100,goal_reached,0.01,0.7
6955,146.0,88,True,4,0,0,26,88,goal_reached,0.01,0.7
6956,-66.0,100,False,4,0,0,26,,energy_depleted,0.01,0.7
6957,142.0,100,True,2,0,0,26,100,goal_reached,0.01,0.7
6958,-68.0,100,False,2,1,0,26,,energy_depleted,0.01,0.7
6959,121.0,99,True,5,1,0,26,99,goal_reached,0.01,0.7
6960,-54.0,100,False,1,0,0,26,,energy_depleted,0.01,0.7
6961,-78.0,100,False,7,0,0,26,,energy_depleted,0.01,0.7
6962,-102.0,100,False,13,0,0,26,,energy_depleted,0.01,0.7
6963,-90.0,100,False,10,0,0,26,,energy_depleted,0.01,0.7
6964,-58.0,100,False,2,0,0,26,,energy_depleted,0.01,0.7
6965,-62.0,100,False,3,0,0,26,,energy_depleted,0.01,0.7
6966,-62.0,100,False,3,0,0,28,,energy_depleted,0.01,0.7
6967,-78.0,100,False,7,0,0,26,,energy_depleted,0.01,0.7
6968,-94.0,100,False,11,0,0,26,,energy_depleted,0.01,0.7
6969,-82.0,100,False,8,0,0,26,,energy_depleted,0.01,0.7
6970,-66.0,100,False,4,0,0,26,,energy_depleted,0.01,0.7
6971,-66.0,100,False,4,0,0,26,,energy_depleted,0.01,0.7
6972,-72.0,100,False,3,1,0,26,,energy_depleted,0.01,0.7
6973,-62.0,100,False,3,0,0,26,,energy_depleted,0.01,0.7
6974,-58.0,100,False,2,0,0,26,,energy_depleted,0.01,0.7
6975,-76.0,100,False,4,1,0,26,,energy_depleted,0.01,0.7
6976,123.0,99,True,7,0,0,26,99,goal_reached,0.01,0.7
6977,-102.0,100,False,13,0,0,26,,energy_depleted,0.01,0.7
6978,-64.0,100,False,1,1,0,26,,energy_depleted,0.01,0.7
6979,-150.0,100,False,20,2,0,28,,energy_depleted,0.01,0.7
6980,154.0,88,True,2,0,0,26,88,goal_reached,0.01,0.7
6981,-78.0,100,False,7,0,0,26,,energy_depleted,0.01,0.7
6982,162.0,88,True,0,0,0,26,88,goal_reached,0.01,0.7
6983,126.0,100,True,6,0,0,26,100,goal_reached,0.01,0.7
6984,123.0,99,True,7,0,0,26,99,goal_reached,0.01,0.7
6985,-86.0,100,False,9,0,0,26,,energy_depleted,0.01,0.7
6986,147.0,99,True,1,0,0,26,99,goal_reached,0.01,0.7
6987,-66.0,100,False,4,0,0,26,,energy_depleted,0.01,0.7
6988,-64.0,100,False,1,1,0,26,,energy_depleted,0.01,0.7
6989,121.0,99,True,5,1,0,26,99,goal_reached,0.01,0.7
6990,-90.0,100,False,10,0,0,26,,energy_depleted,0.01,0.7
6991,-94.0,100,False,11,0,0,26,,energy_depleted,0.01,0.7
6992,146.0,88,True,4,0,0,26,88,goal_reached,0.01,0.7
6993,-70.0,100,False,5,0,0,26,,energy_depleted,0.01,0.7
6994,142.0,100,True,2,0,0,26,100,goal_reached,0.01,0.7
6995,-70.0,100,False,5,0,0,26,,energy_depleted,0.01,0.7
6996,151.0,87,True,3,0,0,26,87,goal_reached,0.01,0.7
6997,-74.0,100,False,6,0,0,26,,energy_depleted,0.01,0.7
6998,131.0,99,True,5,0,0,26,99,goal_reached,0.01,0.7
6999,-78.0,100,False,7,0,0,26,,energy_depleted,0.01,0.7
7000,-84.0,100,False,1,3,0,26,,energy_depleted,0.01,0.7
7001,130.0,88,True,8,0,0,26,88,goal_reached,0.01,0.7
7002,151.0,87,True,3,0,0,26,87,goal_reached,0.01,0.7
7003,-82.0,100,False,8,0,0,26,,energy_depleted,0.01,0.7
7004,105.0,99,True,9,1,0,26,99,goal_reached,0.01,0.7
7005,-62.0,100,False,3,0,0,26,,energy_depleted,0.01,0.7
7006,126.0,100,True,6,0,0,26,100,goal_reached,0.01,0.7
7007,-62.0,100,False,3,0,0,26,,energy_depleted,0.01,0.7
7008,137.0,99,True,1,1,0,26,99,goal_reached,0.01,0.7
7009,99.0,99,True,13,0,0,26,99,goal_reached,0.01,0.7
7010,139.0,99,True,3,0,0,26,99,goal_reached,0.01,0.7
7011,-82.0,100,False,8,0,0,28,,energy_depleted,0.01,0.7
7012,-66.0,100,False,4,0,0,26,,energy_depleted,0.01,0.7
7013,131.0,99,True,5,0,0,26,99,goal_reached,0.01,0.7
7014,-82.0,100,False,8,0,0,26,,energy_depleted,0.01,0.7
7015,-54.0,100,False,1,0,0,26,,energy_depleted,0.01,0.7
7016,-62.0,100,False,3,0,0,26,,energy_depleted,0.01,0.7
7017,-82.0,100,False,8,0,0,26,,energy_depleted,0.01,0.7
7018,134.0,100,True,4,0,0,26,100,goal_reached,0.01,0.7
7019,123.0,99,True,7,0,0,26,99,goal_reached,0.01,0.7
7020,-78.0,100,False,7,0,0,26,,energy_depleted,0.01,0.7
7021,-106.0,100,False,14,0,0,26,,energy_depleted,0.01,0.7
7022,-74.0,100,False,6,0,0,26,,energy_depleted,0.01,0.7
7023,-58.0,100,False,2,0,0,26,,energy_depleted,0.01,0.7
7024,-116.0,100,False,14,1,0,23,,energy_depleted,0.01,0.7
7025,-74.0,100,False,6,0,0,26,,energy_depleted,0.01,0.7
7026,-54.0,100,False,1,0,0,26,,energy_depleted,0.01,0.7
7027,-70.0,100,False,5,0,0,26,,energy_depleted,0.01,0.7
7028,-66.0,100,False,4,0,0,26,,energy_depleted,0.01,0.7
7029,139.0,99,True,3,0,0,26,99,goal_reached,0.01,0.7
7030,147.0,99,True,1,0,0,26,99,goal_reached,0.01,0.7
7031,-70.0,100,False,5,0,0,26,,energy_depleted,0.01,0.7
7032,131.0,99,True,5,0,0,26,99,goal_reached,0.01,0.7
7033,147.0,99,True,1,0,0,26,99,goal_reached,0.01,0.7
7034,139.0,99,True,3,0,0,26,99,goal_reached,0.01,0.7
7035,115.0,99,True,9,0,0,26,99,goal_reached,0.01,0.7
7036,-70.0,100,False,5,0,0,26,,energy_depleted,0.01,0.7
7037,123.0,99,True,7,0,0,26,99,goal_reached,0.01,0.7
7038,-74.0,100,False,6,0,0,26,,energy_depleted,0.01,0.7
7039,-78.0,100,False,7,0,0,26,,energy_depleted,0.01,0.7
7040,-116.0,100,False,9,3,0,26,,energy_depleted,0.01,0.7
7041,-50.0,100,False,0,0,0,26,,energy_depleted,0.01,0.7
7042,139.0,83,True,7,0,0,26,83,goal_reached,0.01,0.7
7043,-86.0,100,False,4,2,0,26,,energy_depleted,0.01,0.7
7044,-54.0,100,False,1,0,0,26,,energy_depleted,0.01,0.7
7045,-66.0,100,False,4,0,0,26,,energy_depleted,0.01,0.7
7046,123.0,99,True,7,0,0,26,99,goal_reached,0.01,0.7
7047,-84.0,100,False,6,1,0,23,,energy_depleted,0.01,0.7
7048,139.0,99,True,3,0,0,26,99,goal_reached,0.01,0.7
7049,107.0,99,True,11,0,0,26,99,goal_reached,0.01,0.7
7050,107.0,99,True,11,0,0,26,99,goal_reached,0.01,0.7
7051,-82.0,100,False,8,0,0,26,,energy_depleted,0.01,0.7
7052,139.0,99,True,3,0,0,26,99,goal_reached,0.01,0.7
7053,-74.0,100,False,6,0,0,26,,energy_depleted,0.01,0.7
7054,-82.0,100,False,3,2,0,26,,energy_depleted,0.01,0.7
7055,-70.0,100,False,5,0,0,26,,energy_depleted,0.01,0.7
7056,-62.0,100,False,3,0,0,26,,energy_depleted,0.01,0.7
7057,-62.0,100,False,3,0,0,26,,energy_depleted,0.01,0.7
7058,123.0,99,True,7,0,0,26,99,goal_reached,0.01,0.7
7059,131.0,99,True,5,0,0,26,99,goal_reached,0.01,0.7
7060,136.0,88,True,4,1,0,26,88,goal_reached,0.01,0.7
7061,-74.0,100,False,6,0,0,26,,energy_depleted,0.01,0.7
7062,-98.0,100,False,12,0,0,26,,energy_depleted,0.01,0.7
7063,131.0,99,True,5,0,0,26,99,goal_reached,0.01,0.7
7064,-72.0,100,False,3,1,0,26,,energy_depleted,0.01,0.7
7065,-66.0,100,False,4,0,0,26,,energy_depleted,0.01,0.7
7066,138.0,88,True,6,0,0,26,88,goal_reached,0.01,0.7
7067,-62.0,100,False,3,0,0,26,,energy_depleted,0.01,0.7
7068,-98.0,100,False,12,0,0,29,,energy_depleted,0.01,0.7
7069,-86.0,100,False,4,2,0,26,,energy_depleted,0.01,0.7
7070,-62.0,100,False,3,0,0,26,,energy_depleted,0.01,0.7
7071,131.0,99,True,5,0,0,26,99,goal_reached,0.01,0.7
7072,-88.0,100,False,7,1,0,26,,energy_depleted,0.01,0.7
7073,-66.0,100,False,4,0,0,26,,energy_depleted,0.01,0.7
7074,139.0,99,True,3,0,0,26,99,goal_reached,0.01,0.7
7075,-90.0,100,False,10,0,0,23,,energy_depleted,0.01,0.7
7076,-84.0,100,False,6,1,0,26,,energy_depleted,0.01,0.7
7077,-122.0,100,False,8,4,0,26,,energy_depleted,0.01,0.7
7078,-54.0,100,False,1,0,0,26,,energy_depleted,0.01,0.7
7079,-110.0,100,False,15,0,0,28,,energy_depleted,0.01,0.7
7080,-66.0,100,False,4,0,0,28,,energy_depleted,0.01,0.7
7081,-58.0,100,False,2,0,0,26,,energy_depleted,0.01,0.7
7082,-54.0,100,False,1,0,0,26,,energy_depleted,0.01,0.7
7083,-106.0,100,False,9,2,0,26,,energy_depleted,0.01,0.7
7084,-146.0,100,False,19,2,0,26,,energy_depleted,0.01,0.7
7085,-70.0,100,False,5,0,0,28,,energy_depleted,0.01,0.7
7086,-98.0,100,False,12,0,0,26,,energy_depleted,0.01,0.7
7087,-58.0,100,False,2,0,0,26,,energy_depleted,0.01,0.7
7088,-86.0,100,False,9,0,0,26,,energy_depleted,0.01,0.7
7089,-82.0,100,False,8,0,0,26,,energy_depleted,0.01,0.7
7090,-78.0,100,False,7,0,0,26,,energy_depleted,0.01,0.7
7091,-70.0,100,False,5,0,0,23,,energy_depleted,0.01,0.7
7092,-70.0,100,False,5,0,0,26,,energy_depleted,0.01,0.7
7093,-86.0,100,False,9,0,0,26,,energy_depleted,0.01,0.7
7094,-58.0,100,False,2,0,0,26,,energy_depleted,0.01,0.7
7095,-100.0,100,False,10,1,0,26,,energy_depleted,0.01,0.7
7096,-80.0,100,False,5,1,0,26,,energy_depleted,0.01,0.7
7097,-70.0,100,False,5,0,0,26,,energy_depleted,0.01,0.7
7098,-54.0,100,False,1,0,0,26,,energy_depleted,0.01,0.7
7099,-82.0,100,False,8,0,0,26,,energy_depleted,0.01,0.7
7100,-114.0,100,False,16,0,0,26,,energy_depleted,0.01,0.7
7101,-62.0,100,False,3,0,0,26,,energy_depleted,0.01,0.7
7102,-54.0,100,False,1,0,0,26,,energy_depleted,0.01,0.7
7103,-88.0,100,False,2,3,0,28,,energy_depleted,0.01,0.7
7104,-62.0,100,False,3,0,0,26,,energy_depleted,0.01,0.7
7105,-134.0,100,False,16,2,0,26,,energy_depleted,0.01,0.7
7106,-90.0,100,False,10,0,0,26,,energy_depleted,0.01,0.7
7107,-62.0,100,False,3,0,0,28,,energy_depleted,0.01,0.7
7108,-58.0,100,False,2,0,0,26,,energy_depleted,0.01,0.7
7109,-50.0,100,False,0,0,0,26,,energy_depleted,0.01,0.7
7110,-116.0,100,False,14,1,0,23,,energy_depleted,0.01,0.7
7111,-62.0,100,False,3,0,0,26,,energy_depleted,0.01,0.7
7112,-58.0,100,False,2,0,0,26,,energy_depleted,0.01,0.7
7113,-68.0,100,False,2,1,0,26,,energy_depleted,0.01,0.7
7114,-98.0,100,False,12,0,0,26,,energy_depleted,0.01,0.7
7115,-128.0,100,False,12,3,0,26,,energy_depleted,0.01,0.7
7116,-66.0,100,False,4,0,0,26,,energy_depleted,0.01,0.7
7117,-64.0,100,False,1,1,0,26,,energy_depleted,0.01,0.7
7118,-70.0,100,False,5,0,0,26,,energy_depleted,0.01,0.7
7119,-66.0,100,False,4,0,0,26,,energy_depleted,0.01,0.7
7120,-54.0,100,False,1,0,0,26,,energy_depleted,0.01,0.7
7121,-78.0,100,False,7,0,0,26,,energy_depleted,0.01,0.7
7122,-74.0,100,False,6,0,0,26,,energy_depleted,0.01,0.7
7123,-74.0,100,False,6,0,0,26,,energy_depleted,0.01,0.7
7124,-58.0,100,False,2,0,0,26,,energy_depleted,0.01,0.7
7125,-136.0,100,False,14,3,0,26,,energy_depleted,0.01,0.7
7126,-70.0,100,False,5,0,0,26,,energy_depleted,0.01,0.7
7127,-62.0,100,False,3,0,0,26,,energy_depleted,0.01,0.7
7128,-90.0,100,False,10,0,0,26,,energy_depleted,0.01,0.7
7129,-82.0,100,False,8,0,0,26,,energy_depleted,0.01,0.7
7130,-96.0,100,False,9,1,0,26,,energy_depleted,0.01,0.7
7131,-62.0,100,False,3,0,0,28,,energy_depleted,0.01,0.7
7132,-92.0,100,False,8,1,0,26,,energy_depleted,0.01,0.7
7133,-76.0,100,False,4,1,0,26,,energy_depleted,0.01,0.7
7134,-104.0,100,False,11,1,0,26,,energy_depleted,0.01,0.7
7135,-102.0,100,False,8,2,0,26,,energy_depleted,0.01,0.7
7136,-58.0,100,False,2,0,0,26,,energy_depleted,0.01,0.7
7137,-78.0,100,False,7,0,0,26,,energy_depleted,0.01,0.7
7138,-58.0,100,False,2,0,0,26,,energy_depleted,0.01,0.7
7139,-54.0,100,False,1,0,0,26,,energy_depleted,0.01,0.7
7140,-58.0,100,False,2,0,0,26,,energy_depleted,0.01,0.7
7141,-74.0,100,False,6,0,0,26,,energy_depleted,0.01,0.7
7142,-66.0,100,False,4,0,0,26,,energy_depleted,0.01,0.7
7143,-102.0,100,False,13,0,0,26,,energy_depleted,0.01,0.7
7144,-74.0,100,False,6,0,0,26,,energy_depleted,0.01,0.7
7145,-74.0,100,False,6,0,0,26,,energy_depleted,0.01,0.7
7146,-62.0,100,False,3,0,0,26,,energy_depleted,0.01,0.7
7147,-96.0,100,False,9,1,0,26,,energy_depleted,0.01,0.7
7148,-74.0,100,False,6,0,0,26,,energy_depleted,0.01,0.7
7149,-54.0,100,False,1,0,0,26,,energy_depleted,0.01,0.7
7150,-100.0,100,False,10,1,0,26,,energy_depleted,0.01,0.7
7151,-70.0,100,False,5,0,0,26,,energy_depleted,0.01,0.7
7152,-86.0,100,False,9,0,0,26,,energy_depleted,0.01,0.7
7153,-70.0,100,False,5,0,0,29,,energy_depleted,0.01,0.7
7154,-74.0,100,False,6,0,0,26,,energy_depleted,0.01,0.7
7155,-82.0,100,False,8,0,0,26,,energy_depleted,0.01,0.7
7156,-106.0,100,False,14,0,0,26,,energy_depleted,0.01,0.7
7157,-78.0,100,False,7,0,0,26,,energy_depleted,0.01,0.7
7158,-86.0,100,False,9,0,0,26,,energy_depleted,0.01,0.7
7159,-66.0,100,False,4,0,0,26,,energy_depleted,0.01,0.7
7160,-108.0,100,False,12,1,0,26,,energy_depleted,0.01,0.7
7161,-94.0,100,False,11,0,0,26,,energy_depleted,0.01,0.7
7162,-66.0,100,False,4,0,0,26,,energy_depleted,0.01,0.7
7163,-74.0,100,False,6,0,0,26,,energy_depleted,0.01,0.7
7164,-70.0,100,False,5,0,0,26,,energy_depleted,0.01,0.7
7165,-116.0,100,False,14,1,0,26,,energy_depleted,0.01,0.7
7166,-66.0,100,False,4,0,0,26,,energy_depleted,0.01,0.7
7167,-66.0,100,False,4,0,0,26,,energy_depleted,0.01,0.7
7168,-98.0,100,False,12,0,0,26,,energy_depleted,0.01,0.7
7169,-88.0,100,False,7,1,0,26,,energy_depleted,0.01,0.7
7170,-58.0,100,False,2,0,0,26,,energy_depleted,0.01,0.7
7171,-70.0,100,False,5,0,0,26,,energy_depleted,0.01,0.7
7172,-66.0,100,False,4,0,0,26,,energy_depleted,0.01,0.7
7173,-90.0,100,False,10,0,0,26,,energy_depleted,0.01,0.7
7174,-54.0,100,False,1,0,0,26,,energy_depleted,0.01,0.7
7175,-54.0,100,False,1,0,0,26,,energy_depleted,0.01,0.7
7176,-90.0,100,False,10,0,0,26,,energy_depleted,0.01,0.7
7177,-78.0,100,False,7,0,0,26,,energy_depleted,0.01,0.7
7178,-50.0,100,False,0,0,0,26,,energy_depleted,0.01,0.7
7179,-70.0,100,False,5,0,0,28,,energy_depleted,0.01,0.7
7180,-70.0,100,False,5,0,0,26,,energy_depleted,0.01,0.7
7181,-58.0,100,False,2,0,0,26,,energy_depleted,0.01,0.7
7182,-98.0,100,False,12,0,0,26,,energy_depleted,0.01,0.7
7183,-74.0,100,False,6,0,0,26,,energy_depleted,0.01,0.7
7184,-82.0,100,False,8,0,0,26,,energy_depleted,0.01,0.7
7185,-76.0,100,False,4,1,0,26,,energy_depleted,0.01,0.7
7186,-66.0,100,False,4,0,0,26,,energy_depleted,0.01,0.7
7187,-78.0,100,False,7,0,0,26,,energy_depleted,0.01,0.7
7188,-96.0,100,False,9,1,0,26,,energy_depleted,0.01,0.7
7189,-64.0,100,False,1,1,0,26,,energy_depleted,0.01,0.7
7190,-74.0,100,False,6,0,0,26,,energy_depleted,0.01,0.7
7191,-74.0,100,False,6,0,0,26,,energy_depleted,0.01,0.7
7192,-74.0,100,False,6,0,0,26,,energy_depleted,0.01,0.7
7193,-82.0,100,False,8,0,0,26,,energy_depleted,0.01,0.7
7194,-62.0,100,False,3,0,0,26,,energy_depleted,0.01,0.7
7195,-96.0,100,False,9,1,0,26,,energy_depleted,0.01,0.7
7196,-78.0,100,False,7,0,0,26,,energy_depleted,0.01,0.7
7197,-70.0,100,False,5,0,0,26,,energy_depleted,0.01,0.7
7198,-74.0,100,False,6,0,0,26,,energy_depleted,0.01,0.7
7199,-108.0,100,False,7,3,0,26,,energy_depleted,0.01,0.7
7200,-78.0,100,False,7,0,0,26,,energy_depleted,0.01,0.7
7201,-62.0,100,False,3,0,0,26,,energy_depleted,0.01,0.7
7202,-78.0,100,False,7,0,0,26,,energy_depleted,0.01,0.7
7203,139.0,99,True,3,0,0,28,99,goal_reached,0.01,0.7
7204,-66.0,100,False,4,0,0,26,,energy_depleted,0.01,0.7
7205,-64.0,100,False,1,1,0,26,,energy_depleted,0.01,0.7
7206,-86.0,100,False,9,0,0,26,,energy_depleted,0.01,0.7
7207,-74.0,100,False,6,0,0,26,,energy_depleted,0.01,0.7
7208,-50.0,100,False,0,0,0,26,,energy_depleted,0.01,0.7
7209,-78.0,100,False,7,0,0,26,,energy_depleted,0.01,0.7
7210,-58.0,100,False,2,0,0,26,,energy_depleted,0.01,0.7
7211,-78.0,100,False,7,0,0,26,,energy_depleted,0.01,0.7
7212,-68.0,100,False,2,1,0,26,,energy_depleted,0.01,0.7
7213,-90.0,100,False,10,0,0,26,,energy_depleted,0.01,0.7
7214,-66.0,100,False,4,0,0,26,,energy_depleted,0.01,0.7
7215,-62.0,100,False,3,0,0,26,,energy_depleted,0.01,0.7
7216,-74.0,100,False,6,0,0,26,,energy_depleted,0.01,0.7
7217,-66.0,100,False,4,0,0,26,,energy_depleted,0.01,0.7
7218,134.0,100,True,4,0,0,28,100,goal_reached,0.01,0.7
7219,-166.0,100,False,29,0,0,26,,energy_depleted,0.01,0.7
7220,-70.0,100,False,5,0,0,28,,energy_depleted,0.01,0.7
7221,131.0,99,True,5,0,0,26,99,goal_reached,0.01,0.7
7222,-102.0,100,False,8,2,0,26,,energy_depleted,0.01,0.7
7223,-58.0,100,False,2,0,0,26,,energy_depleted,0.01,0.7
7224,-54.0,100,False,1,0,0,26,,energy_depleted,0.01,0.7
7225,-78.0,100,False,7,0,0,26,,energy_depleted,0.01,0.7
7226,-78.0,100,False,7,0,0,28,,energy_depleted,0.01,0.7
7227,131.0,99,True,5,0,0,26,99,goal_reached,0.01,0.7
7228,-90.0,100,False,10,0,0,26,,energy_depleted,0.01,0.7
7229,-66.0,100,False,4,0,0,26,,energy_depleted,0.01,0.7
7230,139.0,99,True,3,0,0,26,99,goal_reached,0.01,0.7
7231,-58.0,100,False,2,0,0,26,,energy_depleted,0.01,0.7
7232,-58.0,100,False,2,0,0,26,,energy_depleted,0.01,0.7
7233,143.0,87,True,5,0,0,26,87,goal_reached,0.01,0.7
7234,-82.0,100,False,8,0,0,26,,energy_depleted,0.01,0.7
7235,151.0,87,True,3,0,0,26,87,goal_reached,0.01,0.7
7236,-70.0,100,False,5,0,0,26,,energy_depleted,0.01,0.7
7237,-58.0,100,False,2,0,0,26,,energy_depleted,0.01,0.7
7238,-80.0,100,False,5,1,0,26,,energy_depleted,0.01,0.7
7239,-72.0,100,False,3,1,0,28,,energy_depleted,0.01,0.7
7240,-148.0,100,False,12,5,0,26,,energy_depleted,0.01,0.7
7241,-66.0,100,False,4,0,0,26,,energy_depleted,0.01,0.7
7242,-92.0,100,False,8,1,0,26,,energy_depleted,0.01,0.7
7243,121.0,99,True,5,1,0,26,99,goal_reached,0.01,0.7
7244,-68.0,100,False,2,1,0,26,,energy_depleted,0.01,0.7
7245,131.0,99,True,5,0,0,26,99,goal_reached,0.01,0.7
7246,-62.0,100,False,3,0,0,26,,energy_depleted,0.01,0.7
7247,-68.0,100,False,2,1,0,26,,energy_depleted,0.01,0.7
7248,-134.0,100,False,16,2,0,26,,energy_depleted,0.01,0.7
7249,-186.0,100,False,24,4,0,26,,energy_depleted,0.01,0.7
7250,-110.0,100,False,10,2,0,26,,energy_depleted,0.01,0.7
7251,-84.0,100,False,6,1,0,26,,energy_depleted,0.01,0.7
7252,-54.0,100,False,1,0,0,26,,energy_depleted,0.01,0.7
7253,-70.0,100,False,5,0,0,26,,energy_depleted,0.01,0.7
7254,-62.0,100,False,3,0,0,26,,energy_depleted,0.01,0.7
7255,-88.0,100,False,7,1,0,26,,energy_depleted,0.01,0.7
7256,131.0,99,True,5,0,0,26,99,goal_reached,0.01,0.7
7257,-70.0,100,False,5,0,0,26,,energy_depleted,0.01,0.7
7258,-92.0,100,False,8,1,0,26,,energy_depleted,0.01,0.7
7259,-74.0,100,False,6,0,0,26,,energy_depleted,0.01,0.7
7260,-92.0,100,False,8,1,0,26,,energy_depleted,0.01,0.7
7261,-58.0,100,False,2,0,0,26,,energy_depleted,0.01,0.7
7262,-82.0,100,False,8,0,0,28,,energy_depleted,0.01,0.7
7263,-58.0,100,False,2,0,0,26,,energy_depleted,0.01,0.7
7264,-94.0,100,False,11,0,0,26,,energy_depleted,0.01,0.7
7265,-98.0,100,False,12,0,0,26,,energy_depleted,0.01,0.7
7266,131.0,99,True,5,0,0,26,99,goal_reached,0.01,0.7
7267,-62.0,100,False,3,0,0,26,,energy_depleted,0.01,0.7
7268,-78.0,100,False,7,0,0,26,,energy_depleted,0.01,0.7
7269,-66.0,100,False,4,0,0,26,,energy_depleted,0.01,0.7
7270,-94.0,100,False,11,0,0,26,,energy_depleted,0.01,0.7
7271,-70.0,100,False,5,0,0,26,,energy_depleted,0.01,0.7
7272,-72.0,100,False,3,1,0,26,,energy_depleted,0.01,0.7
7273,-66.0,100,False,4,0,0,26,,energy_depleted,0.01,0.7
7274,-82.0,100,False,8,0,0,26,,energy_depleted,0.01,0.7
7275,-78.0,100,False,7,0,0,26,,energy_depleted,0.01,0.7
7276,-72.0,100,False,3,1,0,26,,energy_depleted,0.01,0.7
7277,-106.0,100,False,14,0,0,26,,energy_depleted,0.01,0.7
7278,-78.0,100,False,7,0,0,26,,energy_depleted,0.01,0.7
7279,-62.0,100,False,3,0,0,26,,energy_depleted,0.01,0.7
7280,-104.0,100,False,11,1,0,26,,energy_depleted,0.01,0.7
7281,-92.0,100,False,8,1,0,26,,energy_depleted,0.01,0.7
7282,-58.0,100,False,2,0,0,26,,energy_depleted,0.01,0.7
7283,-70.0,100,False,5,0,0,26,,energy_depleted,0.01,0.7
7284,-86.0,100,False,9,0,0,26,,energy_depleted,0.01,0.7
7285,-112.0,100,False,8,3,0,28,,energy_depleted,0.01,0.7
7286,-94.0,100,False,11,0,0,26,,energy_depleted,0.01,0.7
7287,-54.0,100,False,1,0,0,26,,energy_depleted,0.01,0.7
7288,-84.0,100,False,6,1,0,26,,energy_depleted,0.01,0.7
7289,-70.0,100,False,5,0,0,26,,energy_depleted,0.01,0.7
7290,-58.0,100,False,2,0,0,26,,energy_depleted,0.01,0.7
7291,-86.0,100,False,9,0,0,26,,energy_depleted,0.01,0.7
7292,-70.0,100,False,5,0,0,26,,energy_depleted,0.01,0.7
7293,-82.0,100,False,3,2,0,26,,energy_depleted,0.01,0.7
7294,-76.0,100,False,4,1,0,26,,energy_depleted,0.01,0.7
7295,-120.0,100,False,5,5,0,26,,energy_depleted,0.01,0.7
7296,-62.0,100,False,3,0,0,26,,energy_depleted,0.01,0.7
7297,-94.0,100,False,11,0,0,26,,energy_depleted,0.01,0.7
7298,-78.0,100,False,7,0,0,26,,energy_depleted,0.01,0.7
7299,-66.0,100,False,4,0,0,26,,energy_depleted,0.01,0.7
7300,-82.0,100,False,8,0,0,26,,energy_depleted,0.01,0.7
7301,-50.0,100,False,0,0,0,26,,energy_depleted,0.01,0.7
7302,-74.0,100,False,6,0,0,26,,energy_depleted,0.01,0.7
7303,-70.0,100,False,5,0,0,26,,energy_depleted,0.01,0.7
7304,-134.0,100,False,21,0,0,26,,energy_depleted,0.01,0.7
7305,-82.0,100,False,8,0,0,26,,energy_depleted,0.01,0.7
7306,-102.0,100,False,13,0,0,26,,energy_depleted,0.01,0.7
7307,-62.0,100,False,3,0,0,26,,energy_depleted,0.01,0.7
7308,-110.0,100,False,10,2,0,26,,energy_depleted,0.01,0.7
7309,-86.0,100,False,9,0,0,26,,energy_depleted,0.01,0.7
7310,-78.0,100,False,7,0,0,26,,energy_depleted,0.01,0.7
7311,-62.0,100,False,3,0,0,26,,energy_depleted,0.01,0.7
7312,-112.0,100,False,13,1,0,26,,energy_depleted,0.01,0.7
7313,105.0,99,True,9,1,0,26,99,goal_reached,0.01,0.7
7314,-136.0,100,False,14,3,0,26,,energy_depleted,0.01,0.7
7315,-58.0,100,False,2,0,0,26,,energy_depleted,0.01,0.7
7316,-74.0,100,False,6,0,0,26,,energy_depleted,0.01,0.7
7317,-94.0,100,False,11,0,0,26,,energy_depleted,0.01,0.7
7318,-76.0,100,False,4,1,0,26,,energy_depleted,0.01,0.7
7319,-62.0,100,False,3,0,0,26,,energy_depleted,0.01,0.7
7320,-96.0,100,False,9,1,0,26,,energy_depleted,0.01,0.7
7321,-80.0,100,False,5,1,0,26,,energy_depleted,0.01,0.7
7322,105.0,99,True,9,1,0,28,99,goal_reached,0.01,0.7
7323,-90.0,100,False,10,0,0,26,,energy_depleted,0.01,0.7
7324,-66.0,100,False,4,0,0,26,,energy_depleted,0.01,0.7
7325,-74.0,100,False,6,0,0,26,,energy_depleted,0.01,0.7
7326,-82.0,100,False,8,0,0,26,,energy_depleted,0.01,0.7
7327,-62.0,100,False,3,0,0,26,,energy_depleted,0.01,0.7
7328,-78.0,100,False,7,0,0,26,,energy_depleted,0.01,0.7
7329,-114.0,100,False,16,0,0,26,,energy_depleted,0.01,0.7
7330,-70.0,100,False,5,0,0,26,,energy_depleted,0.01,0.7
7331,-80.0,100,False,5,1,0,26,,energy_depleted,0.01,0.7
7332,-98.0,100,False,12,0,0,26,,energy_depleted,0.01,0.7
7333,-62.0,100,False,3,0,0,26,,energy_depleted,0.01,0.7
7334,-78.0,100,False,7,0,0,26,,energy_depleted,0.01,0.7
7335,-58.0,100,False,2,0,0,26,,energy_depleted,0.01,0.7
7336,-74.0,100,False,6,0,0,26,,energy_depleted,0.01,0.7
7337,-86.0,100,False,9,0,0,26,,energy_depleted,0.01,0.7
7338,-54.0,100,False,1,0,0,26,,energy_depleted,0.01,0.7
7339,-62.0,100,False,3,0,0,26,,energy_depleted,0.01,0.7
7340,-132.0,100,False,13,3,0,26,,energy_depleted,0.01,0.7
7341,-66.0,100,False,4,0,0,26,,energy_depleted,0.01,0.7
7342,-70.0,100,False,5,0,0,26,,energy_depleted,0.01,0.7
7343,-78.0,100,False,7,0,0,28,,energy_depleted,0.01,0.7
7344,-76.0,100,False,4,1,0,26,,energy_depleted,0.01,0.7
7345,-86.0,100,False,9,0,0,26,,energy_depleted,0.01,0.7
7346,-82.0,100,False,8,0,0,26,,energy_depleted,0.01,0.7
7347,-54.0,100,False,1,0,0,26,,energy_depleted,0.01,0.7
7348,-58.0,100,False,2,0,0,26,,energy_depleted,0.01,0.7
7349,-88.0,100,False,7,1,0,26,,energy_depleted,0.01,0.7
7350,-82.0,100,False,8,0,0,26,,energy_depleted,0.01,0.7
7351,-66.0,100,False,4,0,0,26,,energy_depleted,0.01,0.7
7352,-90.0,100,False,10,0,0,26,,energy_depleted,0.01,0.7
7353,-82.0,100,False,8,0,0,28,,energy_depleted,0.01,0.7
7354,-138.0,100,False,17,2,0,26,,energy_depleted,0.01,0.7
7355,-70.0,100,False,5,0,0,26,,energy_depleted,0.01,0.7
7356,-94.0,100,False,11,0,0,26,,energy_depleted,0.01,0.7
7357,-94.0,100,False,11,0,0,26,,energy_depleted,0.01,0.7
7358,-82.0,100,False,8,0,0,26,,energy_depleted,0.01,0.7
7359,-70.0,100,False,5,0,0,26,,energy_depleted,0.01,0.7
7360,-74.0,100,False,6,0,0,26,,energy_depleted,0.01,0.7
7361,91.0,99,True,5,4,0,26,99,goal_reached,0.01,0.7
7362,-78.0,100,False,7,0,0,26,,energy_depleted,0.01,0.7
7363,-70.0,100,False,5,0,0,26,,energy_depleted,0.01,0.7
7364,-70.0,100,False,5,0,0,26,,energy_depleted,0.01,0.7
7365,-70.0,100,False,5,0,0,26,,energy_depleted,0.01,0.7
7366,-54.0,100,False,1,0,0,26,,energy_depleted,0.01,0.7
7367,-90.0,100,False,10,0,0,26,,energy_depleted,0.01,0.7
7368,139.0,99,True,3,0,0,26,99,goal_reached,0.01,0.7
7369,-62.0,100,False,3,0,0,26,,energy_depleted,0.01,0.7
7370,-86.0,100,False,9,0,0,26,,energy_depleted,0.01,0.7
7371,-78.0,100,False,7,0,0,26,,energy_depleted,0.01,0.7
7372,-66.0,100,False,4,0,0,26,,energy_depleted,0.01,0.7
7373,-74.0,100,False,6,0,0,26,,energy_depleted,0.01,0.7
7374,-82.0,100,False,8,0,0,26,,energy_depleted,0.01,0.7
7375,-84.0,100,False,6,1,0,26,,energy_depleted,0.01,0.7
7376,-86.0,100,False,9,0,0,26,,energy_depleted,0.01,0.7
7377,-122.0,100,False,13,2,0,26,,energy_depleted,0.01,0.7
7378,-86.0,100,False,9,0,0,26,,energy_depleted,0.01,0.7
7379,-74.0,100,False,6,0,0,26,,energy_depleted,0.01,0.7
7380,-76.0,100,False,4,1,0,26,,energy_depleted,0.01,0.7
7381,-90.0,100,False,10,0,0,26,,energy_depleted,0.01,0.7
7382,-74.0,100,False,6,0,0,26,,energy_depleted,0.01,0.7
7383,-74.0,100,False,6,0,0,26,,energy_depleted,0.01,0.7
7384,-82.0,100,False,8,0,0,26,,energy_depleted,0.01,0.7
7385,-90.0,100,False,10,0,0,26,,energy_depleted,0.01,0.7
7386,-78.0,100,False,7,0,0,26,,energy_depleted,0.01,0.7
7387,-62.0,100,False,3,0,0,26,,energy_depleted,0.01,0.7
7388,-62.0,100,False,3,0,0,26,,energy_depleted,0.01,0.7
7389,-78.0,100,False,7,0,0,26,,energy_depleted,0.01,0.7
7390,-122.0,100,False,13,2,0,26,,energy_depleted,0.01,0.7
7391,-66.0,100,False,4,0,0,26,,energy_depleted,0.01,0.7
7392,-90.0,100,False,10,0,0,26,,energy_depleted,0.01,0.7
7393,-54.0,100,False,1,0,0,26,,energy_depleted,0.01,0.7
7394,-62.0,100,False,3,0,0,26,,energy_depleted,0.01,0.7
7395,-74.0,100,False,6,0,0,26,,energy_depleted,0.01,0.7
7396,-76.0,100,False,4,1,0,28,,energy_depleted,0.01,0.7
7397,-90.0,100,False,10,0,0,26,,energy_depleted,0.01,0.7
7398,-74.0,100,False,6,0,0,26,,energy_depleted,0.01,0.7
7399,-62.0,100,False,3,0,0,26,,energy_depleted,0.01,0.7
7400,-58.0,100,False,2,0,0,26,,energy_depleted,0.01,0.7
7401,-62.0,100,False,3,0,0,26,,energy_depleted,0.01,0.7
7402,-70.0,100,False,5,0,0,26,,energy_depleted,0.01,0.7
7403,-114.0,100,False,16,0,0,26,,energy_depleted,0.01,0.7
7404,-58.0,100,False,2,0,0,26,,energy_depleted,0.01,0.7
7405,-58.0,100,False,2,0,0,26,,energy_depleted,0.01,0.7
7406,-106.0,100,False,14,0,0,26,,energy_depleted,0.01,0.7
7407,-70.0,100,False,5,0,0,26,,energy_depleted,0.01,0.7
7408,-66.0,100,False,4,0,0,26,,energy_depleted,0.01,0.7
7409,-70.0,100,False,5,0,0,26,,energy_depleted,0.01,0.7
7410,-120.0,100,False,15,1,0,26,,energy_depleted,0.01,0.7
7411,-66.0,100,False,4,0,0,26,,energy_depleted,0.01,0.7
7412,-66.0,100,False,4,0,0,26,,energy_depleted,0.01,0.7
7413,123.0,99,True,7,0,0,26,99,goal_reached,0.01,0.7
7414,-112.0,100,False,13,1,0,26,,energy_depleted,0.01,0.7
7415,-70.0,100,False,5,0,0,26,,energy_depleted,0.01,0.7
7416,-74.0,100,False,6,0,0,26,,energy_depleted,0.01,0.7
7417,-70.0,100,False,5,0,0,26,,energy_depleted,0.01,0.7
7418,-58.0,100,False,2,0,0,26,,energy_depleted,0.01,0.7
7419,-110.0,100,False,10,2,0,26,,energy_depleted,0.01,0.7
7420,-78.0,100,False,7,0,0,26,,energy_depleted,0.01,0.7
7421,-70.0,100,False,5,0,0,26,,energy_depleted,0.01,0.7
7422,-66.0,100,False,4,0,0,26,,energy_depleted,0.01,0.7
7423,-54.0,100,False,1,0,0,26,,energy_depleted,0.01,0.7
7424,-66.0,100,False,4,0,0,26,,energy_depleted,0.01,0.7
7425,-62.0,100,False,3,0,0,26,,energy_depleted,0.01,0.7
7426,-112.0,100,False,13,1,0,26,,energy_depleted,0.01,0.7
7427,-78.0,100,False,7,0,0,29,,energy_depleted,0.01,0.7
7428,-78.0,100,False,7,0,0,26,,energy_depleted,0.01,0.7
7429,-114.0,100,False,16,0,0,26,,energy_depleted,0.01,0.7
7430,-66.0,100,False,4,0,0,26,,energy_depleted,0.01,0.7
7431,-70.0,100,False,5,0,0,26,,energy_depleted,0.01,0.7
7432,-78.0,100,False,7,0,0,26,,energy_depleted,0.01,0.7
7433,-130.0,100,False,20,0,0,26,,energy_depleted,0.01,0.7
7434,-58.0,100,False,2,0,0,26,,energy_depleted,0.01,0.7
7435,-98.0,100,False,2,4,0,26,,energy_depleted,0.01,0.7
7436,-78.0,100,False,7,0,0,26,,energy_depleted,0.01,0.7
7437,-104.0,100,False,11,1,0,26,,energy_depleted,0.01,0.7
7438,-62.0,100,False,3,0,0,26,,energy_depleted,0.01,0.7
7439,139.0,99,True,3,0,0,26,99,goal_reached,0.01,0.7
7440,-68.0,100,False,2,1,0,26,,energy_depleted,0.01,0.7
7441,-86.0,100,False,9,0,0,26,,energy_depleted,0.01,0.7
7442,-70.0,100,False,5,0,0,26,,energy_depleted,0.01,0.7
7443,-66.0,100,False,4,0,0,26,,energy_depleted,0.01,0.7
7444,-94.0,100,False,11,0,0,26,,energy_depleted,0.01,0.7
7445,-70.0,100,False,5,0,0,26,,energy_depleted,0.01,0.7
7446,-74.0,100,False,6,0,0,26,,energy_depleted,0.01,0.7
7447,-78.0,100,False,7,0,0,26,,energy_depleted,0.01,0.7
7448,-62.0,100,False,3,0,0,26,,energy_depleted,0.01,0.7
7449,-118.0,100,False,17,0,0,26,,energy_depleted,0.01,0.7
7450,-62.0,100,False,3,0,0,26,,energy_depleted,0.01,0.7
7451,-82.0,100,False,8,0,0,26,,energy_depleted,0.01,0.7
7452,-70.0,100,False,5,0,0,26,,energy_depleted,0.01,0.7
7453,-86.0,100,False,9,0,0,28,,energy_depleted,0.01,0.7
7454,-58.0,100,False,2,0,0,26,,energy_depleted,0.01,0.7
7455,-54.0,100,False,1,0,0,26,,energy_depleted,0.01,0.7
7456,-110.0,100,False,15,0,0,26,,energy_depleted,0.01,0.7
7457,-78.0,100,False,7,0,0,26,,energy_depleted,0.01,0.7
7458,-72.0,100,False,3,1,0,26,,energy_depleted,0.01,0.7
7459,-90.0,100,False,10,0,0,28,,energy_depleted,0.01,0.7
7460,-66.0,100,False,4,0,0,26,,energy_depleted,0.01,0.7
7461,-74.0,100,False,6,0,0,26,,energy_depleted,0.01,0.7
7462,-78.0,100,False,7,0,0,26,,energy_depleted,0.01,0.7
7463,-78.0,100,False,7,0,0,26,,energy_depleted,0.01,0.7
7464,-78.0,100,False,7,0,0,26,,energy_depleted,0.01,0.7
7465,-70.0,100,False,5,0,0,26,,energy_depleted,0.01,0.7
7466,-88.0,100,False,7,1,0,26,,energy_depleted,0.01,0.7
7467,-70.0,100,False,5,0,0,26,,energy_depleted,0.01,0.7
7468,-66.0,100,False,4,0,0,26,,energy_depleted,0.01,0.7
7469,-66.0,100,False,4,0,0,26,,energy_depleted,0.01,0.7
7470,-66.0,100,False,4,0,0,26,,energy_depleted,0.01,0.7
7471,-86.0,100,False,9,0,0,26,,energy_depleted,0.01,0.7
7472,103.0,99,True,7,2,0,26,99,goal_reached,0.01,0.7
7473,142.0,100,True,2,0,0,26,100,goal_reached,0.01,0.7
7474,-70.0,100,False,5,0,0,26,,energy_depleted,0.01,0.7
7475,-74.0,100,False,6,0,0,26,,energy_depleted,0.01,0.7
7476,-58.0,100,False,2,0,0,26,,energy_depleted,0.01,0.7
7477,-58.0,100,False,2,0,0,26,,energy_depleted,0.01,0.7
7478,123.0,99,True,7,0,0,28,99,goal_reached,0.01,0.7
7479,97.0,99,True,11,1,0,26,99,goal_reached,0.01,0.7
7480,-90.0,100,False,10,0,0,26,,energy_depleted,0.01,0.7
7481,-58.0,100,False,2,0,0,26,,energy_depleted,0.01,0.7
7482,131.0,99,True,5,0,0,26,99,goal_reached,0.01,0.7
7483,-66.0,100,False,4,0,0,26,,energy_depleted,0.01,0.7
7484,-58.0,100,False,2,0,0,26,,energy_depleted,0.01,0.7
7485,-62.0,100,False,3,0,0,26,,energy_depleted,0.01,0.7
7486,-62.0,100,False,3,0,0,26,,energy_depleted,0.01,0.7
7487,-86.0,100,False,9,0,0,26,,energy_depleted,0.01,0.7
7488,-62.0,100,False,3,0,0,26,,energy_depleted,0.01,0.7
7489,115.0,99,True,9,0,0,28,99,goal_reached,0.01,0.7
7490,-62.0,100,False,3,0,0,26,,energy_depleted,0.01,0.7
7491,-102.0,100,False,8,2,0,26,,energy_depleted,0.01,0.7
7492,-70.0,100,False,5,0,0,26,,energy_depleted,0.01,0.7
7493,-90.0,100,False,10,0,0,26,,energy_depleted,0.01,0.7
7494,139.0,99,True,3,0,0,26,99,goal_reached,0.01,0.7
7495,-58.0,100,False,2,0,0,26,,energy_depleted,0.01,0.7
7496,115.0,99,True,9,0,0,26,99,goal_reached,0.01,0.7
7497,-76.0,100,False,4,1,0,26,,energy_depleted,0.01,0.7
7498,-58.0,100,False,2,0,0,26,,energy_depleted,0.01,0.7
7499,139.0,99,True,3,0,0,26,99,goal_reached,0.01,0.7
7500,131.0,99,True,5,0,0,26,99,goal_reached,0.01,0.7
7501,123.0,99,True,7,0,0,26,99,goal_reached,0.01,0.7
7502,-58.0,100,False,2,0,0,28,,energy_depleted,0.01,0.7
7503,131.0,99,True,5,0,0,36,99,goal_reached,0.01,0.7
7504,-80.0,100,False,5,1,0,26,,energy_depleted,0.01,0.7
7505,-74.0,100,False,6,0,0,26,,energy_depleted,0.01,0.7
7506,143.0,87,True,5,0,0,26,87,goal_reached,0.01,0.7
7507,129.0,99,True,3,1,0,26,99,goal_reached,0.01,0.7
7508,-88.0,100,False,2,3,0,26,,energy_depleted,0.01,0.7
7509,-70.0,100,False,5,0,0,26,,energy_depleted,0.01,0.7
7510,-82.0,100,False,8,0,0,26,,energy_depleted,0.01,0.7
7511,139.0,99,True,3,0,0,26,99,goal_reached,0.01,0.7
7512,-70.0,100,False,5,0,0,26,,energy_depleted,0.01,0.7
7513,131.0,99,True,5,0,0,26,99,goal_reached,0.01,0.7
7514,131.0,99,True,5,0,0,26,99,goal_reached,0.01,0.7
7515,-74.0,100,False,6,0,0,26,,energy_depleted,0.01,0.7
7516,-66.0,100,False,4,0,0,26,,energy_depleted,0.01,0.7
7517,-132.0,100,False,18,1,0,26,,energy_depleted,0.01,0.7
7518,123.0,99,True,7,0,0,26,99,goal_reached,0.01,0.7
7519,-82.0,100,False,8,0,0,26,,energy_depleted,0.01,0.7
7520,-102.0,100,False,3,4,0,26,,energy_depleted,0.01,0.7
7521,131.0,99,True,5,0,0,28,99,goal_reached,0.01,0.7
7522,139.0,99,True,3,0,0,26,99,goal_reached,0.01,0.7
7523,-70.0,100,False,5,0,0,26,,energy_depleted,0.01,0.7
7524,-66.0,100,False,4,0,0,29,,energy_depleted,0.01,0.7
7525,-78.0,100,False,7,0,0,26,,energy_depleted,0.01,0.7
7526,-66.0,100,False,4,0,0,26,,energy_depleted,0.01,0.7
7527,-100.0,100,False,10,1,0,26,,energy_depleted,0.01,0.7
7528,-74.0,100,False,6,0,0,26,,energy_depleted,0.01,0.7
7529,139.0,99,True,3,0,0,26,99,goal_reached,0.01,0.7
7530,-62.0,100,False,3,0,0,26,,energy_depleted,0.01,0.7
7531,131.0,99,True,5,0,0,26,99,goal_reached,0.01,0.7
7532,-66.0,100,False,4,0,0,26,,energy_depleted,0.01,0.7
7533,129.0,99,True,3,1,0,26,99,goal_reached,0.01,0.7
7534,-66.0,100,False,4,0,0,26,,energy_depleted,0.01,0.7
7535,159.0,87,True,1,0,0,26,87,goal_reached,0.01,0.7
7536,-70.0,100,False,5,0,0,26,,energy_depleted,0.01,0.7
7537,-58.0,100,False,2,0,0,26,,energy_depleted,0.01,0.7
7538,-102.0,100,False,8,2,0,26,,energy_depleted,0.01,0.7
7539,131.0,99,True,5,0,0,28,99,goal_reached,0.01,0.7
7540,-70.0,100,False,5,0,0,26,,energy_depleted,0.01,0.7
7541,139.0,99,True,3,0,0,26,99,goal_reached,0.01,0.7
7542,-74.0,100,False,6,0,0,26,,energy_depleted,0.01,0.7
7543,123.0,99,True,7,0,0,26,99,goal_reached,0.01,0.7
7544,-74.0,100,False,6,0,0,26,,energy_depleted,0.01,0.7
7545,123.0,99,True,7,0,0,26,99,goal_reached,0.01,0.7
7546,-78.0,100,False,7,0,0,26,,energy_depleted,0.01,0.7
7547,-58.0,100,False,2,0,0,26,,energy_depleted,0.01,0.7
7548,139.0,99,True,3,0,0,26,99,goal_reached,0.01,0.7
7549,-66.0,100,False,4,0,0,26,,energy_depleted,0.01,0.7
7550,-74.0,100,False,6,0,0,26,,energy_depleted,0.01,0.7
7551,-62.0,100,False,3,0,0,26,,energy_depleted,0.01,0.7
7552,-62.0,100,False,3,0,0,26,,energy_depleted,0.01,0.7
7553,139.0,99,True,3,0,0,26,99,goal_reached,0.01,0.7
7554,131.0,99,True,5,0,0,26,99,goal_reached,0.01,0.7
7555,-82.0,100,False,8,0,0,26,,energy_depleted,0.01,0.7
7556,159.0,87,True,1,0,0,26,87,goal_reached,0.01,0.7
7557,138.0,88,True,6,0,0,26,88,goal_reached,0.01,0.7
7558,-92.0,100,False,8,1,0,26,,energy_depleted,0.01,0.7
7559,-58.0,100,False,2,0,0,26,,energy_depleted,0.01,0.7
7560,-94.0,100,False,11,0,0,26,,energy_depleted,0.01,0.7
7561,113.0,99,True,7,1,0,26,99,goal_reached,0.01,0.7
7562,-98.0,100,False,12,0,0,26,,energy_depleted,0.01,0.7
7563,-100.0,100,False,10,1,0,26,,energy_depleted,0.01,0.7
7564,-54.0,100,False,1,0,0,26,,energy_depleted,0.01,0.7
7565,-84.0,100,False,6,1,0,26,,energy_depleted,0.01,0.7
7566,139.0,99,True,3,0,0,26,99,goal_reached,0.01,0.7
7567,-66.0,100,False,4,0,0,26,,energy_depleted,0.01,0.7
7568,-80.0,100,False,5,1,0,26,,energy_depleted,0.01,0.7
7569,139.0,99,True,3,0,0,26,99,goal_reached,0.01,0.7
7570,-54.0,100,False,1,0,0,26,,energy_depleted,0.01,0.7
7571,131.0,99,True,5,0,0,26,99,goal_reached,0.01,0.7
7572,139.0,99,True,3,0,0,26,99,goal_reached,0.01,0.7
7573,-70.0,100,False,5,0,0,26,,energy_depleted,0.01,0.7
7574,-82.0,100,False,8,0,0,26,,energy_depleted,0.01,0.7
7575,-54.0,100,False,1,0,0,26,,energy_depleted,0.01,0.7
7576,-98.0,100,False,12,0,0,26,,energy_depleted,0.01,0.7
7577,-92.0,100,False,8,1,0,26,,energy_depleted,0.01,0.7
7578,-78.0,100,False,7,0,0,26,,energy_depleted,0.01,0.7
7579,115.0,99,True,9,0,0,28,99,goal_reached,0.01,0.7
7580,131.0,99,True,5,0,0,26,99,goal_reached,0.01,0.7
7581,139.0,99,True,3,0,0,26,99,goal_reached,0.01,0.7
7582,-100.0,100,False,10,1,0,26,,energy_depleted,0.01,0.7
7583,-84.0,100,False,6,1,0,26,,energy_depleted,0.01,0.7
7584,-66.0,100,False,4,0,0,26,,energy_depleted,0.01,0.7
7585,-94.0,100,False,11,0,0,28,,energy_depleted,0.01,0.7
7586,-62.0,100,False,3,0,0,26,,energy_depleted,0.01,0.7
7587,121.0,99,True,5,1,0,26,99,goal_reached,0.01,0.7
7588,123.0,99,True,7,0,0,26,99,goal_reached,0.01,0.7
7589,107.0,99,True,11,0,0,26,99,goal_reached,0.01,0.7
7590,123.0,99,True,7,0,0,26,99,goal_reached,0.01,0.7
7591,-78.0,100,False,7,0,0,26,,energy_depleted,0.01,0.7
7592,-84.0,100,False,6,1,0,26,,energy_depleted,0.01,0.7
7593,-80.0,100,False,5,1,0,26,,energy_depleted,0.01,0.7
7594,131.0,99,True,5,0,0,26,99,goal_reached,0.01,0.7
7595,-88.0,100,False,7,1,0,26,,energy_depleted,0.01,0.7
7596,-90.0,100,False,5,2,0,26,,energy_depleted,0.01,0.7
7597,-58.0,100,False,2,0,0,26,,energy_depleted,0.01,0.7
7598,115.0,99,True,9,0,0,26,99,goal_reached,0.01,0.7
7599,-90.0,100,False,10,0,0,26,,energy_depleted,0.01,0.7
7600,131.0,99,True,5,0,0,26,99,goal_reached,0.01,0.7
7601,-86.0,100,False,9,0,0,28,,energy_depleted,0.01,0.7
7602,139.0,99,True,3,0,0,26,99,goal_reached,0.01,0.7
7603,-74.0,100,False,6,0,0,26,,energy_depleted,0.01,0.7
7604,-66.0,100,False,4,0,0,26,,energy_depleted,0.01,0.7
7605,131.0,99,True,5,0,0,26,99,goal_reached,0.01,0.7
7606,-152.0,100,False,13,5,0,26,,energy_depleted,0.01,0.7
7607,139.0,99,True,3,0,0,26,99,goal_reached,0.01,0.7
7608,-66.0,100,False,4,0,0,26,,energy_depleted,0.01,0.7
7609,-58.0,100,False,2,0,0,26,,energy_depleted,0.01,0.7
7610,-88.0,100,False,7,1,0,26,,energy_depleted,0.01,0.7
7611,-74.0,100,False,6,0,0,26,,energy_depleted,0.01,0.7
7612,115.0,99,True,9,0,0,28,99,goal_reached,0.01,0.7
7613,139.0,99,True,3,0,0,26,99,goal_reached,0.01,0.7
7614,-86.0,100,False,9,0,0,26,,energy_depleted,0.01,0.7
7615,131.0,99,True,5,0,0,26,99,goal_reached,0.01,0.7
7616,-70.0,100,False,5,0,0,26,,energy_depleted,0.01,0.7
7617,-78.0,100,False,7,0,0,26,,energy_depleted,0.01,0.7
7618,154.0,88,True,2,0,0,26,88,goal_reached,0.01,0.7
7619,-74.0,100,False,6,0,0,26,,energy_depleted,0.01,0.7
7620,151.0,87,True,3,0,0,26,87,goal_reached,0.01,0.7
7621,-98.0,100,False,12,0,0,26,,energy_depleted,0.01,0.7
7622,-84.0,100,False,6,1,0,26,,energy_depleted,0.01,0.7
7623,-70.0,100,False,5,0,0,26,,energy_depleted,0.01,0.7
7624,-102.0,100,False,8,2,0,26,,energy_depleted,0.01,0.7
7625,123.0,99,True,7,0,0,26,99,goal_reached,0.01,0.7
7626,131.0,99,True,5,0,0,26,99,goal_reached,0.01,0.7
7627,139.0,99,True,3,0,0,26,99,goal_reached,0.01,0.7
7628,-92.0,100,False,8,1,0,26,,energy_depleted,0.01,0.7
7629,-78.0,100,False,7,0,0,26,,energy_depleted,0.01,0.7
7630,-78.0,100,False,7,0,0,26,,energy_depleted,0.01,0.7
7631,-74.0,100,False,6,0,0,26,,energy_depleted,0.01,0.7
7632,-62.0,100,False,3,0,0,26,,energy_depleted,0.01,0.7
7633,-82.0,100,False,8,0,0,26,,energy_depleted,0.01,0.7
7634,-78.0,100,False,7,0,0,26,,energy_depleted,0.01,0.7
7635,-78.0,100,False,7,0,0,26,,energy_depleted,0.01,0.7
7636,-84.0,100,False,6,1,0,26,,energy_depleted,0.01,0.7
7637,-62.0,100,False,3,0,0,26,,energy_depleted,0.01,0.7
7638,-86.0,100,False,9,0,0,26,,energy_depleted,0.01,0.7
7639,-62.0,100,False,3,0,0,26,,energy_depleted,0.01,0.7
7640,-72.0,100,False,3,1,0,26,,energy_depleted,0.01,0.7
7641,-94.0,100,False,6,2,0,26,,energy_depleted,0.01,0.7
7642,-62.0,100,False,3,0,0,26,,energy_depleted,0.01,0.7
7643,-94.0,100,False,11,0,0,26,,energy_depleted,0.01,0.7
7644,115.0,99,True,9,0,0,26,99,goal_reached,0.01,0.7
7645,123.0,99,True,7,0,0,26,99,goal_reached,0.01,0.7
7646,-82.0,100,False,8,0,0,26,,energy_depleted,0.01,0.7
7647,-82.0,100,False,8,0,0,26,,energy_depleted,0.01,0.7
7648,-84.0,100,False,6,1,0,26,,energy_depleted,0.01,0.7
7649,107.0,99,True,11,0,0,26,99,goal_reached,0.01,0.7
7650,-90.0,100,False,10,0,0,28,,energy_depleted,0.01,0.7
7651,-74.0,100,False,6,0,0,26,,energy_depleted,0.01,0.7
7652,-86.0,100,False,9,0,0,26,,energy_depleted,0.01,0.7
7653,131.0,99,True,5,0,0,26,99,goal_reached,0.01,0.7
7654,123.0,99,True,7,0,0,26,99,goal_reached,0.01,0.7
7655,123.0,99,True,7,0,0,26,99,goal_reached,0.01,0.7
7656,-86.0,100,False,9,0,0,26,,energy_depleted,0.01,0.7
7657,123.0,99,True,7,0,0,26,99,goal_reached,0.01,0.7
7658,115.0,99,True,9,0,0,26,99,goal_reached,0.01,0.7
7659,-82.0,100,False,8,0,0,26,,energy_depleted,0.01,0.7
7660,115.0,99,True,9,0,0,26,99,goal_reached,0.01,0.7
7661,-74.0,100,False,6,0,0,26,,energy_depleted,0.01,0.7
7662,-58.0,100,False,2,0,0,26,,energy_depleted,0.01,0.7
7663,115.0,99,True,9,0,0,26,99,goal_reached,0.01,0.7
7664,-78.0,100,False,7,0,0,26,,energy_depleted,0.01,0.7
7665,139.0,99,True,3,0,0,26,99,goal_reached,0.01,0.7
7666,131.0,99,True,5,0,0,26,99,goal_reached,0.01,0.7
7667,-96.0,100,False,9,1,0,26,,energy_depleted,0.01,0.7
7668,131.0,99,True,5,0,0,26,99,goal_reached,0.01,0.7
7669,-66.0,100,False,4,0,0,26,,energy_depleted,0.01,0.7
7670,131.0,99,True,5,0,0,26,99,goal_reached,0.01,0.7
7671,-70.0,100,False,5,0,0,26,,energy_depleted,0.01,0.7
7672,-78.0,100,False,7,0,0,26,,energy_depleted,0.01,0.7
7673,-82.0,100,False,8,0,0,26,,energy_depleted,0.01,0.7
7674,131.0,99,True,5,0,0,26,99,goal_reached,0.01,0.7
7675,-74.0,100,False,6,0,0,26,,energy_depleted,0.01,0.7
7676,-74.0,100,False,6,0,0,26,,energy_depleted,0.01,0.7
7677,123.0,99,True,7,0,0,26,99,goal_reached,0.01,0.7
7678,-98.0,100,False,12,0,0,26,,energy_depleted,0.01,0.7
7679,-82.0,100,False,8,0,0,26,,energy_depleted,0.01,0.7
7680,-66.0,100,False,4,0,0,28,,energy_depleted,0.01,0.7
7681,-88.0,100,False,7,1,0,29,,energy_depleted,0.01,0.7
7682,-58.0,100,False,2,0,0,26,,energy_depleted,0.01,0.7
7683,-82.0,100,False,8,0,0,26,,energy_depleted,0.01,0.7
7684,159.0,87,True,1,0,0,26,87,goal_reached,0.01,0.7
7685,131.0,99,True,5,0,0,26,99,goal_reached,0.01,0.7
7686,-94.0,100,False,11,0,0,26,,energy_depleted,0.01,0.7
7687,-78.0,100,False,7,0,0,26,,energy_depleted,0.01,0.7
7688,123.0,99,True,7,0,0,26,99,goal_reached,0.01,0.7
7689,-92.0,100,False,8,1,0,26,,energy_depleted,0.01,0.7
7690,99.0,99,True,13,0,0,26,99,goal_reached,0.01,0.7
7691,131.0,99,True,5,0,0,26,99,goal_reached,0.01,0.7
7692,123.0,99,True,7,0,0,26,99,goal_reached,0.01,0.7
7693,-74.0,100,False,6,0,0,26,,energy_depleted,0.01,0.7
7694,-62.0,100,False,3,0,0,26,,energy_depleted,0.01,0.7
7695,131.0,99,True,5,0,0,26,99,goal_reached,0.01,0.7
7696,126.0,100,True,6,0,0,26,100,goal_reached,0.01,0.7
7697,-94.0,100,False,11,0,0,26,,energy_depleted,0.01,0.7
7698,123.0,99,True,7,0,0,26,99,goal_reached,0.01,0.7
7699,123.0,99,True,7,0,0,26,99,goal_reached,0.01,0.7
7700,138.0,88,True,6,0,0,26,88,goal_reached,0.01,0.7
7701,139.0,99,True,3,0,0,26,99,goal_reached,0.01,0.7
7702,131.0,99,True,5,0,0,26,99,goal_reached,0.01,0.7
7703,-74.0,100,False,6,0,0,26,,energy_depleted,0.01,0.7
7704,-90.0,100,False,10,0,0,26,,energy_depleted,0.01,0.7
7705,-66.0,100,False,4,0,0,26,,energy_depleted,0.01,0.7
7706,139.0,99,True,3,0,0,26,99,goal_reached,0.01,0.7
7707,-118.0,100,False,17,0,0,26,,energy_depleted,0.01,0.7
7708,-62.0,100,False,3,0,0,26,,energy_depleted,0.01,0.7
7709,115.0,99,True,9,0,0,26,99,goal_reached,0.01,0.7
7710,131.0,99,True,5,0,0,26,99,goal_reached,0.01,0.7
7711,115.0,99,True,9,0,0,26,99,goal_reached,0.01,0.7
7712,-74.0,100,False,6,0,0,26,,energy_depleted,0.01,0.7
7713,123.0,99,True,7,0,0,26,99,goal_reached,0.01,0.7
7714,-74.0,100,False,6,0,0,26,,energy_depleted,0.01,0.7
7715,115.0,99,True,9,0,0,28,99,goal_reached,0.01,0.7
7716,-66.0,100,False,4,0,0,26,,energy_depleted,0.01,0.7
7717,115.0,99,True,9,0,0,26,99,goal_reached,0.01,0.7
7718,-68.0,100,False,2,1,0,26,,energy_depleted,0.01,0.7
7719,123.0,99,True,7,0,0,26,99,goal_reached,0.01,0.7
7720,-74.0,100,False,6,0,0,26,,energy_depleted,0.01,0.7
7721,159.0,87,True,1,0,0,26,87,goal_reached,0.01,0.7
7722,115.0,99,True,9,0,0,26,99,goal_reached,0.01,0.7
7723,131.0,99,True,5,0,0,26,99,goal_reached,0.01,0.7
7724,-86.0,100,False,9,0,0,26,,energy_depleted,0.01,0.7
7725,123.0,99,True,7,0,0,26,99,goal_reached,0.01,0.7
7726,-70.0,100,False,5,0,0,26,,energy_depleted,0.01,0.7
7727,-84.0,100,False,6,1,0,26,,energy_depleted,0.01,0.7
7728,123.0,99,True,7,0,0,26,99,goal_reached,0.01,0.7
7729,139.0,99,True,3,0,0,26,99,goal_reached,0.01,0.7
7730,131.0,99,True,5,0,0,26,99,goal_reached,0.01,0.7
7731,-86.0,100,False,9,0,0,26,,energy_depleted,0.01,0.7
7732,-78.0,100,False,7,0,0,26,,energy_depleted,0.01,0.7
7733,131.0,99,True,5,0,0,26,99,goal_reached,0.01,0.7
7734,115.0,99,True,9,0,0,26,99,goal_reached,0.01,0.7
7735,159.0,87,True,1,0,0,26,87,goal_reached,0.01,0.7
7736,-70.0,100,False,5,0,0,26,,energy_depleted,0.01,0.7
7737,105.0,99,True,9,1,0,26,99,goal_reached,0.01,0.7
7738,115.0,99,True,9,0,0,26,99,goal_reached,0.01,0.7
7739,115.0,87,True,7,2,0,26,87,goal_reached,0.01,0.7
7740,-98.0,100,False,12,0,0,29,,energy_depleted,0.01,0.7
7741,139.0,99,True,3,0,0,26,99,goal_reached,0.01,0.7
7742,131.0,99,True,5,0,0,26,99,goal_reached,0.01,0.7
7743,131.0,99,True,5,0,0,26,99,goal_reached,0.01,0.7
7744,123.0,99,True,7,0,0,26,99,goal_reached,0.01,0.7
7745,115.0,99,True,9,0,0,26,99,goal_reached,0.01,0.7
7746,113.0,99,True,7,1,0,26,99,goal_reached,0.01,0.7
7747,-114.0,100,False,16,0,0,26,,energy_depleted,0.01,0.7
7748,-66.0,100,False,4,0,0,26,,energy_depleted,0.01,0.7
7749,131.0,99,True,5,0,0,26,99,goal_reached,0.01,0.7
7750,139.0,99,True,3,0,0,26,99,goal_reached,0.01,0.7
7751,131.0,99,True,5,0,0,26,99,goal_reached,0.01,0.7
7752,-86.0,100,False,9,0,0,26,,energy_depleted,0.01,0.7
7753,139.0,99,True,3,0,0,26,99,goal_reached,0.01,0.7
7754,131.0,99,True,5,0,0,26,99,goal_reached,0.01,0.7
7755,115.0,99,True,9,0,0,26,99,goal_reached,0.01,0.7
7756,123.0,87,True,5,2,0,26,87,goal_reached,0.01,0.7
7757,131.0,99,True,5,0,0,26,99,goal_reached,0.01,0.7
7758,-74.0,100,False,6,0,0,26,,energy_depleted,0.01,0.7
7759,99.0,99,True,13,0,0,26,99,goal_reached,0.01,0.7
7760,105.0,99,True,9,1,0,26,99,goal_reached,0.01,0.7
7761,131.0,99,True,5,0,0,26,99,goal_reached,0.01,0.7
7762,139.0,99,True,3,0,0,26,99,goal_reached,0.01,0.7
7763,131.0,99,True,5,0,0,26,99,goal_reached,0.01,0.7
7764,131.0,99,True,5,0,0,26,99,goal_reached,0.01,0.7
7765,159.0,87,True,1,0,0,26,87,goal_reached,0.01,0.7
7766,143.0,87,True,5,0,0,26,87,goal_reached,0.01,0.7
7767,-70.0,100,False,5,0,0,26,,energy_depleted,0.01,0.7
7768,139.0,99,True,3,0,0,26,99,goal_reached,0.01,0.7
7769,-86.0,100,False,9,0,0,26,,energy_depleted,0.01,0.7
7770,-86.0,100,False,9,0,0,26,,energy_depleted,0.01,0.7
7771,139.0,99,True,3,0,0,26,99,goal_reached,0.01,0.7
7772,115.0,99,True,9,0,0,26,99,goal_reached,0.01,0.7
7773,-90.0,100,False,10,0,0,26,,energy_depleted,0.01,0.7
7774,97.0,99,True,11,1,0,26,99,goal_reached,0.01,0.7
7775,139.0,99,True,3,0,0,26,99,goal_reached,0.01,0.7
7776,131.0,99,True,5,0,0,26,99,goal_reached,0.01,0.7
7777,131.0,99,True,5,0,0,26,99,goal_reached,0.01,0.7
7778,-86.0,100,False,9,0,0,26,,energy_depleted,0.01,0.7
7779,131.0,99,True,5,0,0,26,99,goal_reached,0.01,0.7
7780,131.0,99,True,5,0,0,26,99,goal_reached,0.01,0.7
7781,115.0,99,True,9,0,0,26,99,goal_reached,0.01,0.7
7782,-82.0,100,False,3,2,0,26,,energy_depleted,0.01,0.7
7783,131.0,99,True,5,0,0,26,99,goal_reached,0.01,0.7
7784,139.0,99,True,3,0,0,26,99,goal_reached,0.01,0.7
7785,115.0,99,True,9,0,0,26,99,goal_reached,0.01,0.7
7786,131.0,99,True,5,0,0,26,99,goal_reached,0.01,0.7
7787,131.0,99,True,5,0,0,26,99,goal_reached,0.01,0.7
7788,-106.0,100,False,14,0,0,26,,energy_depleted,0.01,0.7
7789,-80.0,100,False,5,1,0,26,,energy_depleted,0.01,0.7
7790,131.0,99,True,5,0,0,26,99,goal_reached,0.01,0.7
7791,139.0,99,True,3,0,0,26,99,goal_reached,0.01,0.7
7792,139.0,99,True,3,0,0,26,99,goal_reached,0.01,0.7
7793,131.0,99,True,5,0,0,26,99,goal_reached,0.01,0.7
7794,-66.0,100,False,4,0,0,26,,energy_depleted,0.01,0.7
7795,151.0,87,True,3,0,0,26,87,goal_reached,0.01,0.7
7796,123.0,99,True,7,0,0,26,99,goal_reached,0.01,0.7
7797,135.0,87,True,7,0,0,26,87,goal_reached,0.01,0.7
7798,154.0,88,True,2,0,0,26,88,goal_reached,0.01,0.7
7799,123.0,99,True,7,0,0,26,99,goal_reached,0.01,0.7
7800,131.0,99,True,5,0,0,26,99,goal_reached,0.01,0.7
7801,130.0,88,True,8,0,0,26,88,goal_reached,0.01,0.7
7802,115.0,99,True,9,0,0,26,99,goal_reached,0.01,0.7
7803,159.0,87,True,1,0,0,26,87,goal_reached,0.01,0.7
7804,143.0,87,True,5,0,0,26,87,goal_reached,0.01,0.7
7805,159.0,87,True,1,0,0,26,87,goal_reached,0.01,0.7
7806,159.0,87,True,1,0,0,26,87,goal_reached,0.01,0.7
7807,115.0,99,True,9,0,0,26,99,goal_reached,0.01,0.7
7808,130.0,88,True,8,0,0,26,88,goal_reached,0.01,0.7
7809,-54.0,100,False,1,0,0,26,,energy_depleted,0.01,0.7
7810,151.0,87,True,3,0,0,26,87,goal_reached,0.01,0.7
7811,131.0,99,True,5,0,0,26,99,goal_reached,0.01,0.7
7812,-70.0,100,False,5,0,0,26,,energy_depleted,0.01,0.7
7813,151.0,87,True,3,0,0,26,87,goal_reached,0.01,0.7
7814,159.0,87,True,1,0,0,26,87,goal_reached,0.01,0.7
7815,139.0,99,True,3,0,0,28,99,goal_reached,0.01,0.7
7816,151.0,87,True,3,0,0,26,87,goal_reached,0.01,0.7
7817,131.0,99,True,5,0,0,26,99,goal_reached,0.01,0.7
7818,159.0,87,True,1,0,0,26,87,goal_reached,0.01,0.7
7819,-86.0,100,False,9,0,0,26,,energy_depleted,0.01,0.7
7820,142.0,100,True,2,0,0,28,100,goal_reached,0.01,0.7
7821,151.0,87,True,3,0,0,26,87,goal_reached,0.01,0.7
7822,151.0,87,True,3,0,0,26,87,goal_reached,0.01,0.7
7823,143.0,87,True,5,0,0,26,87,goal_reached,0.01,0.7
7824,151.0,87,True,3,0,0,26,87,goal_reached,0.01,0.7
7825,123.0,99,True,7,0,0,26,99,goal_reached,0.01,0.7
7826,115.0,99,True,9,0,0,26,99,goal_reached,0.01,0.7
7827,138.0,88,True,6,0,0,26,88,goal_reached,0.01,0.7
7828,143.0,87,True,5,0,0,26,87,goal_reached,0.01,0.7
7829,146.0,88,True,4,0,0,26,88,goal_reached,0.01,0.7
7830,159.0,87,True,1,0,0,26,87,goal_reached,0.01,0.7
7831,131.0,99,True,5,0,0,26,99,goal_reached,0.01,0.7
7832,151.0,87,True,3,0,0,26,87,goal_reached,0.01,0.7
7833,-82.0,100,False,8,0,0,26,,energy_depleted,0.01,0.7
7834,131.0,99,True,5,0,0,26,99,goal_reached,0.01,0.7
7835,131.0,99,True,5,0,0,26,99,goal_reached,0.01,0.7
7836,115.0,99,True,9,0,0,26,99,goal_reached,0.01,0.7
7837,-70.0,100,False,5,0,0,26,,energy_depleted,0.01,0.7
7838,-74.0,100,False,6,0,0,26,,energy_depleted,0.01,0.7
7839,-90.0,100,False,10,0,0,26,,energy_depleted,0.01,0.7
7840,118.0,100,True,8,0,0,26,100,goal_reached,0.01,0.7
7841,139.0,99,True,3,0,0,26,99,goal_reached,0.01,0.7
7842,123.0,99,True,7,0,0,26,99,goal_reached,0.01,0.7
7843,131.0,99,True,5,0,0,26,99,goal_reached,0.01,0.7
7844,-138.0,100,False,17,2,0,26,,energy_depleted,0.01,0.7
7845,-106.0,100,False,14,0,0,26,,energy_depleted,0.01,0.7
7846,139.0,99,True,3,0,0,26,99,goal_reached,0.01,0.7
7847,131.0,99,True,5,0,0,26,99,goal_reached,0.01,0.7
7848,113.0,99,True,7,1,0,26,99,goal_reached,0.01,0.7
7849,-58.0,100,False,2,0,0,26,,energy_depleted,0.01,0.7
7850,115.0,99,True,9,0,0,26,99,goal_reached,0.01,0.7
7851,123.0,99,True,7,0,0,26,99,goal_reached,0.01,0.7
7852,-94.0,100,False,11,0,0,26,,energy_depleted,0.01,0.7
7853,151.0,87,True,3,0,0,28,87,goal_reached,0.01,0.7
7854,139.0,99,True,3,0,0,26,99,goal_reached,0.01,0.7
7855,107.0,99,True,11,0,0,26,99,goal_reached,0.01,0.7
7856,-88.0,100,False,7,1,0,26,,energy_depleted,0.01,0.7
7857,139.0,99,True,3,0,0,26,99,goal_reached,0.01,0.7
7858,-96.0,100,False,9,1,0,26,,energy_depleted,0.01,0.7
7859,146.0,88,True,4,0,0,26,88,goal_reached,0.01,0.7
7860,143.0,87,True,5,0,0,26,87,goal_reached,0.01,0.7
7861,151.0,87,True,3,0,0,26,87,goal_reached,0.01,0.7
7862,151.0,87,True,3,0,0,26,87,goal_reached,0.01,0.7
7863,-70.0,100,False,5,0,0,26,,energy_depleted,0.01,0.7
7864,129.0,99,True,3,1,0,26,99,goal_reached,0.01,0.7
7865,-94.0,100,False,11,0,0,26,,energy_depleted,0.01,0.7
7866,131.0,99,True,5,0,0,26,99,goal_reached,0.01,0.7
7867,151.0,87,True,3,0,0,26,87,goal_reached,0.01,0.7
7868,151.0,87,True,3,0,0,26,87,goal_reached,0.01,0.7
7869,159.0,87,True,1,0,0,26,87,goal_reached,0.01,0.7
7870,-98.0,100,False,7,2,0,26,,energy_depleted,0.01,0.7
7871,-54.0,100,False,1,0,0,26,,energy_depleted,0.01,0.7
7872,-54.0,100,False,1,0,0,26,,energy_depleted,0.01,0.7
7873,139.0,99,True,3,0,0,26,99,goal_reached,0.01,0.7
7874,123.0,99,True,7,0,0,26,99,goal_reached,0.01,0.7
7875,-130.0,100,False,15,2,0,26,,energy_depleted,0.01,0.7
7876,159.0,87,True,1,0,0,26,87,goal_reached,0.01,0.7
7877,151.0,87,True,3,0,0,26,87,goal_reached,0.01,0.7
7878,131.0,99,True,5,0,0,26,99,goal_reached,0.01,0.7
7879,139.0,99,True,3,0,0,26,99,goal_reached,0.01,0.7
7880,159.0,87,True,1,0,0,26,87,goal_reached,0.01,0.7
7881,89.0,99,True,13,1,0,26,99,goal_reached,0.01,0.7
7882,115.0,99,True,9,0,0,26,99,goal_reached,0.01,0.7
7883,131.0,99,True,5,0,0,26,99,goal_reached,0.01,0.7
7884,143.0,87,True,5,0,0,26,87,goal_reached,0.01,0.7
7885,151.0,87,True,3,0,0,26,87,goal_reached,0.01,0.7
7886,151.0,87,True,3,0,0,26,87,goal_reached,0.01,0.7
7887,123.0,99,True,7,0,0,26,99,goal_reached,0.01,0.7
7888,131.0,99,True,5,0,0,26,99,goal_reached,0.01,0.7
7889,151.0,87,True,3,0,0,26,87,goal_reached,0.01,0.7
7890,-74.0,100,False,6,0,0,26,,energy_depleted,0.01,0.7
7891,143.0,87,True,5,0,0,26,87,goal_reached,0.01,0.7
7892,159.0,87,True,1,0,0,26,87,goal_reached,0.01,0.7
7893,131.0,99,True,5,0,0,26,99,goal_reached,0.01,0.7
7894,123.0,99,True,7,0,0,26,99,goal_reached,0.01,0.7
7895,123.0,99,True,7,0,0,26,99,goal_reached,0.01,0.7
7896,131.0,99,True,5,0,0,26,99,goal_reached,0.01,0.7
7897,135.0,87,True,7,0,0,26,87,goal_reached,0.01,0.7
7898,139.0,99,True,3,0,0,26,99,goal_reached,0.01,0.7
7899,95.0,99,True,9,2,0,26,99,goal_reached,0.01,0.7
7900,143.0,87,True,5,0,0,26,87,goal_reached,0.01,0.7
7901,-82.0,100,False,8,0,0,26,,energy_depleted,0.01,0.7
7902,-102.0,100,False,13,0,0,26,,energy_depleted,0.01,0.7
7903,-88.0,100,False,7,1,0,26,,energy_depleted,0.01,0.7
7904,159.0,87,True,1,0,0,26,87,goal_reached,0.01,0.7
7905,93.0,99,True,7,3,0,26,99,goal_reached,0.01,0.7
7906,159.0,87,True,1,0,0,26,87,goal_reached,0.01,0.7
7907,131.0,99,True,5,0,0,26,99,goal_reached,0.01,0.7
7908,123.0,99,True,7,0,0,26,99,goal_reached,0.01,0.7
7909,121.0,99,True,5,1,0,26,99,goal_reached,0.01,0.7
7910,123.0,99,True,7,0,0,26,99,goal_reached,0.01,0.7
7911,-98.0,100,False,12,0,0,26,,energy_depleted,0.01,0.7
7912,151.0,87,True,3,0,0,26,87,goal_reached,0.01,0.7
7913,-102.0,100,False,13,0,0,26,,energy_depleted,0.01,0.7
7914,-92.0,100,False,8,1,0,26,,energy_depleted,0.01,0.7
7915,131.0,99,True,5,0,0,26,99,goal_reached,0.01,0.7
7916,115.0,99,True,9,0,0,26,99,goal_reached,0.01,0.7
7917,159.0,87,True,1,0,0,26,87,goal_reached,0.01,0.7
7918,159.0,87,True,1,0,0,26,87,goal_reached,0.01,0.7
7919,143.0,87,True,5,0,0,26,87,goal_reached,0.01,0.7
7920,-116.0,100,False,14,1,0,26,,energy_depleted,0.01,0.7
7921,151.0,87,True,3,0,0,26,87,goal_reached,0.01,0.7
7922,131.0,99,True,5,0,0,26,99,goal_reached,0.01,0.7
7923,-66.0,100,False,4,0,0,26,,energy_depleted,0.01,0.7
7924,-78.0,100,False,7,0,0,26,,energy_depleted,0.01,0.7
7925,-120.0,100,False,10,3,0,26,,energy_depleted,0.01,0.7
7926,97.0,99,True,11,1,0,26,99,goal_reached,0.01,0.7
7927,-74.0,100,False,6,0,0,26,,energy_depleted,0.01,0.7
7928,123.0,99,True,7,0,0,26,99,goal_reached,0.01,0.7
7929,131.0,99,True,5,0,0,26,99,goal_reached,0.01,0.7
7930,123.0,99,True,7,0,0,26,99,goal_reached,0.01,0.7
7931,-66.0,100,False,4,0,0,26,,energy_depleted,0.01,0.7
7932,146.0,88,True,4,0,0,26,88,goal_reached,0.01,0.7
7933,97.0,99,True,11,1,0,26,99,goal_reached,0.01,0.7
7934,151.0,87,True,3,0,0,26,87,goal_reached,0.01,0.7
7935,151.0,87,True,3,0,0,26,87,goal_reached,0.01,0.7
7936,151.0,87,True,3,0,0,26,87,goal_reached,0.01,0.7
7937,123.0,99,True,7,0,0,28,99,goal_reached,0.01,0.7
7938,-90.0,100,False,10,0,0,26,,energy_depleted,0.01,0.7
7939,-94.0,100,False,11,0,0,29,,energy_depleted,0.01,0.7
7940,159.0,87,True,1,0,0,26,87,goal_reached,0.01,0.7
7941,-70.0,100,False,5,0,0,26,,energy_depleted,0.01,0.7
7942,-58.0,100,False,2,0,0,28,,energy_depleted,0.01,0.7
7943,131.0,99,True,5,0,0,26,99,goal_reached,0.01,0.7
7944,143.0,87,True,5,0,0,26,87,goal_reached,0.01,0.7
7945,131.0,99,True,5,0,0,26,99,goal_reached,0.01,0.7
7946,131.0,99,True,5,0,0,26,99,goal_reached,0.01,0.7
7947,151.0,87,True,3,0,0,26,87,goal_reached,0.01,0.7
7948,139.0,99,True,3,0,0,26,99,goal_reached,0.01,0.7
7949,130.0,88,True,8,0,0,26,88,goal_reached,0.01,0.7
7950,-70.0,100,False,5,0,0,26,,energy_depleted,0.01,0.7
7951,131.0,99,True,5,0,0,26,99,goal_reached,0.01,0.7
7952,139.0,99,True,3,0,0,26,99,goal_reached,0.01,0.7
7953,159.0,87,True,1,0,0,26,87,goal_reached,0.01,0.7
7954,115.0,99,True,9,0,0,26,99,goal_reached,0.01,0.7
7955,151.0,87,True,3,0,0,26,87,goal_reached,0.01,0.7
7956,159.0,87,True,1,0,0,26,87,goal_reached,0.01,0.7
7957,131.0,99,True,5,0,0,26,99,goal_reached,0.01,0.7
7958,159.0,87,True,1,0,0,26,87,goal_reached,0.01,0.7
7959,131.0,99,True,5,0,0,26,99,goal_reached,0.01,0.7
7960,143.0,87,True,5,0,0,26,87,goal_reached,0.01,0.7
7961,151.0,87,True,3,0,0,26,87,goal_reached,0.01,0.7
7962,-102.0,100,False,13,0,0,26,,energy_depleted,0.01,0.7
7963,115.0,99,True,9,0,0,26,99,goal_reached,0.01,0.7
7964,151.0,87,True,3,0,0,26,87,goal_reached,0.01,0.7
7965,91.0,99,True,15,0,0,26,99,goal_reached,0.01,0.7
7966,123.0,99,True,7,0,0,26,99,goal_reached,0.01,0.7
7967,123.0,99,True,7,0,0,26,99,goal_reached,0.01,0.7
7968,151.0,87,True,3,0,0,26,87,goal_reached,0.01,0.7
7969,151.0,87,True,3,0,0,26,87,goal_reached,0.01,0.7
7970,125.0,87,True,7,1,0,26,87,goal_reached,0.01,0.7
7971,-62.0,100,False,3,0,0,26,,energy_depleted,0.01,0.7
7972,151.0,87,True,3,0,0,26,87,goal_reached,0.01,0.7
7973,123.0,99,True,7,0,0,26,99,goal_reached,0.01,0.7
7974,159.0,87,True,1,0,0,26,87,goal_reached,0.01,0.7
7975,115.0,99,True,9,0,0,29,99,goal_reached,0.01,0.7
7976,151.0,87,True,3,0,0,26,87,goal_reached,0.01,0.7
7977,159.0,87,True,1,0,0,26,87,goal_reached,0.01,0.7
7978,-110.0,100,False,15,0,0,26,,energy_depleted,0.01,0.7
7979,159.0,87,True,1,0,0,26,87,goal_reached,0.01,0.7
7980,131.0,99,True,5,0,0,26,99,goal_reached,0.01,0.7
7981,131.0,99,True,5,0,0,26,99,goal_reached,0.01,0.7
7982,135.0,87,True,7,0,0,26,87,goal_reached,0.01,0.7
7983,123.0,99,True,7,0,0,26,99,goal_reached,0.01,0.7
7984,159.0,87,True,1,0,0,26,87,goal_reached,0.01,0.7
7985,159.0,87,True,1,0,0,26,87,goal_reached,0.01,0.7
7986,159.0,87,True,1,0,0,26,87,goal_reached,0.01,0.7
7987,127.0,87,True,9,0,0,26,87,goal_reached,0.01,0.7
7988,143.0,87,True,5,0,0,26,87,goal_reached,0.01,0.7
7989,154.0,88,True,2,0,0,26,88,goal_reached,0.01,0.7
7990,159.0,87,True,1,0,0,26,87,goal_reached,0.01,0.7
7991,159.0,87,True,1,0,0,26,87,goal_reached,0.01,0.7
7992,159.0,87,True,1,0,0,26,87,goal_reached,0.01,0.7
7993,159.0,87,True,1,0,0,26,87,goal_reached,0.01,0.7
7994,159.0,87,True,1,0,0,26,87,goal_reached,0.01,0.7
7995,115.0,99,True,9,0,0,26,99,goal_reached,0.01,0.7
7996,123.0,99,True,7,0,0,26,99,goal_reached,0.01,0.7
7997,133.0,87,True,5,1,0,26,87,goal_reached,0.01,0.7
7998,151.0,87,True,3,0,0,26,87,goal_reached,0.01,0.7
7999,151.0,87,True,3,0,0,26,87,goal_reached,0.01,0.7
8000,123.0,99,True,7,0,0,26,99,goal_reached,0.01,0.7
8001,159.0,87,True,1,0,0,26,87,goal_reached,0.01,0.7
8002,131.0,99,True,5,0,0,26,99,goal_reached,0.01,0.7
8003,151.0,87,True,3,0,0,26,87,goal_reached,0.01,0.7
8004,159.0,87,True,1,0,0,26,87,goal_reached,0.01,0.7
8005,115.0,99,True,9,0,0,26,99,goal_reached,0.01,0.7
8006,146.0,88,True,4,0,0,26,88,goal_reached,0.01,0.7
8007,139.0,99,True,3,0,0,26,99,goal_reached,0.01,0.7
8008,-126.0,100,False,19,0,0,26,,energy_depleted,0.01,0.7
8009,143.0,87,True,5,0,0,26,87,goal_reached,0.01,0.7
8010,159.0,87,True,1,0,0,26,87,goal_reached,0.01,0.7
8011,151.0,87,True,3,0,0,26,87,goal_reached,0.01,0.7
8012,-134.0,100,False,21,0,0,26,,energy_depleted,0.01,0.7
8013,107.0,99,True,11,0,0,26,99,goal_reached,0.01,0.7
8014,123.0,99,True,7,0,0,26,99,goal_reached,0.01,0.7
8015,107.0,99,True,11,0,0,26,99,goal_reached,0.01,0.7
8016,135.0,87,True,7,0,0,26,87,goal_reached,0.01,0.7
8017,151.0,87,True,3,0,0,26,87,goal_reached,0.01,0.7
8018,-62.0,100,False,3,0,0,28,,energy_depleted,0.01,0.7
8019,151.0,87,True,3,0,0,26,87,goal_reached,0.01,0.7
8020,148.0,86,True,4,0,0,26,86,goal_reached,0.01,0.7
8021,143.0,87,True,5,0,0,26,87,goal_reached,0.01,0.7
8022,131.0,99,True,5,0,0,26,99,goal_reached,0.01,0.7
8023,-86.0,100,False,9,0,0,26,,energy_depleted,0.01,0.7
8024,-114.0,100,False,16,0,0,28,,energy_depleted,0.01,0.7
8025,151.0,87,True,3,0,0,26,87,goal_reached,0.01,0.7
8026,154.0,88,True,2,0,0,26,88,goal_reached,0.01,0.7
8027,123.0,99,True,7,0,0,26,99,goal_reached,0.01,0.7
8028,123.0,99,True,7,0,0,26,99,goal_reached,0.01,0.7
8029,151.0,87,True,3,0,0,26,87,goal_reached,0.01,0.7
8030,151.0,87,True,3,0,0,26,87,goal_reached,0.01,0.7
8031,-70.0,100,False,5,0,0,26,,energy_depleted,0.01,0.7
8032,113.0,99,True,7,1,0,26,99,goal_reached,0.01,0.7
8033,159.0,87,True,1,0,0,26,87,goal_reached,0.01,0.7
8034,151.0,87,True,3,0,0,26,87,goal_reached,0.01,0.7
8035,123.0,99,True,7,0,0,26,99,goal_reached,0.01,0.7
8036,107.0,99,True,11,0,0,26,99,goal_reached,0.01,0.7
8037,159.0,87,True,1,0,0,26,87,goal_reached,0.01,0.7
8038,139.0,99,True,3,0,0,26,99,goal_reached,0.01,0.7
8039,159.0,87,True,1,0,0,26,87,goal_reached,0.01,0.7
8040,123.0,99,True,7,0,0,26,99,goal_reached,0.01,0.7
8041,151.0,87,True,3,0,0,26,87,goal_reached,0.01,0.7
8042,-70.0,100,False,5,0,0,28,,energy_depleted,0.01,0.7
8043,151.0,87,True,3,0,0,26,87,goal_reached,0.01,0.7
8044,151.0,87,True,3,0,0,26,87,goal_reached,0.01,0.7
8045,139.0,99,True,3,0,0,26,99,goal_reached,0.01,0.7
8046,143.0,87,True,5,0,0,26,87,goal_reached,0.01,0.7
8047,151.0,87,True,3,0,0,26,87,goal_reached,0.01,0.7
8048,151.0,87,True,3,0,0,26,87,goal_reached,0.01,0.7
8049,159.0,87,True,1,0,0,26,87,goal_reached,0.01,0.7
8050,127.0,87,True,9,0,0,26,87,goal_reached,0.01,0.7
8051,159.0,87,True,1,0,0,26,87,goal_reached,0.01,0.7
8052,151.0,87,True,3,0,0,26,87,goal_reached,0.01,0.7
8053,115.0,99,True,9,0,0,26,99,goal_reached,0.01,0.7
8054,159.0,87,True,1,0,0,26,87,goal_reached,0.01,0.7
8055,159.0,87,True,1,0,0,26,87,goal_reached,0.01,0.7
8056,131.0,99,True,5,0,0,26,99,goal_reached,0.01,0.7
8057,131.0,99,True,5,0,0,26,99,goal_reached,0.01,0.7
8058,151.0,87,True,3,0,0,26,87,goal_reached,0.01,0.7
8059,159.0,87,True,1,0,0,26,87,goal_reached,0.01,0.7
8060,-50.0,100,False,0,0,0,28,,energy_depleted,0.01,0.7
8061,159.0,87,True,1,0,0,26,87,goal_reached,0.01,0.7
8062,151.0,87,True,3,0,0,26,87,goal_reached,0.01,0.7
8063,151.0,87,True,3,0,0,26,87,goal_reached,0.01,0.7
8064,97.0,99,True,11,1,0,26,99,goal_reached,0.01,0.7
8065,159.0,87,True,1,0,0,26,87,goal_reached,0.01,0.7
8066,105.0,99,True,9,1,0,26,99,goal_reached,0.01,0.7
8067,131.0,99,True,5,0,0,26,99,goal_reached,0.01,0.7
8068,159.0,87,True,1,0,0,26,87,goal_reached,0.01,0.7
8069,139.0,99,True,3,0,0,26,99,goal_reached,0.01,0.7
8070,159.0,87,True,1,0,0,26,87,goal_reached,0.01,0.7
8071,-86.0,100,False,9,0,0,29,,energy_depleted,0.01,0.7
8072,151.0,87,True,3,0,0,26,87,goal_reached,0.01,0.7
8073,151.0,87,True,3,0,0,26,87,goal_reached,0.01,0.7
8074,121.0,99,True,5,1,0,26,99,goal_reached,0.01,0.7
8075,159.0,87,True,1,0,0,26,87,goal_reached,0.01,0.7
8076,131.0,99,True,5,0,0,26,99,goal_reached,0.01,0.7
8077,123.0,99,True,7,0,0,26,99,goal_reached,0.01,0.7
8078,151.0,87,True,3,0,0,26,87,goal_reached,0.01,0.7
8079,159.0,87,True,1,0,0,26,87,goal_reached,0.01,0.7
8080,151.0,87,True,3,0,0,26,87,goal_reached,0.01,0.7
8081,139.0,99,True,3,0,0,26,99,goal_reached,0.01,0.7
8082,151.0,87,True,3,0,0,26,87,goal_reached,0.01,0.7
8083,135.0,87,True,7,0,0,26,87,goal_reached,0.01,0.7
8084,139.0,99,True,3,0,0,26,99,goal_reached,0.01,0.7
8085,-86.0,100,False,9,0,0,26,,energy_depleted,0.01,0.7
8086,131.0,99,True,5,0,0,26,99,goal_reached,0.01,0.7
8087,-96.0,100,False,9,1,0,26,,energy_depleted,0.01,0.7
8088,115.0,99,True,9,0,0,26,99,goal_reached,0.01,0.7
8089,-82.0,100,False,8,0,0,26,,energy_depleted,0.01,0.7
8090,123.0,99,True,7,0,0,26,99,goal_reached,0.01,0.7
8091,-90.0,100,False,10,0,0,26,,energy_depleted,0.01,0.7
8092,131.0,99,True,5,0,0,28,99,goal_reached,0.01,0.7
8093,107.0,99,True,11,0,0,26,99,goal_reached,0.01,0.7
8094,-70.0,100,False,5,0,0,26,,energy_depleted,0.01,0.7
8095,159.0,87,True,1,0,0,26,87,goal_reached,0.01,0.7
8096,115.0,99,True,9,0,0,26,99,goal_reached,0.01,0.7
8097,139.0,99,True,3,0,0,26,99,goal_reached,0.01,0.7
8098,-118.0,100,False,17,0,0,26,,energy_depleted,0.01,0.7
8099,131.0,87,True,3,2,0,26,87,goal_reached,0.01,0.7
8100,131.0,99,True,5,0,0,26,99,goal_reached,0.01,0.7
8101,123.0,99,True,7,0,0,26,99,goal_reached,0.01,0.7
8102,-86.0,100,False,9,0,0,26,,energy_depleted,0.01,0.7
8103,-78.0,100,False,7,0,0,26,,energy_depleted,0.01,0.7
8104,-78.0,100,False,7,0,0,26,,energy_depleted,0.01,0.7
8105,-70.0,100,False,5,0,0,26,,energy_depleted,0.01,0.7
8106,-66.0,100,False,4,0,0,26,,energy_depleted,0.01,0.7
8107,-98.0,100,False,12,0,0,26,,energy_depleted,0.01,0.7
8108,-66.0,100,False,4,0,0,26,,energy_depleted,0.01,0.7
8109,-62.0,100,False,3,0,0,26,,energy_depleted,0.01,0.7
8110,-90.0,100,False,10,0,0,26,,energy_depleted,0.01,0.7
8111,-90.0,100,False,10,0,0,26,,energy_depleted,0.01,0.7
8112,-86.0,100,False,9,0,0,26,,energy_depleted,0.01,0.7
8113,-70.0,100,False,5,0,0,28,,energy_depleted,0.01,0.7
8114,-82.0,100,False,8,0,0,26,,energy_depleted,0.01,0.7
8115,-86.0,100,False,9,0,0,28,,energy_depleted,0.01,0.7
8116,-138.0,100,False,22,0,0,26,,energy_depleted,0.01,0.7
8117,-74.0,100,False,6,0,0,26,,energy_depleted,0.01,0.7
8118,-70.0,100,False,5,0,0,26,,energy_depleted,0.01,0.7
8119,-78.0,100,False,7,0,0,26,,energy_depleted,0.01,0.7
8120,-82.0,100,False,8,0,0,26,,energy_depleted,0.01,0.7
8121,-154.0,100,False,16,4,0,26,,energy_depleted,0.01,0.7
8122,-58.0,100,False,2,0,0,26,,energy_depleted,0.01,0.7
8123,-96.0,100,False,9,1,0,26,,energy_depleted,0.01,0.7
8124,-70.0,100,False,5,0,0,26,,energy_depleted,0.01,0.7
8125,-70.0,100,False,5,0,0,26,,energy_depleted,0.01,0.7
8126,-78.0,100,False,7,0,0,26,,energy_depleted,0.01,0.7
8127,-76.0,100,False,4,1,0,26,,energy_depleted,0.01,0.7
8128,135.0,87,True,7,0,0,26,87,goal_reached,0.01,0.7
8129,-70.0,100,False,5,0,0,26,,energy_depleted,0.01,0.7
8130,-134.0,100,False,16,2,0,26,,energy_depleted,0.01,0.7
8131,-120.0,100,False,15,1,0,26,,energy_depleted,0.01,0.7
8132,-82.0,100,False,8,0,0,26,,energy_depleted,0.01,0.7
8133,-86.0,100,False,9,0,0,26,,energy_depleted,0.01,0.7
8134,-82.0,100,False,8,0,0,26,,energy_depleted,0.01,0.7
8135,-70.0,100,False,5,0,0,26,,energy_depleted,0.01,0.7
8136,159.0,87,True,1,0,0,28,87,goal_reached,0.01,0.7
8137,-72.0,100,False,3,1,0,26,,energy_depleted,0.01,0.7
8138,-66.0,100,False,4,0,0,28,,energy_depleted,0.01,0.7
8139,151.0,87,True,3,0,0,26,87,goal_reached,0.01,0.7
8140,-74.0,100,False,6,0,0,26,,energy_depleted,0.01,0.7
8141,-74.0,100,False,6,0,0,26,,energy_depleted,0.01,0.7
8142,-82.0,100,False,8,0,0,26,,energy_depleted,0.01,0.7
8143,-70.0,100,False,5,0,0,26,,energy_depleted,0.01,0.7
8144,-70.0,100,False,5,0,0,26,,energy_depleted,0.01,0.7
8145,-54.0,100,False,1,0,0,26,,energy_depleted,0.01,0.7
8146,-54.0,100,False,1,0,0,26,,energy_depleted,0.01,0.7
8147,-78.0,100,False,7,0,0,26,,energy_depleted,0.01,0.7
8148,-70.0,100,False,5,0,0,26,,energy_depleted,0.01,0.7
8149,-78.0,100,False,7,0,0,26,,energy_depleted,0.01,0.7
8150,-102.0,100,False,13,0,0,26,,energy_depleted,0.01,0.7
8151,-58.0,100,False,2,0,0,26,,energy_depleted,0.01,0.7
8152,-102.0,100,False,8,2,0,26,,energy_depleted,0.01,0.7
8153,-58.0,100,False,2,0,0,26,,energy_depleted,0.01,0.7
8154,-74.0,100,False,6,0,0,26,,energy_depleted,0.01,0.7
8155,-54.0,100,False,1,0,0,26,,energy_depleted,0.01,0.7
8156,-54.0,100,False,1,0,0,26,,energy_depleted,0.01,0.7
8157,-74.0,100,False,6,0,0,26,,energy_depleted,0.01,0.7
8158,-66.0,100,False,4,0,0,26,,energy_depleted,0.01,0.7
8159,-130.0,100,False,20,0,0,26,,energy_depleted,0.01,0.7
8160,-94.0,100,False,11,0,0,26,,energy_depleted,0.01,0.7
8161,85.0,99,True,9,3,0,26,99,goal_reached,0.01,0.7
8162,-104.0,100,False,11,1,0,26,,energy_depleted,0.01,0.7
8163,-82.0,100,False,8,0,0,26,,energy_depleted,0.01,0.7
8164,-74.0,100,False,6,0,0,26,,energy_depleted,0.01,0.7
8165,139.0,99,True,3,0,0,26,99,goal_reached,0.01,0.7
8166,-164.0,100,False,26,1,0,26,,energy_depleted,0.01,0.7
8167,131.0,99,True,5,0,0,26,99,goal_reached,0.01,0.7
8168,-90.0,100,False,10,0,0,26,,energy_depleted,0.01,0.7
8169,-54.0,100,False,1,0,0,26,,energy_depleted,0.01,0.7
8170,-72.0,100,False,3,1,0,26,,energy_depleted,0.01,0.7
8171,-96.0,100,False,9,1,0,26,,energy_depleted,0.01,0.7
8172,131.0,99,True,5,0,0,26,99,goal_reached,0.01,0.7
8173,-82.0,100,False,8,0,0,26,,energy_depleted,0.01,0.7
8174,-74.0,100,False,6,0,0,26,,energy_depleted,0.01,0.7
8175,-66.0,100,False,4,0,0,26,,energy_depleted,0.01,0.7
8176,-144.0,100,False,21,1,0,26,,energy_depleted,0.01,0.7
8177,-62.0,100,False,3,0,0,26,,energy_depleted,0.01,0.7
8178,-66.0,100,False,4,0,0,26,,energy_depleted,0.01,0.7
8179,-74.0,100,False,6,0,0,26,,energy_depleted,0.01,0.7
8180,-74.0,100,False,6,0,0,26,,energy_depleted,0.01,0.7
8181,-82.0,100,False,8,0,0,26,,energy_depleted,0.01,0.7
8182,-80.0,100,False,5,1,0,26,,energy_depleted,0.01,0.7
8183,-74.0,100,False,6,0,0,26,,energy_depleted,0.01,0.7
8184,-58.0,100,False,2,0,0,26,,energy_depleted,0.01,0.7
8185,-74.0,100,False,6,0,0,26,,energy_depleted,0.01,0.7
8186,-110.0,100,False,15,0,0,26,,energy_depleted,0.01,0.7
8187,-58.0,100,False,2,0,0,26,,energy_depleted,0.01,0.7
8188,-82.0,100,False,8,0,0,26,,energy_depleted,0.01,0.7
8189,-98.0,100,False,12,0,0,26,,energy_depleted,0.01,0.7
8190,-98.0,100,False,12,0,0,26,,energy_depleted,0.01,0.7
8191,-90.0,100,False,10,0,0,26,,energy_depleted,0.01,0.7
8192,-70.0,100,False,5,0,0,26,,energy_depleted,0.01,0.7
8193,-94.0,100,False,11,0,0,23,,energy_depleted,0.01,0.7
8194,-86.0,100,False,9,0,0,26,,energy_depleted,0.01,0.7
8195,-58.0,100,False,2,0,0,26,,energy_depleted,0.01,0.7
8196,-70.0,100,False,5,0,0,26,,energy_depleted,0.01,0.7
8197,-94.0,100,False,11,0,0,26,,energy_depleted,0.01,0.7
8198,-90.0,100,False,10,0,0,26,,energy_depleted,0.01,0.7
8199,-82.0,100,False,8,0,0,26,,energy_depleted,0.01,0.7
8200,123.0,99,True,7,0,0,26,99,goal_reached,0.01,0.7
8201,-110.0,100,False,15,0,0,26,,energy_depleted,0.01,0.7
8202,-86.0,100,False,9,0,0,26,,energy_depleted,0.01,0.7
8203,-86.0,100,False,9,0,0,26,,energy_depleted,0.01,0.7
8204,-58.0,100,False,2,0,0,26,,energy_depleted,0.01,0.7
8205,-70.0,100,False,5,0,0,26,,energy_depleted,0.01,0.7
8206,-70.0,100,False,5,0,0,26,,energy_depleted,0.01,0.7
8207,-86.0,100,False,4,2,0,26,,energy_depleted,0.01,0.7
8208,-66.0,100,False,4,0,0,26,,energy_depleted,0.01,0.7
8209,-74.0,100,False,6,0,0,26,,energy_depleted,0.01,0.7
8210,-74.0,100,False,6,0,0,26,,energy_depleted,0.01,0.7
8211,89.0,99,True,13,1,0,26,99,goal_reached,0.01,0.7
8212,131.0,99,True,5,0,0,26,99,goal_reached,0.01,0.7
8213,-102.0,100,False,8,2,0,26,,energy_depleted,0.01,0.7
8214,-102.0,100,False,8,2,0,26,,energy_depleted,0.01,0.7
8215,-108.0,100,False,12,1,0,26,,energy_depleted,0.01,0.7
8216,121.0,99,True,5,1,0,26,99,goal_reached,0.01,0.7
8217,-62.0,100,False,3,0,0,26,,energy_depleted,0.01,0.7
8218,-54.0,100,False,1,0,0,26,,energy_depleted,0.01,0.7
8219,-62.0,100,False,3,0,0,26,,energy_depleted,0.01,0.7
8220,-70.0,100,False,5,0,0,26,,energy_depleted,0.01,0.7
8221,-62.0,100,False,3,0,0,26,,energy_depleted,0.01,0.7
8222,-70.0,100,False,5,0,0,28,,energy_depleted,0.01,0.7
8223,107.0,99,True,11,0,0,26,99,goal_reached,0.01,0.7
8224,-96.0,100,False,9,1,0,26,,energy_depleted,0.01,0.7
8225,-98.0,100,False,12,0,0,26,,energy_depleted,0.01,0.7
8226,-94.0,100,False,11,0,0,26,,energy_depleted,0.01,0.7
8227,-74.0,100,False,6,0,0,26,,energy_depleted,0.01,0.7
8228,-88.0,100,False,7,1,0,36,,energy_depleted,0.01,0.7
8229,133.0,87,True,5,1,0,28,87,goal_reached,0.01,0.7
8230,-78.0,100,False,7,0,0,26,,energy_depleted,0.01,0.7
8231,-78.0,100,False,7,0,0,26,,energy_depleted,0.01,0.7
8232,-76.0,100,False,4,1,0,26,,energy_depleted,0.01,0.7
8233,-78.0,100,False,7,0,0,26,,energy_depleted,0.01,0.7
8234,151.0,87,True,3,0,0,26,87,goal_reached,0.01,0.7
8235,-62.0,100,False,3,0,0,26,,energy_depleted,0.01,0.7
8236,-74.0,100,False,6,0,0,26,,energy_depleted,0.01,0.7
8237,139.0,99,True,3,0,0,26,99,goal_reached,0.01,0.7
8238,-54.0,100,False,1,0,0,26,,energy_depleted,0.01,0.7
8239,147.0,99,True,1,0,0,26,99,goal_reached,0.01,0.7
8240,-66.0,100,False,4,0,0,26,,energy_depleted,0.01,0.7
8241,147.0,99,True,1,0,0,26,99,goal_reached,0.01,0.7
8242,105.0,99,True,9,1,0,26,99,goal_reached,0.01,0.7
8243,-62.0,100,False,3,0,0,26,,energy_depleted,0.01,0.7
8244,131.0,99,True,5,0,0,26,99,goal_reached,0.01,0.7
8245,139.0,99,True,3,0,0,26,99,goal_reached,0.01,0.7
8246,131.0,99,True,5,0,0,26,99,goal_reached,0.01,0.7
8247,139.0,99,True,3,0,0,26,99,goal_reached,0.01,0.7
8248,121.0,99,True,5,1,0,26,99,goal_reached,0.01,0.7
8249,139.0,99,True,3,0,0,26,99,goal_reached,0.01,0.7
8250,-90.0,100,False,10,0,0,26,,energy_depleted,0.01,0.7
8251,147.0,99,True,1,0,0,26,99,goal_reached,0.01,0.7
8252,-74.0,100,False,6,0,0,26,,energy_depleted,0.01,0.7
8253,-58.0,100,False,2,0,0,26,,energy_depleted,0.01,0.7
8254,-80.0,100,False,5,1,0,26,,energy_depleted,0.01,0.7
8255,139.0,99,True,3,0,0,26,99,goal_reached,0.01,0.7
8256,-66.0,100,False,4,0,0,26,,energy_depleted,0.01,0.7
8257,-62.0,100,False,3,0,0,28,,energy_depleted,0.01,0.7
8258,131.0,99,True,5,0,0,26,99,goal_reached,0.01,0.7
8259,131.0,99,True,5,0,0,26,99,goal_reached,0.01,0.7
8260,115.0,99,True,9,0,0,26,99,goal_reached,0.01,0.7
8261,147.0,99,True,1,0,0,26,99,goal_reached,0.01,0.7
8262,-78.0,100,False,7,0,0,26,,energy_depleted,0.01,0.7
8263,-90.0,100,False,5,2,0,26,,energy_depleted,0.01,0.7
8264,121.0,99,True,5,1,0,26,99,goal_reached,0.01,0.7
8265,95.0,99,True,9,2,0,26,99,goal_reached,0.01,0.7
8266,139.0,99,True,3,0,0,26,99,goal_reached,0.01,0.7
8267,147.0,99,True,1,0,0,26,99,goal_reached,0.01,0.7
8268,139.0,99,True,3,0,0,26,99,goal_reached,0.01,0.7
8269,121.0,99,True,5,1,0,26,99,goal_reached,0.01,0.7
8270,-82.0,100,False,8,0,0,26,,energy_depleted,0.01,0.7
8271,-108.0,100,False,12,1,0,26,,energy_depleted,0.01,0.7
8272,131.0,99,True,5,0,0,26,99,goal_reached,0.01,0.7
8273,-66.0,100,False,4,0,0,28,,energy_depleted,0.01,0.7
8274,-82.0,100,False,8,0,0,26,,energy_depleted,0.01,0.7
8275,-62.0,100,False,3,0,0,26,,energy_depleted,0.01,0.7
8276,-68.0,100,False,2,1,0,26,,energy_depleted,0.01,0.7
8277,131.0,99,True,5,0,0,26,99,goal_reached,0.01,0.7
8278,139.0,99,True,3,0,0,26,99,goal_reached,0.01,0.7
8279,134.0,100,True,4,0,0,26,100,goal_reached,0.01,0.7
8280,-82.0,100,False,8,0,0,26,,energy_depleted,0.01,0.7
8281,-102.0,100,False,13,0,0,26,,energy_depleted,0.01,0.7
8282,139.0,99,True,3,0,0,26,99,goal_reached,0.01,0.7
8283,-70.0,100,False,5,0,0,26,,energy_depleted,0.01,0.7
8284,-72.0,100,False,3,1,0,26,,energy_depleted,0.01,0.7
8285,-54.0,100,False,1,0,0,26,,energy_depleted,0.01,0.7
8286,131.0,99,True,5,0,0,26,99,goal_reached,0.01,0.7
8287,-98.0,100,False,7,2,0,26,,energy_depleted,0.01,0.7
8288,131.0,99,True,5,0,0,26,99,goal_reached,0.01,0.7
8289,147.0,99,True,1,0,0,26,99,goal_reached,0.01,0.7
8290,-82.0,100,False,8,0,0,26,,energy_depleted,0.01,0.7
8291,139.0,99,True,3,0,0,26,99,goal_reached,0.01,0.7
8292,-84.0,100,False,6,1,0,26,,energy_depleted,0.01,0.7
8293,113.0,99,True,7,1,0,26,99,goal_reached,0.01,0.7
8294,139.0,99,True,3,0,0,26,99,goal_reached,0.01,0.7
8295,-92.0,100,False,8,1,0,26,,energy_depleted,0.01,0.7
8296,-58.0,100,False,2,0,0,26,,energy_depleted,0.01,0.7
8297,131.0,99,True,5,0,0,26,99,goal_reached,0.01,0.7
8298,151.0,87,True,3,0,0,26,87,goal_reached,0.01,0.7
8299,-58.0,100,False,2,0,0,26,,energy_depleted,0.01,0.7
8300,131.0,99,True,5,0,0,26,99,goal_reached,0.01,0.7
8301,139.0,99,True,3,0,0,26,99,goal_reached,0.01,0.7
8302,-66.0,100,False,4,0,0,26,,energy_depleted,0.01,0.7
8303,-66.0,100,False,4,0,0,26,,energy_depleted,0.01,0.7
8304,-86.0,100,False,9,0,0,26,,energy_depleted,0.01,0.7
8305,-54.0,100,False,1,0,0,26,,energy_depleted,0.01,0.7
8306,-78.0,100,False,7,0,0,28,,energy_depleted,0.01,0.7
8307,-74.0,100,False,6,0,0,26,,energy_depleted,0.01,0.7
8308,123.0,99,True,7,0,0,26,99,goal_reached,0.01,0.7
8309,-110.0,100,False,15,0,0,26,,energy_depleted,0.01,0.7
8310,-98.0,100,False,12,0,0,26,,energy_depleted,0.01,0.7
8311,-78.0,100,False,7,0,0,26,,energy_depleted,0.01,0.7
8312,131.0,99,True,5,0,0,26,99,goal_reached,0.01,0.7
8313,143.0,87,True,5,0,0,29,87,goal_reached,0.01,0.7
8314,-58.0,100,False,2,0,0,26,,energy_depleted,0.01,0.7
8315,-90.0,100,False,10,0,0,26,,energy_depleted,0.01,0.7
8316,-66.0,100,False,4,0,0,26,,energy_depleted,0.01,0.7
8317,-90.0,100,False,10,0,0,26,,energy_depleted,0.01,0.7
8318,123.0,99,True,7,0,0,26,99,goal_reached,0.01,0.7
8319,115.0,99,True,9,0,0,26,99,goal_reached,0.01,0.7
8320,-54.0,100,False,1,0,0,26,,energy_depleted,0.01,0.7
8321,139.0,99,True,3,0,0,26,99,goal_reached,0.01,0.7
8322,139.0,99,True,3,0,0,26,99,goal_reached,0.01,0.7
8323,139.0,99,True,3,0,0,26,99,goal_reached,0.01,0.7
8324,139.0,99,True,3,0,0,26,99,goal_reached,0.01,0.7
8325,147.0,99,True,1,0,0,26,99,goal_reached,0.01,0.7
8326,-98.0,100,False,12,0,0,26,,energy_depleted,0.01,0.7
8327,121.0,99,True,5,1,0,26,99,goal_reached,0.01,0.7
8328,131.0,99,True,5,0,0,26,99,goal_reached,0.01,0.7
8329,131.0,99,True,5,0,0,26,99,goal_reached,0.01,0.7
8330,-70.0,100,False,5,0,0,26,,energy_depleted,0.01,0.7
8331,131.0,99,True,5,0,0,28,99,goal_reached,0.01,0.7
8332,119.0,99,True,3,2,0,26,99,goal_reached,0.01,0.7
8333,147.0,99,True,1,0,0,26,99,goal_reached,0.01,0.7
8334,-70.0,100,False,5,0,0,26,,energy_depleted,0.01,0.7
8335,131.0,99,True,5,0,0,26,99,goal_reached,0.01,0.7
8336,162.0,88,True,0,0,0,26,88,goal_reached,0.01,0.7
8337,123.0,99,True,7,0,0,26,99,goal_reached,0.01,0.7
8338,131.0,99,True,5,0,0,26,99,goal_reached,0.01,0.7
8339,139.0,99,True,3,0,0,26,99,goal_reached,0.01,0.7
8340,131.0,99,True,5,0,0,26,99,goal_reached,0.01,0.7
8341,131.0,99,True,5,0,0,26,99,goal_reached,0.01,0.7
8342,123.0,99,True,7,0,0,26,99,goal_reached,0.01,0.7
8343,-70.0,100,False,5,0,0,26,,energy_depleted,0.01,0.7
8344,-78.0,100,False,7,0,0,26,,energy_depleted,0.01,0.7
8345,139.0,99,True,3,0,0,26,99,goal_reached,0.01,0.7
8346,131.0,99,True,5,0,0,26,99,goal_reached,0.01,0.7
8347,159.0,87,True,1,0,0,28,87,goal_reached,0.01,0.7
8348,131.0,99,True,5,0,0,26,99,goal_reached,0.01,0.7
8349,123.0,99,True,7,0,0,26,99,goal_reached,0.01,0.7
8350,-66.0,100,False,4,0,0,26,,energy_depleted,0.01,0.7
8351,127.0,99,True,1,2,0,26,99,goal_reached,0.01,0.7
8352,139.0,99,True,3,0,0,26,99,goal_reached,0.01,0.7
8353,121.0,99,True,5,1,0,26,99,goal_reached,0.01,0.7
8354,131.0,99,True,5,0,0,26,99,goal_reached,0.01,0.7
8355,137.0,99,True,1,1,0,26,99,goal_reached,0.01,0.7
8356,139.0,99,True,3,0,0,26,99,goal_reached,0.01,0.7
8357,-74.0,100,False,6,0,0,26,,energy_depleted,0.01,0.7
8358,123.0,99,True,7,0,0,26,99,goal_reached,0.01,0.7
8359,131.0,99,True,5,0,0,26,99,goal_reached,0.01,0.7
8360,147.0,99,True,1,0,0,26,99,goal_reached,0.01,0.7
8361,-58.0,100,False,2,0,0,26,,energy_depleted,0.01,0.7
8362,151.0,87,True,3,0,0,28,87,goal_reached,0.01,0.7
8363,-98.0,100,False,12,0,0,26,,energy_depleted,0.01,0.7
8364,-54.0,100,False,1,0,0,26,,energy_depleted,0.01,0.7
8365,-70.0,100,False,5,0,0,26,,energy_depleted,0.01,0.7
8366,119.0,99,True,3,2,0,26,99,goal_reached,0.01,0.7
8367,139.0,99,True,3,0,0,26,99,goal_reached,0.01,0.7
8368,131.0,99,True,5,0,0,26,99,goal_reached,0.01,0.7
8369,-96.0,100,False,9,1,0,28,,energy_depleted,0.01,0.7
8370,-66.0,100,False,4,0,0,26,,energy_depleted,0.01,0.7
8371,137.0,99,True,1,1,0,26,99,goal_reached,0.01,0.7
8372,131.0,99,True,5,0,0,26,99,goal_reached,0.01,0.7
8373,131.0,99,True,5,0,0,26,99,goal_reached,0.01,0.7
8374,-62.0,100,False,3,0,0,26,,energy_depleted,0.01,0.7
8375,139.0,99,True,3,0,0,26,99,goal_reached,0.01,0.7
8376,139.0,99,True,3,0,0,26,99,goal_reached,0.01,0.7
8377,147.0,99,True,1,0,0,26,99,goal_reached,0.01,0.7
8378,147.0,99,True,1,0,0,26,99,goal_reached,0.01,0.7
8379,147.0,99,True,1,0,0,26,99,goal_reached,0.01,0.7
8380,129.0,99,True,3,1,0,26,99,goal_reached,0.01,0.7
8381,131.0,99,True,5,0,0,26,99,goal_reached,0.01,0.7
8382,147.0,99,True,1,0,0,26,99,goal_reached,0.01,0.7
8383,123.0,99,True,7,0,0,26,99,goal_reached,0.01,0.7
8384,-58.0,100,False,2,0,0,26,,energy_depleted,0.01,0.7
8385,139.0,99,True,3,0,0,26,99,goal_reached,0.01,0.7
8386,139.0,99,True,3,0,0,26,99,goal_reached,0.01,0.7
8387,131.0,99,True,5,0,0,26,99,goal_reached,0.01,0.7
8388,-66.0,100,False,4,0,0,26,,energy_depleted,0.01,0.7
8389,131.0,99,True,5,0,0,28,99,goal_reached,0.01,0.7
8390,-98.0,100,False,12,0,0,26,,energy_depleted,0.01,0.7
8391,139.0,99,True,3,0,0,26,99,goal_reached,0.01,0.7
8392,-70.0,100,False,5,0,0,26,,energy_depleted,0.01,0.7
8393,-82.0,100,False,8,0,0,26,,energy_depleted,0.01,0.7
8394,131.0,99,True,5,0,0,26,99,goal_reached,0.01,0.7
8395,139.0,99,True,3,0,0,26,99,goal_reached,0.01,0.7
8396,131.0,99,True,5,0,0,26,99,goal_reached,0.01,0.7
8397,129.0,99,True,3,1,0,26,99,goal_reached,0.01,0.7
8398,-74.0,100,False,6,0,0,26,,energy_depleted,0.01,0.7
8399,-82.0,100,False,8,0,0,26,,energy_depleted,0.01,0.7
8400,-70.0,100,False,5,0,0,26,,energy_depleted,0.01,0.7
8401,-86.0,100,False,9,0,0,26,,energy_depleted,0.01,0.7
8402,-54.0,100,False,1,0,0,26,,energy_depleted,0.01,0.7
8403,139.0,99,True,3,0,0,26,99,goal_reached,0.01,0.7
8404,-98.0,100,False,12,0,0,26,,energy_depleted,0.01,0.7
8405,123.0,99,True,7,0,0,26,99,goal_reached,0.01,0.7
8406,-62.0,100,False,3,0,0,26,,energy_depleted,0.01,0.7
8407,-70.0,100,False,5,0,0,26,,energy_depleted,0.01,0.7
8408,129.0,99,True,3,1,0,26,99,goal_reached,0.01,0.7
8409,139.0,99,True,3,0,0,26,99,goal_reached,0.01,0.7
8410,-94.0,100,False,11,0,0,26,,energy_depleted,0.01,0.7
8411,-82.0,100,False,8,0,0,26,,energy_depleted,0.01,0.7
8412,-66.0,100,False,4,0,0,26,,energy_depleted,0.01,0.7
8413,-82.0,100,False,8,0,0,26,,energy_depleted,0.01,0.7
8414,-66.0,100,False,4,0,0,26,,energy_depleted,0.01,0.7
8415,-78.0,100,False,7,0,0,40,,energy_depleted,0.01,0.7
8416,139.0,99,True,3,0,0,26,99,goal_reached,0.01,0.7
8417,-106.0,100,False,14,0,0,26,,energy_depleted,0.01,0.7
8418,137.0,99,True,1,1,0,26,99,goal_reached,0.01,0.7
8419,139.0,99,True,3,0,0,26,99,goal_reached,0.01,0.7
8420,-82.0,100,False,8,0,0,26,,energy_depleted,0.01,0.7
8421,-94.0,100,False,11,0,0,26,,energy_depleted,0.01,0.7
8422,131.0,99,True,5,0,0,26,99,goal_reached,0.01,0.7
8423,-90.0,100,False,10,0,0,26,,energy_depleted,0.01,0.7
8424,131.0,99,True,5,0,0,26,99,goal_reached,0.01,0.7
8425,-78.0,100,False,7,0,0,26,,energy_depleted,0.01,0.7
8426,-58.0,100,False,2,0,0,26,,energy_depleted,0.01,0.7
8427,-68.0,100,False,2,1,0,26,,energy_depleted,0.01,0.7
8428,113.0,99,True,7,1,0,26,99,goal_reached,0.01,0.7
8429,-58.0,100,False,2,0,0,26,,energy_depleted,0.01,0.7
8430,-62.0,100,False,3,0,0,26,,energy_depleted,0.01,0.7
8431,-86.0,100,False,9,0,0,26,,energy_depleted,0.01,0.7
8432,131.0,99,True,5,0,0,26,99,goal_reached,0.01,0.7
8433,-54.0,100,False,1,0,0,26,,energy_depleted,0.01,0.7
8434,-76.0,100,False,4,1,0,26,,energy_depleted,0.01,0.7
8435,-78.0,100,False,7,0,0,26,,energy_depleted,0.01,0.7
8436,-70.0,100,False,5,0,0,26,,energy_depleted,0.01,0.7
8437,-70.0,100,False,5,0,0,26,,energy_depleted,0.01,0.7
8438,-90.0,100,False,10,0,0,26,,energy_depleted,0.01,0.7
8439,-74.0,100,False,6,0,0,26,,energy_depleted,0.01,0.7
8440,131.0,99,True,5,0,0,26,99,goal_reached,0.01,0.7
8441,-66.0,100,False,4,0,0,26,,energy_depleted,0.01,0.7
8442,159.0,87,True,1,0,0,26,87,goal_reached,0.01,0.7
8443,-98.0,100,False,7,2,0,26,,energy_depleted,0.01,0.7
8444,-58.0,100,False,2,0,0,26,,energy_depleted,0.01,0.7
8445,-70.0,100,False,5,0,0,26,,energy_depleted,0.01,0.7
8446,-58.0,100,False,2,0,0,26,,energy_depleted,0.01,0.7
8447,129.0,99,True,3,1,0,26,99,goal_reached,0.01,0.7
8448,131.0,99,True,5,0,0,26,99,goal_reached,0.01,0.7
8449,147.0,99,True,1,0,0,26,99,goal_reached,0.01,0.7
8450,139.0,99,True,3,0,0,26,99,goal_reached,0.01,0.7
8451,147.0,99,True,1,0,0,26,99,goal_reached,0.01,0.7
8452,131.0,99,True,5,0,0,26,99,goal_reached,0.01,0.7
8453,139.0,99,True,3,0,0,26,99,goal_reached,0.01,0.7
8454,139.0,99,True,3,0,0,26,99,goal_reached,0.01,0.7
8455,-54.0,100,False,1,0,0,26,,energy_depleted,0.01,0.7
8456,131.0,99,True,5,0,0,26,99,goal_reached,0.01,0.7
8457,-50.0,100,False,0,0,0,26,,energy_depleted,0.01,0.7
8458,147.0,99,True,1,0,0,26,99,goal_reached,0.01,0.7
8459,139.0,99,True,3,0,0,26,99,goal_reached,0.01,0.7
8460,139.0,99,True,3,0,0,26,99,goal_reached,0.01,0.7
8461,139.0,99,True,3,0,0,26,99,goal_reached,0.01,0.7
8462,129.0,99,True,3,1,0,26,99,goal_reached,0.01,0.7
8463,-102.0,100,False,8,2,0,26,,energy_depleted,0.01,0.7
8464,147.0,99,True,1,0,0,26,99,goal_reached,0.01,0.7
8465,139.0,99,True,3,0,0,26,99,goal_reached,0.01,0.7
8466,-70.0,100,False,5,0,0,26,,energy_depleted,0.01,0.7
8467,131.0,99,True,5,0,0,26,99,goal_reached,0.01,0.7
8468,129.0,99,True,3,1,0,26,99,goal_reached,0.01,0.7
8469,123.0,99,True,7,0,0,26,99,goal_reached,0.01,0.7
8470,139.0,99,True,3,0,0,26,99,goal_reached,0.01,0.7
8471,147.0,99,True,1,0,0,26,99,goal_reached,0.01,0.7
8472,147.0,99,True,1,0,0,26,99,goal_reached,0.01,0.7
8473,-102.0,100,False,8,2,0,26,,energy_depleted,0.01,0.7
8474,131.0,99,True,5,0,0,26,99,goal_reached,0.01,0.7
8475,139.0,99,True,3,0,0,26,99,goal_reached,0.01,0.7
8476,-54.0,100,False,1,0,0,26,,energy_depleted,0.01,0.7
8477,-58.0,100,False,2,0,0,26,,energy_depleted,0.01,0.7
8478,-62.0,100,False,3,0,0,26,,energy_depleted,0.01,0.7
8479,113.0,99,True,7,1,0,26,99,goal_reached,0.01,0.7
8480,-58.0,100,False,2,0,0,26,,energy_depleted,0.01,0.7
8481,139.0,99,True,3,0,0,26,99,goal_reached,0.01,0.7
8482,-86.0,100,False,9,0,0,26,,energy_depleted,0.01,0.7
8483,-58.0,100,False,2,0,0,26,,energy_depleted,0.01,0.7
8484,139.0,99,True,3,0,0,26,99,goal_reached,0.01,0.7
8485,-58.0,100,False,2,0,0,26,,energy_depleted,0.01,0.7
8486,-74.0,100,False,6,0,0,26,,energy_depleted,0.01,0.7
8487,139.0,99,True,3,0,0,26,99,goal_reached,0.01,0.7
8488,147.0,99,True,1,0,0,26,99,goal_reached,0.01,0.7
8489,-74.0,100,False,6,0,0,26,,energy_depleted,0.01,0.7
8490,123.0,99,True,7,0,0,26,99,goal_reached,0.01,0.7
8491,147.0,99,True,1,0,0,26,99,goal_reached,0.01,0.7
8492,147.0,99,True,1,0,0,26,99,goal_reached,0.01,0.7
8493,131.0,99,True,5,0,0,26,99,goal_reached,0.01,0.7
8494,151.0,87,True,3,0,0,26,87,goal_reached,0.01,0.7
8495,147.0,99,True,1,0,0,26,99,goal_reached,0.01,0.7
8496,131.0,99,True,5,0,0,26,99,goal_reached,0.01,0.7
8497,139.0,99,True,3,0,0,26,99,goal_reached,0.01,0.7
8498,139.0,99,True,3,0,0,26,99,goal_reached,0.01,0.7
8499,147.0,99,True,1,0,0,26,99,goal_reached,0.01,0.7
8500,139.0,99,True,3,0,0,26,99,goal_reached,0.01,0.7
8501,139.0,99,True,3,0,0,26,99,goal_reached,0.01,0.7
8502,-82.0,100,False,8,0,0,26,,energy_depleted,0.01,0.7
8503,139.0,99,True,3,0,0,26,99,goal_reached,0.01,0.7
8504,139.0,99,True,3,0,0,26,99,goal_reached,0.01,0.7
8505,139.0,99,True,3,0,0,26,99,goal_reached,0.01,0.7
8506,147.0,99,True,1,0,0,26,99,goal_reached,0.01,0.7
8507,139.0,99,True,3,0,0,26,99,goal_reached,0.01,0.7
8508,139.0,99,True,3,0,0,26,99,goal_reached,0.01,0.7
8509,123.0,99,True,7,0,0,26,99,goal_reached,0.01,0.7
8510,139.0,99,True,3,0,0,26,99,goal_reached,0.01,0.7
8511,139.0,99,True,3,0,0,26,99,goal_reached,0.01,0.7
8512,131.0,99,True,5,0,0,26,99,goal_reached,0.01,0.7
8513,147.0,99,True,1,0,0,26,99,goal_reached,0.01,0.7
8514,123.0,87,True,5,2,0,28,87,goal_reached,0.01,0.7
8515,139.0,99,True,3,0,0,26,99,goal_reached,0.01,0.7
8516,147.0,99,True,1,0,0,26,99,goal_reached,0.01,0.7
8517,147.0,99,True,1,0,0,26,99,goal_reached,0.01,0.7
8518,147.0,99,True,1,0,0,26,99,goal_reached,0.01,0.7
8519,-74.0,100,False,6,0,0,26,,energy_depleted,0.01,0.7
8520,131.0,99,True,5,0,0,26,99,goal_reached,0.01,0.7
8521,-78.0,100,False,7,0,0,26,,energy_depleted,0.01,0.7
8522,129.0,99,True,3,1,0,26,99,goal_reached,0.01,0.7
8523,129.0,99,True,3,1,0,26,99,goal_reached,0.01,0.7
8524,139.0,99,True,3,0,0,26,99,goal_reached,0.01,0.7
8525,131.0,99,True,5,0,0,26,99,goal_reached,0.01,0.7
8526,139.0,99,True,3,0,0,26,99,goal_reached,0.01,0.7
8527,139.0,99,True,3,0,0,26,99,goal_reached,0.01,0.7
8528,-70.0,100,False,5,0,0,26,,energy_depleted,0.01,0.7
8529,139.0,99,True,3,0,0,26,99,goal_reached,0.01,0.7
8530,-54.0,100,False,1,0,0,26,,energy_depleted,0.01,0.7
8531,139.0,99,True,3,0,0,26,99,goal_reached,0.01,0.7
8532,139.0,99,True,3,0,0,26,99,goal_reached,0.01,0.7
8533,139.0,99,True,3,0,0,26,99,goal_reached,0.01,0.7
8534,139.0,99,True,3,0,0,26,99,goal_reached,0.01,0.7
8535,113.0,99,True,7,1,0,26,99,goal_reached,0.01,0.7
8536,131.0,99,True,5,0,0,26,99,goal_reached,0.01,0.7
8537,139.0,99,True,3,0,0,26,99,goal_reached,0.01,0.7
8538,139.0,99,True,3,0,0,26,99,goal_reached,0.01,0.7
8539,147.0,99,True,1,0,0,26,99,goal_reached,0.01,0.7
8540,-92.0,100,False,8,1,0,26,,energy_depleted,0.01,0.7
8541,-66.0,100,False,4,0,0,26,,energy_depleted,0.01,0.7
8542,139.0,99,True,3,0,0,26,99,goal_reached,0.01,0.7
8543,147.0,99,True,1,0,0,26,99,goal_reached,0.01,0.7
8544,139.0,99,True,3,0,0,26,99,goal_reached,0.01,0.7
8545,147.0,99,True,1,0,0,26,99,goal_reached,0.01,0.7
8546,139.0,99,True,3,0,0,26,99,goal_reached,0.01,0.7
8547,139.0,99,True,3,0,0,26,99,goal_reached,0.01,0.7
8548,142.0,100,True,2,0,0,26,100,goal_reached,0.01,0.7
8549,131.0,99,True,5,0,0,26,99,goal_reached,0.01,0.7
8550,-110.0,100,False,15,0,0,26,,energy_depleted,0.01,0.7
8551,-54.0,100,False,1,0,0,26,,energy_depleted,0.01,0.7
8552,131.0,99,True,5,0,0,26,99,goal_reached,0.01,0.7
8553,-70.0,100,False,5,0,0,26,,energy_depleted,0.01,0.7
8554,111.0,99,True,5,2,0,28,99,goal_reached,0.01,0.7
8555,147.0,99,True,1,0,0,26,99,goal_reached,0.01,0.7
8556,139.0,99,True,3,0,0,26,99,goal_reached,0.01,0.7
8557,147.0,99,True,1,0,0,26,99,goal_reached,0.01,0.7
8558,-50.0,100,False,0,0,0,26,,energy_depleted,0.01,0.7
8559,139.0,99,True,3,0,0,26,99,goal_reached,0.01,0.7
8560,-78.0,100,False,7,0,0,26,,energy_depleted,0.01,0.7
8561,105.0,99,True,9,1,0,26,99,goal_reached,0.01,0.7
8562,129.0,99,True,3,1,0,26,99,goal_reached,0.01,0.7
8563,139.0,99,True,3,0,0,26,99,goal_reached,0.01,0.7
8564,147.0,99,True,1,0,0,26,99,goal_reached,0.01,0.7
8565,139.0,99,True,3,0,0,26,99,goal_reached,0.01,0.7
8566,131.0,99,True,5,0,0,26,99,goal_reached,0.01,0.7
8567,147.0,99,True,1,0,0,26,99,goal_reached,0.01,0.7
8568,-66.0,100,False,4,0,0,26,,energy_depleted,0.01,0.7
8569,-66.0,100,False,4,0,0,26,,energy_depleted,0.01,0.7
8570,139.0,99,True,3,0,0,26,99,goal_reached,0.01,0.7
8571,-58.0,100,False,2,0,0,26,,energy_depleted,0.01,0.7
8572,151.0,87,True,3,0,0,26,87,goal_reached,0.01,0.7
8573,-58.0,100,False,2,0,0,26,,energy_depleted,0.01,0.7
8574,139.0,99,True,3,0,0,26,99,goal_reached,0.01,0.7
8575,139.0,99,True,3,0,0,26,99,goal_reached,0.01,0.7
8576,123.0,99,True,7,0,0,26,99,goal_reached,0.01,0.7
8577,139.0,99,True,3,0,0,26,99,goal_reached,0.01,0.7
8578,-58.0,100,False,2,0,0,26,,energy_depleted,0.01,0.7
8579,-78.0,100,False,7,0,0,26,,energy_depleted,0.01,0.7
8580,-58.0,100,False,2,0,0,26,,energy_depleted,0.01,0.7
8581,131.0,99,True,5,0,0,26,99,goal_reached,0.01,0.7
8582,147.0,99,True,1,0,0,26,99,goal_reached,0.01,0.7
8583,131.0,99,True,5,0,0,26,99,goal_reached,0.01,0.7
8584,139.0,99,True,3,0,0,26,99,goal_reached,0.01,0.7
8585,131.0,99,True,5,0,0,26,99,goal_reached,0.01,0.7
8586,129.0,99,True,3,1,0,26,99,goal_reached,0.01,0.7
8587,-66.0,100,False,4,0,0,26,,energy_depleted,0.01,0.7
8588,147.0,99,True,1,0,0,26,99,goal_reached,0.01,0.7
8589,139.0,99,True,3,0,0,26,99,goal_reached,0.01,0.7
8590,129.0,99,True,3,1,0,26,99,goal_reached,0.01,0.7
8591,139.0,99,True,3,0,0,26,99,goal_reached,0.01,0.7
8592,-58.0,100,False,2,0,0,26,,energy_depleted,0.01,0.7
8593,147.0,99,True,1,0,0,26,99,goal_reached,0.01,0.7
8594,131.0,99,True,5,0,0,26,99,goal_reached,0.01,0.7
8595,123.0,99,True,7,0,0,26,99,goal_reached,0.01,0.7
8596,-94.0,100,False,6,2,0,26,,energy_depleted,0.01,0.7
8597,139.0,99,True,3,0,0,26,99,goal_reached,0.01,0.7
8598,139.0,99,True,3,0,0,26,99,goal_reached,0.01,0.7
8599,151.0,87,True,3,0,0,26,87,goal_reached,0.01,0.7
8600,139.0,99,True,3,0,0,26,99,goal_reached,0.01,0.7
8601,131.0,99,True,5,0,0,26,99,goal_reached,0.01,0.7
8602,131.0,99,True,5,0,0,26,99,goal_reached,0.01,0.7
8603,147.0,99,True,1,0,0,26,99,goal_reached,0.01,0.7
8604,151.0,87,True,3,0,0,29,87,goal_reached,0.01,0.7
8605,147.0,99,True,1,0,0,26,99,goal_reached,0.01,0.7
8606,147.0,99,True,1,0,0,26,99,goal_reached,0.01,0.7
8607,139.0,99,True,3,0,0,26,99,goal_reached,0.01,0.7
8608,139.0,99,True,3,0,0,26,99,goal_reached,0.01,0.7
8609,152.0,88,True,0,1,0,26,88,goal_reached,0.01,0.7
8610,139.0,99,True,3,0,0,26,99,goal_reached,0.01,0.7
8611,137.0,99,True,1,1,0,26,99,goal_reached,0.01,0.7
8612,139.0,99,True,3,0,0,26,99,goal_reached,0.01,0.7
8613,-70.0,100,False,5,0,0,26,,energy_depleted,0.01,0.7
8614,-94.0,100,False,11,0,0,26,,energy_depleted,0.01,0.7
8615,139.0,99,True,3,0,0,26,99,goal_reached,0.01,0.7
8616,147.0,99,True,1,0,0,26,99,goal_reached,0.01,0.7
8617,-62.0,100,False,3,0,0,26,,energy_depleted,0.01,0.7
8618,147.0,99,True,1,0,0,26,99,goal_reached,0.01,0.7
8619,147.0,99,True,1,0,0,26,99,goal_reached,0.01,0.7
8620,123.0,99,True,7,0,0,26,99,goal_reached,0.01,0.7
8621,139.0,99,True,3,0,0,26,99,goal_reached,0.01,0.7
8622,131.0,99,True,5,0,0,26,99,goal_reached,0.01,0.7
8623,159.0,87,True,1,0,0,26,87,goal_reached,0.01,0.7
8624,121.0,99,True,5,1,0,28,99,goal_reached,0.01,0.7
8625,131.0,99,True,5,0,0,26,99,goal_reached,0.01,0.7
8626,139.0,99,True,3,0,0,26,99,goal_reached,0.01,0.7
8627,-82.0,100,False,8,0,0,26,,energy_depleted,0.01,0.7
8628,139.0,99,True,3,0,0,26,99,goal_reached,0.01,0.7
8629,139.0,99,True,3,0,0,26,99,goal_reached,0.01,0.7
8630,139.0,99,True,3,0,0,26,99,goal_reached,0.01,0.7
8631,147.0,99,True,1,0,0,26,99,goal_reached,0.01,0.7
8632,139.0,99,True,3,0,0,26,99,goal_reached,0.01,0.7
8633,123.0,99,True,7,0,0,26,99,goal_reached,0.01,0.7
8634,147.0,99,True,1,0,0,26,99,goal_reached,0.01,0.7
8635,139.0,99,True,3,0,0,26,99,goal_reached,0.01,0.7
8636,147.0,99,True,1,0,0,26,99,goal_reached,0.01,0.7
8637,131.0,99,True,5,0,0,26,99,goal_reached,0.01,0.7
8638,159.0,87,True,1,0,0,26,87,goal_reached,0.01,0.7
8639,-110.0,100,False,15,0,0,26,,energy_depleted,0.01,0.7
8640,-66.0,100,False,4,0,0,26,,energy_depleted,0.01,0.7
8641,147.0,99,True,1,0,0,26,99,goal_reached,0.01,0.7
8642,147.0,99,True,1,0,0,26,99,goal_reached,0.01,0.7
8643,147.0,99,True,1,0,0,26,99,goal_reached,0.01,0.7
8644,-58.0,100,False,2,0,0,26,,energy_depleted,0.01,0.7
8645,131.0,99,True,5,0,0,26,99,goal_reached,0.01,0.7
8646,129.0,99,True,3,1,0,26,99,goal_reached,0.01,0.7
8647,147.0,99,True,1,0,0,26,99,goal_reached,0.01,0.7
8648,123.0,99,True,7,0,0,26,99,goal_reached,0.01,0.7
8649,129.0,99,True,3,1,0,26,99,goal_reached,0.01,0.7
8650,131.0,99,True,5,0,0,26,99,goal_reached,0.01,0.7
8651,147.0,99,True,1,0,0,26,99,goal_reached,0.01,0.7
8652,-88.0,100,False,7,1,0,26,,energy_depleted,0.01,0.7
8653,-66.0,100,False,4,0,0,26,,energy_depleted,0.01,0.7
8654,139.0,99,True,3,0,0,26,99,goal_reached,0.01,0.7
8655,147.0,99,True,1,0,0,26,99,goal_reached,0.01,0.7
8656,151.0,87,True,3,0,0,26,87,goal_reached,0.01,0.7
8657,131.0,99,True,5,0,0,26,99,goal_reached,0.01,0.7
8658,139.0,99,True,3,0,0,26,99,goal_reached,0.01,0.7
8659,139.0,99,True,3,0,0,26,99,goal_reached,0.01,0.7
8660,-70.0,100,False,5,0,0,26,,energy_depleted,0.01,0.7
8661,139.0,99,True,3,0,0,26,99,goal_reached,0.01,0.7
8662,131.0,99,True,5,0,0,26,99,goal_reached,0.01,0.7
8663,-70.0,100,False,5,0,0,26,,energy_depleted,0.01,0.7
8664,139.0,99,True,3,0,0,26,99,goal_reached,0.01,0.7
8665,-94.0,100,False,11,0,0,26,,energy_depleted,0.01,0.7
8666,146.0,88,True,4,0,0,28,88,goal_reached,0.01,0.7
8667,113.0,99,True,7,1,0,26,99,goal_reached,0.01,0.7
8668,137.0,99,True,1,1,0,26,99,goal_reached,0.01,0.7
8669,159.0,87,True,1,0,0,28,87,goal_reached,0.01,0.7
8670,139.0,99,True,3,0,0,26,99,goal_reached,0.01,0.7
8671,123.0,99,True,7,0,0,26,99,goal_reached,0.01,0.7
8672,-94.0,100,False,11,0,0,26,,energy_depleted,0.01,0.7
8673,139.0,99,True,3,0,0,26,99,goal_reached,0.01,0.7
8674,123.0,99,True,7,0,0,26,99,goal_reached,0.01,0.7
8675,139.0,99,True,3,0,0,26,99,goal_reached,0.01,0.7
8676,-78.0,100,False,7,0,0,26,,energy_depleted,0.01,0.7
8677,123.0,99,True,7,0,0,26,99,goal_reached,0.01,0.7
8678,-86.0,100,False,9,0,0,26,,energy_depleted,0.01,0.7
8679,131.0,99,True,5,0,0,26,99,goal_reached,0.01,0.7
8680,147.0,99,True,1,0,0,26,99,goal_reached,0.01,0.7
8681,139.0,99,True,3,0,0,26,99,goal_reached,0.01,0.7
8682,139.0,99,True,3,0,0,28,99,goal_reached,0.01,0.7
8683,139.0,99,True,3,0,0,26,99,goal_reached,0.01,0.7
8684,147.0,99,True,1,0,0,26,99,goal_reached,0.01,0.7
8685,131.0,99,True,5,0,0,26,99,goal_reached,0.01,0.7
8686,147.0,99,True,1,0,0,26,99,goal_reached,0.01,0.7
8687,159.0,87,True,1,0,0,28,87,goal_reached,0.01,0.7
8688,139.0,99,True,3,0,0,26,99,goal_reached,0.01,0.7
8689,-58.0,100,False,2,0,0,26,,energy_depleted,0.01,0.7
8690,139.0,99,True,3,0,0,26,99,goal_reached,0.01,0.7
8691,147.0,99,True,1,0,0,26,99,goal_reached,0.01,0.7
8692,-66.0,100,False,4,0,0,26,,energy_depleted,0.01,0.7
8693,-50.0,100,False,0,0,0,26,,energy_depleted,0.01,0.7
8694,139.0,99,True,3,0,0,26,99,goal_reached,0.01,0.7
8695,129.0,99,True,3,1,0,26,99,goal_reached,0.01,0.7
8696,139.0,99,True,3,0,0,26,99,goal_reached,0.01,0.7
8697,139.0,99,True,3,0,0,26,99,goal_reached,0.01,0.7
8698,159.0,87,True,1,0,0,28,87,goal_reached,0.01,0.7
8699,147.0,99,True,1,0,0,26,99,goal_reached,0.01,0.7
8700,139.0,99,True,3,0,0,26,99,goal_reached,0.01,0.7
8701,147.0,99,True,1,0,0,26,99,goal_reached,0.01,0.7
8702,139.0,99,True,3,0,0,26,99,goal_reached,0.01,0.7
8703,147.0,99,True,1,0,0,26,99,goal_reached,0.01,0.7
8704,147.0,99,True,1,0,0,26,99,goal_reached,0.01,0.7
8705,-78.0,100,False,2,2,0,26,,energy_depleted,0.01,0.7
8706,139.0,99,True,3,0,0,26,99,goal_reached,0.01,0.7
8707,147.0,99,True,1,0,0,26,99,goal_reached,0.01,0.7
8708,123.0,99,True,7,0,0,26,99,goal_reached,0.01,0.7
8709,139.0,99,True,3,0,0,26,99,goal_reached,0.01,0.7
8710,115.0,99,True,9,0,0,26,99,goal_reached,0.01,0.7
8711,139.0,99,True,3,0,0,26,99,goal_reached,0.01,0.7
8712,129.0,99,True,3,1,0,26,99,goal_reached,0.01,0.7
8713,-70.0,100,False,5,0,0,26,,energy_depleted,0.01,0.7
8714,139.0,99,True,3,0,0,26,99,goal_reached,0.01,0.7
8715,-78.0,100,False,7,0,0,26,,energy_depleted,0.01,0.7
8716,117.0,99,True,1,3,0,26,99,goal_reached,0.01,0.7
8717,147.0,99,True,1,0,0,26,99,goal_reached,0.01,0.7
8718,65.0,99,True,9,5,0,26,99,goal_reached,0.01,0.7
8719,-62.0,100,False,3,0,0,26,,energy_depleted,0.01,0.7
8720,-62.0,100,False,3,0,0,26,,energy_depleted,0.01,0.7
8721,-80.0,100,False,5,1,0,26,,energy_depleted,0.01,0.7
8722,-70.0,100,False,5,0,0,26,,energy_depleted,0.01,0.7
8723,-70.0,100,False,5,0,0,26,,energy_depleted,0.01,0.7
8724,-62.0,100,False,3,0,0,26,,energy_depleted,0.01,0.7
8725,-70.0,100,False,5,0,0,26,,energy_depleted,0.01,0.7
8726,-94.0,100,False,11,0,0,26,,energy_depleted,0.01,0.7
8727,-58.0,100,False,2,0,0,26,,energy_depleted,0.01,0.7
8728,-82.0,100,False,8,0,0,26,,energy_depleted,0.01,0.7
8729,-70.0,100,False,5,0,0,26,,energy_depleted,0.01,0.7
8730,-62.0,100,False,3,0,0,26,,energy_depleted,0.01,0.7
8731,131.0,99,True,5,0,0,26,99,goal_reached,0.01,0.7
8732,-78.0,100,False,7,0,0,26,,energy_depleted,0.01,0.7
8733,-70.0,100,False,5,0,0,26,,energy_depleted,0.01,0.7
8734,123.0,99,True,7,0,0,26,99,goal_reached,0.01,0.7
8735,-136.0,100,False,19,1,0,26,,energy_depleted,0.01,0.7
8736,139.0,99,True,3,0,0,26,99,goal_reached,0.01,0.7
8737,-50.0,100,False,0,0,0,26,,energy_depleted,0.01,0.7
8738,131.0,99,True,5,0,0,26,99,goal_reached,0.01,0.7
8739,-68.0,100,False,2,1,0,26,,energy_depleted,0.01,0.7
8740,-74.0,100,False,6,0,0,26,,energy_depleted,0.01,0.7
8741,-62.0,100,False,3,0,0,26,,energy_depleted,0.01,0.7
8742,-66.0,100,False,4,0,0,26,,energy_depleted,0.01,0.7
8743,-62.0,100,False,3,0,0,26,,energy_depleted,0.01,0.7
8744,131.0,99,True,5,0,0,26,99,goal_reached,0.01,0.7
8745,-66.0,100,False,4,0,0,26,,energy_depleted,0.01,0.7
8746,-54.0,100,False,1,0,0,26,,energy_depleted,0.01,0.7
8747,159.0,87,True,1,0,0,28,87,goal_reached,0.01,0.7
8748,121.0,99,True,5,1,0,26,99,goal_reached,0.01,0.7
8749,-78.0,100,False,7,0,0,26,,energy_depleted,0.01,0.7
8750,-74.0,100,False,6,0,0,26,,energy_depleted,0.01,0.7
8751,-66.0,100,False,4,0,0,26,,energy_depleted,0.01,0.7
8752,-58.0,100,False,2,0,0,26,,energy_depleted,0.01,0.7
8753,-78.0,100,False,7,0,0,26,,energy_depleted,0.01,0.7
8754,-86.0,100,False,9,0,0,26,,energy_depleted,0.01,0.7
8755,-66.0,100,False,4,0,0,26,,energy_depleted,0.01,0.7
8756,131.0,99,True,5,0,0,26,99,goal_reached,0.01,0.7
8757,139.0,99,True,3,0,0,26,99,goal_reached,0.01,0.7
8758,147.0,99,True,1,0,0,26,99,goal_reached,0.01,0.7
8759,-80.0,100,False,5,1,0,26,,energy_depleted,0.01,0.7
8760,121.0,99,True,5,1,0,26,99,goal_reached,0.01,0.7
8761,-88.0,100,False,7,1,0,26,,energy_depleted,0.01,0.7
8762,-74.0,100,False,6,0,0,26,,energy_depleted,0.01,0.7
8763,147.0,99,True,1,0,0,26,99,goal_reached,0.01,0.7
8764,115.0,99,True,9,0,0,26,99,goal_reached,0.01,0.7
8765,-70.0,100,False,5,0,0,26,,energy_depleted,0.01,0.7
8766,-118.0,100,False,17,0,0,26,,energy_depleted,0.01,0.7
8767,139.0,99,True,3,0,0,26,99,goal_reached,0.01,0.7
8768,-106.0,100,False,9,2,0,26,,energy_depleted,0.01,0.7
8769,139.0,99,True,3,0,0,26,99,goal_reached,0.01,0.7
8770,-54.0,100,False,1,0,0,26,,energy_depleted,0.01,0.7
8771,-58.0,100,False,2,0,0,26,,energy_depleted,0.01,0.7
8772,-76.0,100,False,4,1,0,26,,energy_depleted,0.01,0.7
8773,143.0,87,True,5,0,0,26,87,goal_reached,0.01,0.7
8774,-70.0,100,False,5,0,0,26,,energy_depleted,0.01,0.7
8775,-74.0,100,False,6,0,0,26,,energy_depleted,0.01,0.7
8776,-70.0,100,False,5,0,0,26,,energy_depleted,0.01,0.7
8777,-50.0,100,False,0,0,0,26,,energy_depleted,0.01,0.7
8778,139.0,99,True,3,0,0,26,99,goal_reached,0.01,0.7
8779,147.0,99,True,1,0,0,26,99,goal_reached,0.01,0.7
8780,147.0,99,True,1,0,0,26,99,goal_reached,0.01,0.7
8781,123.0,99,True,7,0,0,26,99,goal_reached,0.01,0.7
8782,131.0,99,True,5,0,0,26,99,goal_reached,0.01,0.7
8783,139.0,99,True,3,0,0,26,99,goal_reached,0.01,0.7
8784,-70.0,100,False,5,0,0,26,,energy_depleted,0.01,0.7
8785,-90.0,100,False,5,2,0,26,,energy_depleted,0.01,0.7
8786,-86.0,100,False,9,0,0,26,,energy_depleted,0.01,0.7
8787,147.0,99,True,1,0,0,26,99,goal_reached,0.01,0.7
8788,-54.0,100,False,1,0,0,26,,energy_depleted,0.01,0.7
8789,-82.0,100,False,8,0,0,26,,energy_depleted,0.01,0.7
8790,147.0,99,True,1,0,0,26,99,goal_reached,0.01,0.7
8791,131.0,99,True,5,0,0,26,99,goal_reached,0.01,0.7
8792,159.0,87,True,1,0,0,26,87,goal_reached,0.01,0.7
8793,-54.0,100,False,1,0,0,26,,energy_depleted,0.01,0.7
8794,139.0,99,True,3,0,0,26,99,goal_reached,0.01,0.7
8795,131.0,99,True,5,0,0,26,99,goal_reached,0.01,0.7
8796,-74.0,100,False,6,0,0,26,,energy_depleted,0.01,0.7
8797,139.0,99,True,3,0,0,26,99,goal_reached,0.01,0.7
8798,131.0,99,True,5,0,0,26,99,goal_reached,0.01,0.7
8799,139.0,99,True,3,0,0,26,99,goal_reached,0.01,0.7
8800,-64.0,100,False,1,1,0,26,,energy_depleted,0.01,0.7
8801,-62.0,100,False,3,0,0,26,,energy_depleted,0.01,0.7
8802,-70.0,100,False,5,0,0,26,,energy_depleted,0.01,0.7
8803,-184.0,100,False,31,1,0,26,,energy_depleted,0.01,0.7
8804,-78.0,100,False,7,0,0,26,,energy_depleted,0.01,0.7
8805,-84.0,100,False,6,1,0,26,,energy_depleted,0.01,0.7
8806,151.0,87,True,3,0,0,26,87,goal_reached,0.01,0.7
8807,143.0,87,True,5,0,0,26,87,goal_reached,0.01,0.7
8808,151.0,87,True,3,0,0,26,87,goal_reached,0.01,0.7
8809,159.0,87,True,1,0,0,26,87,goal_reached,0.01,0.7
8810,159.0,87,True,1,0,0,26,87,goal_reached,0.01,0.7
8811,159.0,87,True,1,0,0,26,87,goal_reached,0.01,0.7
8812,106.0,88,True,14,0,0,26,88,goal_reached,0.01,0.7
8813,159.0,87,True,1,0,0,26,87,goal_reached,0.01,0.7
8814,130.0,88,True,8,0,0,26,88,goal_reached,0.01,0.7
8815,151.0,87,True,3,0,0,26,87,goal_reached,0.01,0.7
8816,151.0,87,True,3,0,0,26,87,goal_reached,0.01,0.7
8817,159.0,87,True,1,0,0,26,87,goal_reached,0.01,0.7
8818,159.0,87,True,1,0,0,26,87,goal_reached,0.01,0.7
8819,159.0,87,True,1,0,0,26,87,goal_reached,0.01,0.7
8820,151.0,87,True,3,0,0,26,87,goal_reached,0.01,0.7
8821,151.0,87,True,3,0,0,26,87,goal_reached,0.01,0.7
8822,159.0,87,True,1,0,0,26,87,goal_reached,0.01,0.7
8823,159.0,87,True,1,0,0,26,87,goal_reached,0.01,0.7
8824,135.0,87,True,7,0,0,28,87,goal_reached,0.01,0.7
8825,159.0,87,True,1,0,0,26,87,goal_reached,0.01,0.7
8826,151.0,87,True,3,0,0,26,87,goal_reached,0.01,0.7
8827,162.0,72,True,4,0,0,26,72,goal_reached,0.01,0.7
8828,170.0,72,True,2,0,0,26,72,goal_reached,0.01,0.7
8829,99.0,99,True,13,0,0,26,99,goal_reached,0.01,0.7
8830,151.0,87,True,3,0,0,26,87,goal_reached,0.01,0.7
8831,131.0,99,True,5,0,0,26,99,goal_reached,0.01,0.7
8832,159.0,87,True,1,0,0,26,87,goal_reached,0.01,0.7
8833,159.0,87,True,1,0,0,26,87,goal_reached,0.01,0.7
8834,151.0,87,True,3,0,0,26,87,goal_reached,0.01,0.7
8835,131.0,99,True,5,0,0,29,99,goal_reached,0.01,0.7
8836,138.0,88,True,6,0,0,26,88,goal_reached,0.01,0.7
8837,159.0,87,True,1,0,0,26,87,goal_reached,0.01,0.7
8838,151.0,87,True,3,0,0,26,87,goal_reached,0.01,0.7
8839,131.0,99,True,5,0,0,26,99,goal_reached,0.01,0.7
8840,151.0,87,True,3,0,0,26,87,goal_reached,0.01,0.7
8841,123.0,99,True,7,0,0,26,99,goal_reached,0.01,0.7
8842,151.0,87,True,3,0,0,26,87,goal_reached,0.01,0.7
8843,115.0,99,True,9,0,0,26,99,goal_reached,0.01,0.7
8844,159.0,87,True,1,0,0,26,87,goal_reached,0.01,0.7
8845,159.0,87,True,1,0,0,26,87,goal_reached,0.01,0.7
8846,159.0,87,True,1,0,0,26,87,goal_reached,0.01,0.7
8847,111.0,99,True,5,2,0,26,99,goal_reached,0.01,0.7
8848,154.0,88,True,2,0,0,26,88,goal_reached,0.01,0.7
8849,151.0,87,True,3,0,0,26,87,goal_reached,0.01,0.7
8850,151.0,87,True,3,0,0,26,87,goal_reached,0.01,0.7
8851,159.0,87,True,1,0,0,26,87,goal_reached,0.01,0.7
8852,159.0,87,True,1,0,0,26,87,goal_reached,0.01,0.7
8853,159.0,87,True,1,0,0,26,87,goal_reached,0.01,0.7
8854,159.0,87,True,1,0,0,26,87,goal_reached,0.01,0.7
8855,159.0,87,True,1,0,0,26,87,goal_reached,0.01,0.7
8856,139.0,99,True,3,0,0,26,99,goal_reached,0.01,0.7
8857,107.0,99,True,11,0,0,26,99,goal_reached,0.01,0.7
8858,151.0,87,True,3,0,0,26,87,goal_reached,0.01,0.7
8859,151.0,87,True,3,0,0,26,87,goal_reached,0.01,0.7
8860,159.0,87,True,1,0,0,26,87,goal_reached,0.01,0.7
8861,119.0,99,True,3,2,0,26,99,goal_reached,0.01,0.7
8862,127.0,99,True,1,2,0,26,99,goal_reached,0.01,0.7
8863,151.0,87,True,3,0,0,26,87,goal_reached,0.01,0.7
8864,159.0,87,True,1,0,0,26,87,goal_reached,0.01,0.7
8865,131.0,99,True,5,0,0,26,99,goal_reached,0.01,0.7
8866,151.0,87,True,3,0,0,26,87,goal_reached,0.01,0.7
8867,159.0,87,True,1,0,0,26,87,goal_reached,0.01,0.7
8868,159.0,87,True,1,0,0,26,87,goal_reached,0.01,0.7
8869,131.0,99,True,5,0,0,26,99,goal_reached,0.01,0.7
8870,159.0,87,True,1,0,0,26,87,goal_reached,0.01,0.7
8871,159.0,87,True,1,0,0,26,87,goal_reached,0.01,0.7
8872,151.0,87,True,3,0,0,26,87,goal_reached,0.01,0.7
8873,159.0,87,True,1,0,0,26,87,goal_reached,0.01,0.7
8874,135.0,87,True,7,0,0,26,87,goal_reached,0.01,0.7
8875,151.0,87,True,3,0,0,26,87,goal_reached,0.01,0.7
8876,159.0,87,True,1,0,0,26,87,goal_reached,0.01,0.7
8877,131.0,99,True,5,0,0,26,99,goal_reached,0.01,0.7
8878,151.0,87,True,3,0,0,26,87,goal_reached,0.01,0.7
8879,159.0,87,True,1,0,0,26,87,goal_reached,0.01,0.7
8880,123.0,99,True,7,0,0,26,99,goal_reached,0.01,0.7
8881,-76.0,100,False,4,1,0,26,,energy_depleted,0.01,0.7
8882,146.0,88,True,4,0,0,26,88,goal_reached,0.01,0.7
8883,143.0,87,True,5,0,0,26,87,goal_reached,0.01,0.7
8884,139.0,99,True,3,0,0,28,99,goal_reached,0.01,0.7
8885,151.0,87,True,3,0,0,26,87,goal_reached,0.01,0.7
8886,159.0,87,True,1,0,0,26,87,goal_reached,0.01,0.7
8887,131.0,99,True,5,0,0,26,99,goal_reached,0.01,0.7
8888,159.0,87,True,1,0,0,26,87,goal_reached,0.01,0.7
8889,147.0,99,True,1,0,0,26,99,goal_reached,0.01,0.7
8890,159.0,87,True,1,0,0,26,87,goal_reached,0.01,0.7
8891,151.0,87,True,3,0,0,26,87,goal_reached,0.01,0.7
8892,151.0,87,True,3,0,0,26,87,goal_reached,0.01,0.7
8893,159.0,87,True,1,0,0,26,87,goal_reached,0.01,0.7
8894,143.0,87,True,5,0,0,26,87,goal_reached,0.01,0.7
8895,143.0,87,True,5,0,0,26,87,goal_reached,0.01,0.7
8896,143.0,87,True,5,0,0,26,87,goal_reached,0.01,0.7
8897,151.0,87,True,3,0,0,26,87,goal_reached,0.01,0.7
8898,151.0,87,True,3,0,0,26,87,goal_reached,0.01,0.7
8899,149.0,87,True,1,1,0,26,87,goal_reached,0.01,0.7
8900,-82.0,100,False,8,0,0,26,,energy_depleted,0.01,0.7
8901,151.0,87,True,3,0,0,26,87,goal_reached,0.01,0.7
8902,151.0,87,True,3,0,0,26,87,goal_reached,0.01,0.7
8903,115.0,99,True,9,0,0,26,99,goal_reached,0.01,0.7
8904,143.0,87,True,5,0,0,26,87,goal_reached,0.01,0.7
8905,143.0,87,True,5,0,0,26,87,goal_reached,0.01,0.7
8906,131.0,99,True,5,0,0,26,99,goal_reached,0.01,0.7
8907,159.0,87,True,1,0,0,28,87,goal_reached,0.01,0.7
8908,159.0,87,True,1,0,0,26,87,goal_reached,0.01,0.7
8909,159.0,87,True,1,0,0,26,87,goal_reached,0.01,0.7
8910,81.0,99,True,15,1,0,26,99,goal_reached,0.01,0.7
8911,159.0,87,True,1,0,0,26,87,goal_reached,0.01,0.7
8912,159.0,87,True,1,0,0,26,87,goal_reached,0.01,0.7
8913,139.0,99,True,3,0,0,26,99,goal_reached,0.01,0.7
8914,105.0,99,True,9,1,0,26,99,goal_reached,0.01,0.7
8915,135.0,87,True,7,0,0,26,87,goal_reached,0.01,0.7
8916,151.0,87,True,3,0,0,26,87,goal_reached,0.01,0.7
8917,131.0,87,True,3,2,0,26,87,goal_reached,0.01,0.7
8918,159.0,87,True,1,0,0,26,87,goal_reached,0.01,0.7
8919,115.0,99,True,9,0,0,26,99,goal_reached,0.01,0.7
8920,159.0,87,True,1,0,0,26,87,goal_reached,0.01,0.7
8921,143.0,87,True,5,0,0,26,87,goal_reached,0.01,0.7
8922,151.0,87,True,3,0,0,26,87,goal_reached,0.01,0.7
8923,123.0,99,True,7,0,0,26,99,goal_reached,0.01,0.7
8924,143.0,87,True,5,0,0,26,87,goal_reached,0.01,0.7
8925,159.0,87,True,1,0,0,26,87,goal_reached,0.01,0.7
8926,143.0,87,True,5,0,0,26,87,goal_reached,0.01,0.7
8927,139.0,99,True,3,0,0,26,99,goal_reached,0.01,0.7
8928,143.0,87,True,5,0,0,26,87,goal_reached,0.01,0.7
8929,159.0,87,True,1,0,0,26,87,goal_reached,0.01,0.7
8930,-94.0,100,False,6,2,0,26,,energy_depleted,0.01,0.7
8931,139.0,99,True,3,0,0,26,99,goal_reached,0.01,0.7
8932,121.0,99,True,5,1,0,28,99,goal_reached,0.01,0.7
8933,-62.0,100,False,3,0,0,26,,energy_depleted,0.01,0.7
8934,-70.0,100,False,5,0,0,26,,energy_depleted,0.01,0.7
8935,-58.0,100,False,2,0,0,26,,energy_depleted,0.01,0.7
8936,-58.0,100,False,2,0,0,26,,energy_depleted,0.01,0.7
8937,-58.0,100,False,2,0,0,26,,energy_depleted,0.01,0.7
8938,-82.0,100,False,8,0,0,26,,energy_depleted,0.01,0.7
8939,139.0,99,True,3,0,0,26,99,goal_reached,0.01,0.7
8940,-58.0,100,False,2,0,0,26,,energy_depleted,0.01,0.7
8941,-66.0,100,False,4,0,0,26,,energy_depleted,0.01,0.7
8942,-78.0,100,False,7,0,0,26,,energy_depleted,0.01,0.7
8943,-74.0,100,False,6,0,0,26,,energy_depleted,0.01,0.7
8944,-62.0,100,False,3,0,0,26,,energy_depleted,0.01,0.7
8945,-54.0,100,False,1,0,0,26,,energy_depleted,0.01,0.7
8946,139.0,99,True,3,0,0,26,99,goal_reached,0.01,0.7
8947,113.0,99,True,7,1,0,26,99,goal_reached,0.01,0.7
8948,139.0,99,True,3,0,0,26,99,goal_reached,0.01,0.7
8949,147.0,99,True,1,0,0,26,99,goal_reached,0.01,0.7
8950,131.0,87,True,3,2,0,28,87,goal_reached,0.01,0.7
8951,-102.0,100,False,13,0,0,28,,energy_depleted,0.01,0.7
8952,-78.0,100,False,7,0,0,26,,energy_depleted,0.01,0.7
8953,-50.0,100,False,0,0,0,26,,energy_depleted,0.01,0.7
8954,-70.0,100,False,5,0,0,26,,energy_depleted,0.01,0.7
8955,147.0,99,True,1,0,0,26,99,goal_reached,0.01,0.7
8956,-114.0,100,False,11,2,0,26,,energy_depleted,0.01,0.7
8957,131.0,99,True,5,0,0,26,99,goal_reached,0.01,0.7
8958,-92.0,100,False,8,1,0,26,,energy_depleted,0.01,0.7
8959,139.0,99,True,3,0,0,26,99,goal_reached,0.01,0.7
8960,139.0,99,True,3,0,0,26,99,goal_reached,0.01,0.7
8961,139.0,99,True,3,0,0,26,99,goal_reached,0.01,0.7
8962,131.0,99,True,5,0,0,26,99,goal_reached,0.01,0.7
8963,139.0,99,True,3,0,0,26,99,goal_reached,0.01,0.7
8964,123.0,99,True,7,0,0,26,99,goal_reached,0.01,0.7
8965,-66.0,100,False,4,0,0,26,,energy_depleted,0.01,0.7
8966,-82.0,100,False,8,0,0,26,,energy_depleted,0.01,0.7
8967,131.0,99,True,5,0,0,26,99,goal_reached,0.01,0.7
8968,151.0,87,True,3,0,0,26,87,goal_reached,0.01,0.7
8969,-58.0,100,False,2,0,0,26,,energy_depleted,0.01,0.7
8970,-62.0,100,False,3,0,0,26,,energy_depleted,0.01,0.7
8971,-66.0,100,False,4,0,0,26,,energy_depleted,0.01,0.7
8972,-74.0,100,False,6,0,0,26,,energy_depleted,0.01,0.7
8973,-54.0,100,False,1,0,0,26,,energy_depleted,0.01,0.7
8974,-58.0,100,False,2,0,0,26,,energy_depleted,0.01,0.7
8975,139.0,99,True,3,0,0,26,99,goal_reached,0.01,0.7
8976,-102.0,100,False,8,2,0,26,,energy_depleted,0.01,0.7
8977,123.0,99,True,7,0,0,26,99,goal_reached,0.01,0.7
8978,97.0,99,True,11,1,0,26,99,goal_reached,0.01,0.7
8979,123.0,99,True,7,0,0,26,99,goal_reached,0.01,0.7
8980,133.0,87,True,5,1,0,26,87,goal_reached,0.01,0.7
8981,131.0,99,True,5,0,0,26,99,goal_reached,0.01,0.7
8982,-70.0,100,False,5,0,0,26,,energy_depleted,0.01,0.7
8983,159.0,87,True,1,0,0,26,87,goal_reached,0.01,0.7
8984,136.0,88,True,4,1,0,26,88,goal_reached,0.01,0.7
8985,143.0,87,True,5,0,0,26,87,goal_reached,0.01,0.7
8986,-58.0,100,False,2,0,0,26,,energy_depleted,0.01,0.7
8987,-90.0,100,False,10,0,0,26,,energy_depleted,0.01,0.7
8988,131.0,99,True,5,0,0,26,99,goal_reached,0.01,0.7
8989,139.0,99,True,3,0,0,26,99,goal_reached,0.01,0.7
8990,129.0,99,True,3,1,0,26,99,goal_reached,0.01,0.7
8991,131.0,99,True,5,0,0,26,99,goal_reached,0.01,0.7
8992,131.0,99,True,5,0,0,26,99,goal_reached,0.01,0.7
8993,147.0,99,True,1,0,0,26,99,goal_reached,0.01,0.7
8994,131.0,99,True,5,0,0,26,99,goal_reached,0.01,0.7
8995,139.0,99,True,3,0,0,26,99,goal_reached,0.01,0.7
8996,-82.0,100,False,3,2,0,26,,energy_depleted,0.01,0.7
8997,139.0,99,True,3,0,0,26,99,goal_reached,0.01,0.7
8998,-120.0,100,False,15,1,0,26,,energy_depleted,0.01,0.7
8999,131.0,99,True,5,0,0,26,99,goal_reached,0.01,0.7
9000,131.0,99,True,5,0,0,26,99,goal_reached,0.01,0.7
9001,135.0,87,True,7,0,0,40,87,goal_reached,0.01,0.7
9002,139.0,99,True,3,0,0,26,99,goal_reached,0.01,0.7
9003,139.0,99,True,3,0,0,26,99,goal_reached,0.01,0.7
9004,131.0,99,True,5,0,0,26,99,goal_reached,0.01,0.7
9005,131.0,99,True,5,0,0,26,99,goal_reached,0.01,0.7
9006,131.0,99,True,5,0,0,26,99,goal_reached,0.01,0.7
9007,139.0,99,True,3,0,0,26,99,goal_reached,0.01,0.7
9008,131.0,99,True,5,0,0,26,99,goal_reached,0.01,0.7
9009,135.0,87,True,7,0,0,26,87,goal_reached,0.01,0.7
9010,133.0,87,True,5,1,0,26,87,goal_reached,0.01,0.7
9011,151.0,87,True,3,0,0,26,87,goal_reached,0.01,0.7
9012,151.0,87,True,3,0,0,26,87,goal_reached,0.01,0.7
9013,-84.0,100,False,6,1,0,26,,energy_depleted,0.01,0.7
9014,115.0,99,True,9,0,0,26,99,goal_reached,0.01,0.7
9015,147.0,99,True,1,0,0,26,99,goal_reached,0.01,0.7
9016,-74.0,100,False,6,0,0,26,,energy_depleted,0.01,0.7
9017,-70.0,100,False,5,0,0,26,,energy_depleted,0.01,0.7
9018,131.0,99,True,5,0,0,26,99,goal_reached,0.01,0.7
9019,151.0,87,True,3,0,0,26,87,goal_reached,0.01,0.7
9020,-84.0,100,False,6,1,0,26,,energy_depleted,0.01,0.7
9021,159.0,87,True,1,0,0,26,87,goal_reached,0.01,0.7
9022,151.0,87,True,3,0,0,26,87,goal_reached,0.01,0.7
9023,139.0,99,True,3,0,0,26,99,goal_reached,0.01,0.7
9024,159.0,87,True,1,0,0,26,87,goal_reached,0.01,0.7
9025,143.0,87,True,5,0,0,26,87,goal_reached,0.01,0.7
9026,151.0,87,True,3,0,0,26,87,goal_reached,0.01,0.7
9027,159.0,87,True,1,0,0,26,87,goal_reached,0.01,0.7
9028,92.0,100,True,12,1,0,26,100,goal_reached,0.01,0.7
9029,159.0,87,True,1,0,0,26,87,goal_reached,0.01,0.7
9030,151.0,87,True,3,0,0,26,87,goal_reached,0.01,0.7
9031,159.0,87,True,1,0,0,26,87,goal_reached,0.01,0.7
9032,159.0,87,True,1,0,0,26,87,goal_reached,0.01,0.7
9033,139.0,99,True,3,0,0,26,99,goal_reached,0.01,0.7
9034,151.0,87,True,3,0,0,26,87,goal_reached,0.01,0.7
9035,159.0,87,True,1,0,0,26,87,goal_reached,0.01,0.7
9036,151.0,87,True,3,0,0,26,87,goal_reached,0.01,0.7
9037,154.0,88,True,2,0,0,26,88,goal_reached,0.01,0.7
9038,159.0,87,True,1,0,0,26,87,goal_reached,0.01,0.7
9039,135.0,87,True,7,0,0,26,87,goal_reached,0.01,0.7
9040,131.0,99,True,5,0,0,26,99,goal_reached,0.01,0.7
9041,159.0,87,True,1,0,0,26,87,goal_reached,0.01,0.7
9042,159.0,87,True,1,0,0,26,87,goal_reached,0.01,0.7
9043,151.0,87,True,3,0,0,26,87,goal_reached,0.01,0.7
9044,159.0,87,True,1,0,0,26,87,goal_reached,0.01,0.7
9045,159.0,87,True,1,0,0,26,87,goal_reached,0.01,0.7
9046,159.0,87,True,1,0,0,26,87,goal_reached,0.01,0.7
9047,143.0,87,True,5,0,0,26,87,goal_reached,0.01,0.7
9048,159.0,87,True,1,0,0,26,87,goal_reached,0.01,0.7
9049,151.0,87,True,3,0,0,26,87,goal_reached,0.01,0.7
9050,139.0,99,True,3,0,0,26,99,goal_reached,0.01,0.7
9051,151.0,87,True,3,0,0,26,87,goal_reached,0.01,0.7
9052,159.0,87,True,1,0,0,26,87,goal_reached,0.01,0.7
9053,139.0,99,True,3,0,0,26,99,goal_reached,0.01,0.7
9054,159.0,87,True,1,0,0,26,87,goal_reached,0.01,0.7
9055,151.0,87,True,3,0,0,26,87,goal_reached,0.01,0.7
9056,139.0,99,True,3,0,0,28,99,goal_reached,0.01,0.7
9057,151.0,87,True,3,0,0,26,87,goal_reached,0.01,0.7
9058,131.0,99,True,5,0,0,26,99,goal_reached,0.01,0.7
9059,123.0,99,True,7,0,0,26,99,goal_reached,0.01,0.7
9060,123.0,99,True,7,0,0,26,99,goal_reached,0.01,0.7
9061,151.0,87,True,3,0,0,23,87,goal_reached,0.01,0.7
9062,159.0,87,True,1,0,0,26,87,goal_reached,0.01,0.7
9063,131.0,99,True,5,0,0,26,99,goal_reached,0.01,0.7
9064,151.0,87,True,3,0,0,26,87,goal_reached,0.01,0.7
9065,123.0,99,True,7,0,0,26,99,goal_reached,0.01,0.7
9066,123.0,87,True,5,2,0,28,87,goal_reached,0.01,0.7
9067,159.0,87,True,1,0,0,26,87,goal_reached,0.01,0.7
9068,159.0,87,True,1,0,0,26,87,goal_reached,0.01,0.7
9069,131.0,99,True,5,0,0,26,99,goal_reached,0.01,0.7
9070,133.0,87,True,5,1,0,28,87,goal_reached,0.01,0.7
9071,139.0,99,True,3,0,0,26,99,goal_reached,0.01,0.7
9072,159.0,87,True,1,0,0,26,87,goal_reached,0.01,0.7
9073,151.0,87,True,3,0,0,26,87,goal_reached,0.01,0.7
9074,151.0,87,True,3,0,0,26,87,goal_reached,0.01,0.7
9075,154.0,88,True,2,0,0,26,88,goal_reached,0.01,0.7
9076,123.0,99,True,7,0,0,26,99,goal_reached,0.01,0.7
9077,151.0,87,True,3,0,0,26,87,goal_reached,0.01,0.7
9078,123.0,99,True,7,0,0,28,99,goal_reached,0.01,0.7
9079,159.0,87,True,1,0,0,26,87,goal_reached,0.01,0.7
9080,131.0,99,True,5,0,0,26,99,goal_reached,0.01,0.7
9081,159.0,87,True,1,0,0,26,87,goal_reached,0.01,0.7
9082,151.0,87,True,3,0,0,26,87,goal_reached,0.01,0.7
9083,159.0,87,True,1,0,0,26,87,goal_reached,0.01,0.7
9084,-66.0,100,False,4,0,0,26,,energy_depleted,0.01,0.7
9085,110.0,100,True,10,0,0,26,100,goal_reached,0.01,0.7
9086,159.0,87,True,1,0,0,26,87,goal_reached,0.01,0.7
9087,159.0,87,True,1,0,0,26,87,goal_reached,0.01,0.7
9088,159.0,87,True,1,0,0,26,87,goal_reached,0.01,0.7
9089,159.0,87,True,1,0,0,26,87,goal_reached,0.01,0.7
9090,159.0,87,True,1,0,0,26,87,goal_reached,0.01,0.7
9091,149.0,87,True,1,1,0,26,87,goal_reached,0.01,0.7
9092,151.0,87,True,3,0,0,26,87,goal_reached,0.01,0.7
9093,151.0,87,True,3,0,0,26,87,goal_reached,0.01,0.7
9094,151.0,87,True,3,0,0,26,87,goal_reached,0.01,0.7
9095,159.0,87,True,1,0,0,26,87,goal_reached,0.01,0.7
9096,159.0,87,True,1,0,0,26,87,goal_reached,0.01,0.7
9097,159.0,87,True,1,0,0,26,87,goal_reached,0.01,0.7
9098,151.0,87,True,3,0,0,26,87,goal_reached,0.01,0.7
9099,119.0,99,True,3,2,0,29,99,goal_reached,0.01,0.7
9100,-74.0,100,False,6,0,0,26,,energy_depleted,0.01,0.7
9101,151.0,87,True,3,0,0,26,87,goal_reached,0.01,0.7
9102,151.0,87,True,3,0,0,26,87,goal_reached,0.01,0.7
9103,151.0,87,True,3,0,0,26,87,goal_reached,0.01,0.7
9104,159.0,87,True,1,0,0,26,87,goal_reached,0.01,0.7
9105,131.0,99,True,5,0,0,26,99,goal_reached,0.01,0.7
9106,159.0,87,True,1,0,0,26,87,goal_reached,0.01,0.7
9107,159.0,87,True,1,0,0,26,87,goal_reached,0.01,0.7
9108,129.0,99,True,3,1,0,26,99,goal_reached,0.01,0.7
9109,131.0,99,True,5,0,0,26,99,goal_reached,0.01,0.7
9110,159.0,87,True,1,0,0,28,87,goal_reached,0.01,0.7
9111,107.0,99,True,11,0,0,26,99,goal_reached,0.01,0.7
9112,123.0,99,True,7,0,0,26,99,goal_reached,0.01,0.7
9113,-86.0,100,False,9,0,0,26,,energy_depleted,0.01,0.7
9114,131.0,99,True,5,0,0,26,99,goal_reached,0.01,0.7
9115,105.0,99,True,9,1,0,26,99,goal_reached,0.01,0.7
9116,159.0,87,True,1,0,0,26,87,goal_reached,0.01,0.7
9117,159.0,87,True,1,0,0,26,87,goal_reached,0.01,0.7
9118,131.0,99,True,5,0,0,26,99,goal_reached,0.01,0.7
9119,159.0,87,True,1,0,0,28,87,goal_reached,0.01,0.7
9120,99.0,99,True,13,0,0,26,99,goal_reached,0.01,0.7
9121,139.0,99,True,3,0,0,26,99,goal_reached,0.01,0.7
9122,143.0,87,True,5,0,0,26,87,goal_reached,0.01,0.7
9123,151.0,87,True,3,0,0,26,87,goal_reached,0.01,0.7
9124,159.0,87,True,1,0,0,26,87,goal_reached,0.01,0.7
9125,159.0,87,True,1,0,0,26,87,goal_reached,0.01,0.7
9126,151.0,87,True,3,0,0,26,87,goal_reached,0.01,0.7
9127,151.0,87,True,3,0,0,26,87,goal_reached,0.01,0.7
9128,151.0,87,True,3,0,0,26,87,goal_reached,0.01,0.7
9129,159.0,87,True,1,0,0,26,87,goal_reached,0.01,0.7
9130,115.0,99,True,9,0,0,26,99,goal_reached,0.01,0.7
9131,151.0,87,True,3,0,0,26,87,goal_reached,0.01,0.7
9132,151.0,87,True,3,0,0,26,87,goal_reached,0.01,0.7
9133,123.0,99,True,7,0,0,26,99,goal_reached,0.01,0.7
9134,151.0,87,True,3,0,0,26,87,goal_reached,0.01,0.7
9135,151.0,87,True,3,0,0,26,87,goal_reached,0.01,0.7
9136,159.0,87,True,1,0,0,26,87,goal_reached,0.01,0.7
9137,131.0,99,True,5,0,0,26,99,goal_reached,0.01,0.7
9138,151.0,87,True,3,0,0,26,87,goal_reached,0.01,0.7
9139,151.0,87,True,3,0,0,26,87,goal_reached,0.01,0.7
9140,115.0,99,True,9,0,0,26,99,goal_reached,0.01,0.7
9141,151.0,87,True,3,0,0,26,87,goal_reached,0.01,0.7
9142,159.0,87,True,1,0,0,26,87,goal_reached,0.01,0.7
9143,159.0,87,True,1,0,0,26,87,goal_reached,0.01,0.7
9144,131.0,99,True,5,0,0,26,99,goal_reached,0.01,0.7
9145,143.0,87,True,5,0,0,26,87,goal_reached,0.01,0.7
9146,159.0,87,True,1,0,0,26,87,goal_reached,0.01,0.7
9147,159.0,87,True,1,0,0,26,87,goal_reached,0.01,0.7
9148,151.0,87,True,3,0,0,26,87,goal_reached,0.01,0.7
9149,151.0,87,True,3,0,0,26,87,goal_reached,0.01,0.7
9150,115.0,99,True,9,0,0,26,99,goal_reached,0.01,0.7
9151,159.0,87,True,1,0,0,26,87,goal_reached,0.01,0.7
9152,151.0,87,True,3,0,0,26,87,goal_reached,0.01,0.7
9153,151.0,87,True,3,0,0,26,87,goal_reached,0.01,0.7
9154,151.0,87,True,3,0,0,26,87,goal_reached,0.01,0.7
9155,151.0,87,True,3,0,0,26,87,goal_reached,0.01,0.7
9156,131.0,99,True,5,0,0,23,99,goal_reached,0.01,0.7
9157,151.0,87,True,3,0,0,26,87,goal_reached,0.01,0.7
9158,143.0,87,True,5,0,0,26,87,goal_reached,0.01,0.7
9159,151.0,87,True,3,0,0,26,87,goal_reached,0.01,0.7
9160,159.0,87,True,1,0,0,26,87,goal_reached,0.01,0.7
9161,151.0,87,True,3,0,0,26,87,goal_reached,0.01,0.7
9162,141.0,87,True,3,1,0,26,87,goal_reached,0.01,0.7
9163,115.0,99,True,9,0,0,26,99,goal_reached,0.01,0.7
9164,151.0,87,True,3,0,0,26,87,goal_reached,0.01,0.7
9165,159.0,87,True,1,0,0,26,87,goal_reached,0.01,0.7
9166,151.0,87,True,3,0,0,26,87,goal_reached,0.01,0.7
9167,159.0,87,True,1,0,0,26,87,goal_reached,0.01,0.7
9168,143.0,87,True,5,0,0,26,87,goal_reached,0.01,0.7
9169,159.0,87,True,1,0,0,28,87,goal_reached,0.01,0.7
9170,131.0,99,True,5,0,0,26,99,goal_reached,0.01,0.7
9171,159.0,87,True,1,0,0,26,87,goal_reached,0.01,0.7
9172,151.0,87,True,3,0,0,26,87,goal_reached,0.01,0.7
9173,151.0,87,True,3,0,0,28,87,goal_reached,0.01,0.7
9174,159.0,87,True,1,0,0,26,87,goal_reached,0.01,0.7
9175,159.0,87,True,1,0,0,26,87,goal_reached,0.01,0.7
9176,131.0,99,True,5,0,0,28,99,goal_reached,0.01,0.7
9177,139.0,99,True,3,0,0,28,99,goal_reached,0.01,0.7
9178,151.0,87,True,3,0,0,26,87,goal_reached,0.01,0.7
9179,159.0,87,True,1,0,0,26,87,goal_reached,0.01,0.7
9180,159.0,87,True,1,0,0,26,87,goal_reached,0.01,0.7
9181,151.0,87,True,3,0,0,26,87,goal_reached,0.01,0.7
9182,159.0,87,True,1,0,0,26,87,goal_reached,0.01,0.7
9183,123.0,99,True,7,0,0,26,99,goal_reached,0.01,0.7
9184,151.0,87,True,3,0,0,26,87,goal_reached,0.01,0.7
9185,159.0,87,True,1,0,0,26,87,goal_reached,0.01,0.7
9186,159.0,87,True,1,0,0,26,87,goal_reached,0.01,0.7
9187,131.0,99,True,5,0,0,26,99,goal_reached,0.01,0.7
9188,159.0,87,True,1,0,0,26,87,goal_reached,0.01,0.7
9189,151.0,87,True,3,0,0,26,87,goal_reached,0.01,0.7
9190,151.0,87,True,3,0,0,26,87,goal_reached,0.01,0.7
9191,143.0,87,True,5,0,0,26,87,goal_reached,0.01,0.7
9192,151.0,87,True,3,0,0,26,87,goal_reached,0.01,0.7
9193,159.0,87,True,1,0,0,26,87,goal_reached,0.01,0.7
9194,151.0,87,True,3,0,0,26,87,goal_reached,0.01,0.7
9195,159.0,87,True,1,0,0,26,87,goal_reached,0.01,0.7
9196,151.0,87,True,3,0,0,26,87,goal_reached,0.01,0.7
9197,151.0,87,True,3,0,0,26,87,goal_reached,0.01,0.7
9198,159.0,87,True,1,0,0,26,87,goal_reached,0.01,0.7
9199,151.0,87,True,3,0,0,26,87,goal_reached,0.01,0.7
9200,159.0,87,True,1,0,0,26,87,goal_reached,0.01,0.7
9201,159.0,87,True,1,0,0,26,87,goal_reached,0.01,0.7
9202,-84.0,100,False,6,1,0,26,,energy_depleted,0.01,0.7
9203,159.0,87,True,1,0,0,26,87,goal_reached,0.01,0.7
9204,159.0,87,True,1,0,0,26,87,goal_reached,0.01,0.7
9205,151.0,87,True,3,0,0,26,87,goal_reached,0.01,0.7
9206,159.0,87,True,1,0,0,26,87,goal_reached,0.01,0.7
9207,159.0,87,True,1,0,0,26,87,goal_reached,0.01,0.7
9208,159.0,87,True,1,0,0,26,87,goal_reached,0.01,0.7
9209,151.0,87,True,3,0,0,26,87,goal_reached,0.01,0.7
9210,131.0,99,True,5,0,0,26,99,goal_reached,0.01,0.7
9211,143.0,87,True,5,0,0,26,87,goal_reached,0.01,0.7
9212,159.0,87,True,1,0,0,26,87,goal_reached,0.01,0.7
9213,139.0,99,True,3,0,0,26,99,goal_reached,0.01,0.7
9214,159.0,87,True,1,0,0,26,87,goal_reached,0.01,0.7
9215,162.0,72,True,4,0,0,26,72,goal_reached,0.01,0.7
9216,159.0,87,True,1,0,0,26,87,goal_reached,0.01,0.7
9217,151.0,87,True,3,0,0,26,87,goal_reached,0.01,0.7
9218,159.0,87,True,1,0,0,26,87,goal_reached,0.01,0.7
9219,151.0,87,True,3,0,0,26,87,goal_reached,0.01,0.7
9220,131.0,99,True,5,0,0,26,99,goal_reached,0.01,0.7
9221,123.0,99,True,7,0,0,28,99,goal_reached,0.01,0.7
9222,159.0,87,True,1,0,0,26,87,goal_reached,0.01,0.7
9223,159.0,87,True,1,0,0,26,87,goal_reached,0.01,0.7
9224,159.0,87,True,1,0,0,26,87,goal_reached,0.01,0.7
9225,151.0,87,True,3,0,0,26,87,goal_reached,0.01,0.7
9226,129.0,99,True,3,1,0,26,99,goal_reached,0.01,0.7
9227,162.0,72,True,4,0,0,26,72,goal_reached,0.01,0.7
9228,135.0,87,True,7,0,0,26,87,goal_reached,0.01,0.7
9229,159.0,87,True,1,0,0,26,87,goal_reached,0.01,0.7
9230,139.0,99,True,3,0,0,26,99,goal_reached,0.01,0.7
9231,151.0,87,True,3,0,0,26,87,goal_reached,0.01,0.7
9232,135.0,87,True,7,0,0,26,87,goal_reached,0.01,0.7
9233,143.0,87,True,5,0,0,26,87,goal_reached,0.01,0.7
9234,159.0,87,True,1,0,0,26,87,goal_reached,0.01,0.7
9235,151.0,87,True,3,0,0,26,87,goal_reached,0.01,0.7
9236,159.0,87,True,1,0,0,26,87,goal_reached,0.01,0.7
9237,143.0,87,True,5,0,0,26,87,goal_reached,0.01,0.7
9238,159.0,87,True,1,0,0,26,87,goal_reached,0.01,0.7
9239,159.0,87,True,1,0,0,26,87,goal_reached,0.01,0.7
9240,159.0,87,True,1,0,0,26,87,goal_reached,0.01,0.7
9241,159.0,87,True,1,0,0,26,87,goal_reached,0.01,0.7
9242,159.0,87,True,1,0,0,26,87,goal_reached,0.01,0.7
9243,159.0,87,True,1,0,0,26,87,goal_reached,0.01,0.7
9244,-66.0,100,False,4,0,0,26,,energy_depleted,0.01,0.7
9245,151.0,87,True,3,0,0,26,87,goal_reached,0.01,0.7
9246,159.0,87,True,1,0,0,26,87,goal_reached,0.01,0.7
9247,146.0,88,True,4,0,0,26,88,goal_reached,0.01,0.7
9248,159.0,87,True,1,0,0,26,87,goal_reached,0.01,0.7
9249,159.0,87,True,1,0,0,26,87,goal_reached,0.01,0.7
9250,159.0,87,True,1,0,0,26,87,goal_reached,0.01,0.7
9251,159.0,87,True,1,0,0,26,87,goal_reached,0.01,0.7
9252,143.0,87,True,5,0,0,26,87,goal_reached,0.01,0.7
9253,159.0,87,True,1,0,0,26,87,goal_reached,0.01,0.7
9254,151.0,87,True,3,0,0,26,87,goal_reached,0.01,0.7
9255,159.0,87,True,1,0,0,26,87,goal_reached,0.01,0.7
9256,159.0,87,True,1,0,0,26,87,goal_reached,0.01,0.7
9257,159.0,87,True,1,0,0,26,87,goal_reached,0.01,0.7
9258,154.0,88,True,2,0,0,26,88,goal_reached,0.01,0.7
9259,159.0,87,True,1,0,0,26,87,goal_reached,0.01,0.7
9260,151.0,87,True,3,0,0,26,87,goal_reached,0.01,0.7
9261,159.0,87,True,1,0,0,26,87,goal_reached,0.01,0.7
9262,151.0,87,True,3,0,0,26,87,goal_reached,0.01,0.7
9263,151.0,87,True,3,0,0,26,87,goal_reached,0.01,0.7
9264,159.0,87,True,1,0,0,26,87,goal_reached,0.01,0.7
9265,143.0,87,True,5,0,0,26,87,goal_reached,0.01,0.7
9266,159.0,87,True,1,0,0,26,87,goal_reached,0.01,0.7
9267,151.0,87,True,3,0,0,26,87,goal_reached,0.01,0.7
9268,159.0,87,True,1,0,0,26,87,goal_reached,0.01,0.7
9269,139.0,99,True,3,0,0,26,99,goal_reached,0.01,0.7
9270,159.0,87,True,1,0,0,26,87,goal_reached,0.01,0.7
9271,141.0,87,True,3,1,0,26,87,goal_reached,0.01,0.7
9272,159.0,87,True,1,0,0,26,87,goal_reached,0.01,0.7
9273,131.0,99,True,5,0,0,26,99,goal_reached,0.01,0.7
9274,151.0,87,True,3,0,0,26,87,goal_reached,0.01,0.7
9275,143.0,87,True,5,0,0,26,87,goal_reached,0.01,0.7
9276,143.0,87,True,5,0,0,26,87,goal_reached,0.01,0.7
9277,113.0,99,True,7,1,0,28,99,goal_reached,0.01,0.7
9278,154.0,88,True,2,0,0,28,88,goal_reached,0.01,0.7
9279,141.0,87,True,3,1,0,26,87,goal_reached,0.01,0.7
9280,159.0,87,True,1,0,0,26,87,goal_reached,0.01,0.7
9281,151.0,87,True,3,0,0,26,87,goal_reached,0.01,0.7
9282,159.0,87,True,1,0,0,26,87,goal_reached,0.01,0.7
9283,159.0,87,True,1,0,0,26,87,goal_reached,0.01,0.7
9284,159.0,87,True,1,0,0,26,87,goal_reached,0.01,0.7
9285,159.0,87,True,1,0,0,26,87,goal_reached,0.01,0.7
9286,159.0,87,True,1,0,0,26,87,goal_reached,0.01,0.7
9287,159.0,87,True,1,0,0,26,87,goal_reached,0.01,0.7
9288,162.0,72,True,4,0,0,26,72,goal_reached,0.01,0.7
9289,151.0,87,True,3,0,0,26,87,goal_reached,0.01,0.7
9290,159.0,87,True,1,0,0,26,87,goal_reached,0.01,0.7
9291,139.0,99,True,3,0,0,26,99,goal_reached,0.01,0.7
9292,159.0,87,True,1,0,0,26,87,goal_reached,0.01,0.7
9293,159.0,87,True,1,0,0,26,87,goal_reached,0.01,0.7
9294,154.0,88,True,2,0,0,26,88,goal_reached,0.01,0.7
9295,159.0,87,True,1,0,0,26,87,goal_reached,0.01,0.7
9296,159.0,87,True,1,0,0,26,87,goal_reached,0.01,0.7
9297,151.0,87,True,3,0,0,26,87,goal_reached,0.01,0.7
9298,159.0,87,True,1,0,0,26,87,goal_reached,0.01,0.7
9299,141.0,87,True,3,1,0,26,87,goal_reached,0.01,0.7
9300,139.0,99,True,3,0,0,26,99,goal_reached,0.01,0.7
9301,159.0,87,True,1,0,0,26,87,goal_reached,0.01,0.7
9302,143.0,87,True,5,0,0,26,87,goal_reached,0.01,0.7
9303,159.0,87,True,1,0,0,26,87,goal_reached,0.01,0.7
9304,143.0,87,True,5,0,0,26,87,goal_reached,0.01,0.7
9305,123.0,99,True,7,0,0,26,99,goal_reached,0.01,0.7
9306,-62.0,100,False,3,0,0,26,,energy_depleted,0.01,0.7
9307,135.0,87,True,7,0,0,26,87,goal_reached,0.01,0.7
9308,151.0,87,True,3,0,0,26,87,goal_reached,0.01,0.7
9309,139.0,99,True,3,0,0,26,99,goal_reached,0.01,0.7
9310,151.0,87,True,3,0,0,26,87,goal_reached,0.01,0.7
9311,159.0,87,True,1,0,0,26,87,goal_reached,0.01,0.7
9312,159.0,87,True,1,0,0,26,87,goal_reached,0.01,0.7
9313,159.0,87,True,1,0,0,26,87,goal_reached,0.01,0.7
9314,159.0,87,True,1,0,0,26,87,goal_reached,0.01,0.7
9315,159.0,87,True,1,0,0,26,87,goal_reached,0.01,0.7
9316,159.0,87,True,1,0,0,26,87,goal_reached,0.01,0.7
9317,115.0,99,True,9,0,0,26,99,goal_reached,0.01,0.7
9318,151.0,87,True,3,0,0,26,87,goal_reached,0.01,0.7
9319,159.0,87,True,1,0,0,26,87,goal_reached,0.01,0.7
9320,159.0,87,True,1,0,0,26,87,goal_reached,0.01,0.7
9321,159.0,87,True,1,0,0,26,87,goal_reached,0.01,0.7
9322,159.0,87,True,1,0,0,26,87,goal_reached,0.01,0.7
9323,151.0,87,True,3,0,0,26,87,goal_reached,0.01,0.7
9324,159.0,87,True,1,0,0,28,87,goal_reached,0.01,0.7
9325,151.0,87,True,3,0,0,26,87,goal_reached,0.01,0.7
9326,159.0,87,True,1,0,0,26,87,goal_reached,0.01,0.7
9327,131.0,99,True,5,0,0,26,99,goal_reached,0.01,0.7
9328,159.0,87,True,1,0,0,26,87,goal_reached,0.01,0.7
9329,151.0,87,True,3,0,0,26,87,goal_reached,0.01,0.7
9330,159.0,87,True,1,0,0,26,87,goal_reached,0.01,0.7
9331,159.0,87,True,1,0,0,26,87,goal_reached,0.01,0.7
9332,159.0,87,True,1,0,0,26,87,goal_reached,0.01,0.7
9333,151.0,87,True,3,0,0,26,87,goal_reached,0.01,0.7
9334,151.0,87,True,3,0,0,26,87,goal_reached,0.01,0.7
9335,151.0,87,True,3,0,0,26,87,goal_reached,0.01,0.7
9336,159.0,87,True,1,0,0,26,87,goal_reached,0.01,0.7
9337,159.0,87,True,1,0,0,26,87,goal_reached,0.01,0.7
9338,151.0,87,True,3,0,0,26,87,goal_reached,0.01,0.7
9339,151.0,87,True,3,0,0,26,87,goal_reached,0.01,0.7
9340,131.0,99,True,5,0,0,26,99,goal_reached,0.01,0.7
9341,159.0,87,True,1,0,0,26,87,goal_reached,0.01,0.7
9342,159.0,87,True,1,0,0,26,87,goal_reached,0.01,0.7
9343,143.0,87,True,5,0,0,26,87,goal_reached,0.01,0.7
9344,159.0,87,True,1,0,0,28,87,goal_reached,0.01,0.7
9345,154.0,88,True,2,0,0,26,88,goal_reached,0.01,0.7
9346,159.0,87,True,1,0,0,26,87,goal_reached,0.01,0.7
9347,151.0,87,True,3,0,0,26,87,goal_reached,0.01,0.7
9348,159.0,87,True,1,0,0,26,87,goal_reached,0.01,0.7
9349,-54.0,100,False,1,0,0,26,,energy_depleted,0.01,0.7
9350,151.0,87,True,3,0,0,26,87,goal_reached,0.01,0.7
9351,151.0,87,True,3,0,0,26,87,goal_reached,0.01,0.7
9352,151.0,87,True,3,0,0,26,87,goal_reached,0.01,0.7
9353,149.0,87,True,1,1,0,26,87,goal_reached,0.01,0.7
9354,159.0,87,True,1,0,0,26,87,goal_reached,0.01,0.7
9355,151.0,87,True,3,0,0,26,87,goal_reached,0.01,0.7
9356,159.0,87,True,1,0,0,26,87,goal_reached,0.01,0.7
9357,131.0,99,True,5,0,0,26,99,goal_reached,0.01,0.7
9358,159.0,87,True,1,0,0,26,87,goal_reached,0.01,0.7
9359,159.0,87,True,1,0,0,26,87,goal_reached,0.01,0.7
9360,159.0,87,True,1,0,0,26,87,goal_reached,0.01,0.7
9361,159.0,87,True,1,0,0,26,87,goal_reached,0.01,0.7
9362,143.0,87,True,5,0,0,26,87,goal_reached,0.01,0.7
9363,151.0,87,True,3,0,0,26,87,goal_reached,0.01,0.7
9364,131.0,99,True,5,0,0,26,99,goal_reached,0.01,0.7
9365,159.0,87,True,1,0,0,26,87,goal_reached,0.01,0.7
9366,139.0,99,True,3,0,0,26,99,goal_reached,0.01,0.7
9367,149.0,87,True,1,1,0,26,87,goal_reached,0.01,0.7
9368,151.0,87,True,3,0,0,26,87,goal_reached,0.01,0.7
9369,131.0,99,True,5,0,0,26,99,goal_reached,0.01,0.7
9370,159.0,87,True,1,0,0,26,87,goal_reached,0.01,0.7
9371,115.0,99,True,9,0,0,26,99,goal_reached,0.01,0.7
9372,159.0,87,True,1,0,0,26,87,goal_reached,0.01,0.7
9373,151.0,87,True,3,0,0,26,87,goal_reached,0.01,0.7
9374,159.0,87,True,1,0,0,26,87,goal_reached,0.01,0.7
9375,133.0,87,True,5,1,0,26,87,goal_reached,0.01,0.7
9376,151.0,87,True,3,0,0,26,87,goal_reached,0.01,0.7
9377,131.0,99,True,5,0,0,26,99,goal_reached,0.01,0.7
9378,151.0,87,True,3,0,0,26,87,goal_reached,0.01,0.7
9379,154.0,88,True,2,0,0,26,88,goal_reached,0.01,0.7
9380,151.0,87,True,3,0,0,26,87,goal_reached,0.01,0.7
9381,159.0,87,True,1,0,0,26,87,goal_reached,0.01,0.7
9382,139.0,99,True,3,0,0,28,99,goal_reached,0.01,0.7
9383,159.0,87,True,1,0,0,26,87,goal_reached,0.01,0.7
9384,139.0,99,True,3,0,0,26,99,goal_reached,0.01,0.7
9385,123.0,99,True,7,0,0,26,99,goal_reached,0.01,0.7
9386,159.0,87,True,1,0,0,26,87,goal_reached,0.01,0.7
9387,159.0,87,True,1,0,0,26,87,goal_reached,0.01,0.7
9388,159.0,87,True,1,0,0,26,87,goal_reached,0.01,0.7
9389,159.0,87,True,1,0,0,26,87,goal_reached,0.01,0.7
9390,159.0,87,True,1,0,0,26,87,goal_reached,0.01,0.7
9391,151.0,87,True,3,0,0,26,87,goal_reached,0.01,0.7
9392,-62.0,100,False,3,0,0,26,,energy_depleted,0.01,0.7
9393,159.0,87,True,1,0,0,26,87,goal_reached,0.01,0.7
9394,159.0,87,True,1,0,0,26,87,goal_reached,0.01,0.7
9395,146.0,88,True,4,0,0,28,88,goal_reached,0.01,0.7
9396,159.0,87,True,1,0,0,26,87,goal_reached,0.01,0.7
9397,151.0,87,True,3,0,0,26,87,goal_reached,0.01,0.7
9398,159.0,87,True,1,0,0,26,87,goal_reached,0.01,0.7
9399,151.0,87,True,3,0,0,26,87,goal_reached,0.01,0.7
9400,159.0,87,True,1,0,0,26,87,goal_reached,0.01,0.7
9401,151.0,87,True,3,0,0,26,87,goal_reached,0.01,0.7
9402,159.0,87,True,1,0,0,26,87,goal_reached,0.01,0.7
9403,151.0,87,True,3,0,0,26,87,goal_reached,0.01,0.7
9404,151.0,87,True,3,0,0,26,87,goal_reached,0.01,0.7
9405,159.0,87,True,1,0,0,26,87,goal_reached,0.01,0.7
9406,151.0,87,True,3,0,0,26,87,goal_reached,0.01,0.7
9407,143.0,87,True,5,0,0,26,87,goal_reached,0.01,0.7
9408,159.0,87,True,1,0,0,26,87,goal_reached,0.01,0.7
9409,159.0,87,True,1,0,0,26,87,goal_reached,0.01,0.7
9410,-78.0,100,False,7,0,0,26,,energy_depleted,0.01,0.7
9411,159.0,87,True,1,0,0,26,87,goal_reached,0.01,0.7
9412,159.0,87,True,1,0,0,26,87,goal_reached,0.01,0.7
9413,151.0,87,True,3,0,0,26,87,goal_reached,0.01,0.7
9414,151.0,87,True,3,0,0,26,87,goal_reached,0.01,0.7
9415,159.0,87,True,1,0,0,26,87,goal_reached,0.01,0.7
9416,151.0,87,True,3,0,0,26,87,goal_reached,0.01,0.7
9417,159.0,87,True,1,0,0,26,87,goal_reached,0.01,0.7
9418,151.0,87,True,3,0,0,26,87,goal_reached,0.01,0.7
9419,151.0,87,True,3,0,0,26,87,goal_reached,0.01,0.7
9420,151.0,87,True,3,0,0,26,87,goal_reached,0.01,0.7
9421,159.0,87,True,1,0,0,26,87,goal_reached,0.01,0.7
9422,115.0,99,True,9,0,0,26,99,goal_reached,0.01,0.7
9423,159.0,87,True,1,0,0,26,87,goal_reached,0.01,0.7
9424,159.0,87,True,1,0,0,26,87,goal_reached,0.01,0.7
9425,151.0,87,True,3,0,0,26,87,goal_reached,0.01,0.7
9426,115.0,99,True,9,0,0,26,99,goal_reached,0.01,0.7
9427,151.0,87,True,3,0,0,26,87,goal_reached,0.01,0.7
9428,159.0,87,True,1,0,0,26,87,goal_reached,0.01,0.7
9429,151.0,87,True,3,0,0,26,87,goal_reached,0.01,0.7
9430,159.0,87,True,1,0,0,26,87,goal_reached,0.01,0.7
9431,159.0,87,True,1,0,0,26,87,goal_reached,0.01,0.7
9432,131.0,99,True,5,0,0,26,99,goal_reached,0.01,0.7
9433,159.0,87,True,1,0,0,26,87,goal_reached,0.01,0.7
9434,159.0,87,True,1,0,0,26,87,goal_reached,0.01,0.7
9435,159.0,87,True,1,0,0,26,87,goal_reached,0.01,0.7
9436,159.0,87,True,1,0,0,26,87,goal_reached,0.01,0.7
9437,159.0,87,True,1,0,0,26,87,goal_reached,0.01,0.7
9438,123.0,99,True,7,0,0,26,99,goal_reached,0.01,0.7
9439,139.0,99,True,3,0,0,26,99,goal_reached,0.01,0.7
9440,159.0,87,True,1,0,0,26,87,goal_reached,0.01,0.7
9441,151.0,87,True,3,0,0,26,87,goal_reached,0.01,0.7
9442,151.0,87,True,3,0,0,26,87,goal_reached,0.01,0.7
9443,151.0,87,True,3,0,0,26,87,goal_reached,0.01,0.7
9444,139.0,99,True,3,0,0,26,99,goal_reached,0.01,0.7
9445,151.0,87,True,3,0,0,26,87,goal_reached,0.01,0.7
9446,159.0,87,True,1,0,0,26,87,goal_reached,0.01,0.7
9447,159.0,87,True,1,0,0,26,87,goal_reached,0.01,0.7
9448,159.0,87,True,1,0,0,26,87,goal_reached,0.01,0.7
9449,143.0,87,True,5,0,0,26,87,goal_reached,0.01,0.7
9450,159.0,87,True,1,0,0,26,87,goal_reached,0.01,0.7
9451,159.0,87,True,1,0,0,26,87,goal_reached,0.01,0.7
9452,115.0,99,True,9,0,0,26,99,goal_reached,0.01,0.7
9453,159.0,87,True,1,0,0,26,87,goal_reached,0.01,0.7
9454,159.0,87,True,1,0,0,26,87,goal_reached,0.01,0.7
9455,159.0,87,True,1,0,0,26,87,goal_reached,0.01,0.7
9456,151.0,87,True,3,0,0,26,87,goal_reached,0.01,0.7
9457,151.0,87,True,3,0,0,26,87,goal_reached,0.01,0.7
9458,159.0,87,True,1,0,0,26,87,goal_reached,0.01,0.7
9459,107.0,99,True,11,0,0,26,99,goal_reached,0.01,0.7
9460,123.0,99,True,7,0,0,26,99,goal_reached,0.01,0.7
9461,151.0,87,True,3,0,0,26,87,goal_reached,0.01,0.7
9462,139.0,99,True,3,0,0,26,99,goal_reached,0.01,0.7
9463,149.0,87,True,1,1,0,26,87,goal_reached,0.01,0.7
9464,143.0,87,True,5,0,0,29,87,goal_reached,0.01,0.7
9465,159.0,87,True,1,0,0,26,87,goal_reached,0.01,0.7
9466,159.0,87,True,1,0,0,26,87,goal_reached,0.01,0.7
9467,151.0,87,True,3,0,0,26,87,goal_reached,0.01,0.7
9468,107.0,99,True,11,0,0,26,99,goal_reached,0.01,0.7
9469,159.0,87,True,1,0,0,26,87,goal_reached,0.01,0.7
9470,151.0,87,True,3,0,0,26,87,goal_reached,0.01,0.7
9471,143.0,87,True,5,0,0,26,87,goal_reached,0.01,0.7
9472,159.0,87,True,1,0,0,26,87,goal_reached,0.01,0.7
9473,139.0,99,True,3,0,0,26,99,goal_reached,0.01,0.7
9474,151.0,87,True,3,0,0,26,87,goal_reached,0.01,0.7
9475,159.0,87,True,1,0,0,26,87,goal_reached,0.01,0.7
9476,159.0,87,True,1,0,0,26,87,goal_reached,0.01,0.7
9477,159.0,87,True,1,0,0,26,87,goal_reached,0.01,0.7
9478,154.0,88,True,2,0,0,26,88,goal_reached,0.01,0.7
9479,139.0,99,True,3,0,0,26,99,goal_reached,0.01,0.7
9480,159.0,87,True,1,0,0,26,87,goal_reached,0.01,0.7
9481,143.0,87,True,5,0,0,26,87,goal_reached,0.01,0.7
9482,159.0,87,True,1,0,0,26,87,goal_reached,0.01,0.7
9483,151.0,87,True,3,0,0,26,87,goal_reached,0.01,0.7
9484,159.0,87,True,1,0,0,26,87,goal_reached,0.01,0.7
9485,159.0,87,True,1,0,0,26,87,goal_reached,0.01,0.7
9486,151.0,87,True,3,0,0,26,87,goal_reached,0.01,0.7
9487,151.0,87,True,3,0,0,26,87,goal_reached,0.01,0.7
9488,159.0,87,True,1,0,0,26,87,goal_reached,0.01,0.7
9489,159.0,87,True,1,0,0,26,87,goal_reached,0.01,0.7
9490,139.0,99,True,3,0,0,26,99,goal_reached,0.01,0.7
9491,159.0,87,True,1,0,0,26,87,goal_reached,0.01,0.7
9492,159.0,87,True,1,0,0,26,87,goal_reached,0.01,0.7
9493,159.0,87,True,1,0,0,26,87,goal_reached,0.01,0.7
9494,159.0,87,True,1,0,0,26,87,goal_reached,0.01,0.7
9495,159.0,87,True,1,0,0,26,87,goal_reached,0.01,0.7
9496,135.0,87,True,7,0,0,26,87,goal_reached,0.01,0.7
9497,159.0,87,True,1,0,0,26,87,goal_reached,0.01,0.7
9498,159.0,87,True,1,0,0,26,87,goal_reached,0.01,0.7
9499,151.0,87,True,3,0,0,26,87,goal_reached,0.01,0.7
9500,146.0,88,True,4,0,0,26,88,goal_reached,0.01,0.7
9501,159.0,87,True,1,0,0,26,87,goal_reached,0.01,0.7
9502,159.0,87,True,1,0,0,26,87,goal_reached,0.01,0.7
9503,159.0,87,True,1,0,0,26,87,goal_reached,0.01,0.7
9504,159.0,87,True,1,0,0,26,87,goal_reached,0.01,0.7
9505,151.0,87,True,3,0,0,26,87,goal_reached,0.01,0.7
9506,159.0,87,True,1,0,0,26,87,goal_reached,0.01,0.7
9507,159.0,87,True,1,0,0,26,87,goal_reached,0.01,0.7
9508,159.0,87,True,1,0,0,26,87,goal_reached,0.01,0.7
9509,159.0,87,True,1,0,0,26,87,goal_reached,0.01,0.7
9510,159.0,87,True,1,0,0,26,87,goal_reached,0.01,0.7
9511,159.0,87,True,1,0,0,26,87,goal_reached,0.01,0.7
9512,159.0,87,True,1,0,0,26,87,goal_reached,0.01,0.7
9513,139.0,99,True,3,0,0,26,99,goal_reached,0.01,0.7
9514,159.0,87,True,1,0,0,26,87,goal_reached,0.01,0.7
9515,151.0,87,True,3,0,0,26,87,goal_reached,0.01,0.7
9516,159.0,87,True,1,0,0,26,87,goal_reached,0.01,0.7
9517,159.0,87,True,1,0,0,26,87,goal_reached,0.01,0.7
9518,159.0,87,True,1,0,0,26,87,goal_reached,0.01,0.7
9519,159.0,87,True,1,0,0,26,87,goal_reached,0.01,0.7
9520,159.0,87,True,1,0,0,26,87,goal_reached,0.01,0.7
9521,159.0,87,True,1,0,0,26,87,goal_reached,0.01,0.7
9522,147.0,99,True,1,0,0,28,99,goal_reached,0.01,0.7
9523,131.0,99,True,5,0,0,28,99,goal_reached,0.01,0.7
9524,159.0,87,True,1,0,0,26,87,goal_reached,0.01,0.7
9525,159.0,87,True,1,0,0,26,87,goal_reached,0.01,0.7
9526,159.0,87,True,1,0,0,26,87,goal_reached,0.01,0.7
9527,159.0,87,True,1,0,0,26,87,goal_reached,0.01,0.7
9528,159.0,87,True,1,0,0,26,87,goal_reached,0.01,0.7
9529,159.0,87,True,1,0,0,26,87,goal_reached,0.01,0.7
9530,159.0,87,True,1,0,0,26,87,goal_reached,0.01,0.7
9531,139.0,99,True,3,0,0,28,99,goal_reached,0.01,0.7
9532,159.0,87,True,1,0,0,26,87,goal_reached,0.01,0.7
9533,159.0,87,True,1,0,0,26,87,goal_reached,0.01,0.7
9534,159.0,87,True,1,0,0,26,87,goal_reached,0.01,0.7
9535,159.0,87,True,1,0,0,26,87,goal_reached,0.01,0.7
9536,159.0,87,True,1,0,0,26,87,goal_reached,0.01,0.7
9537,159.0,87,True,1,0,0,26,87,goal_reached,0.01,0.7
9538,159.0,87,True,1,0,0,26,87,goal_reached,0.01,0.7
9539,159.0,87,True,1,0,0,26,87,goal_reached,0.01,0.7
9540,159.0,87,True,1,0,0,26,87,goal_reached,0.01,0.7
9541,139.0,99,True,3,0,0,26,99,goal_reached,0.01,0.7
9542,159.0,87,True,1,0,0,26,87,goal_reached,0.01,0.7
9543,159.0,87,True,1,0,0,26,87,goal_reached,0.01,0.7
9544,159.0,87,True,1,0,0,26,87,goal_reached,0.01,0.7
9545,159.0,87,True,1,0,0,26,87,goal_reached,0.01,0.7
9546,151.0,87,True,3,0,0,26,87,goal_reached,0.01,0.7
9547,159.0,87,True,1,0,0,26,87,goal_reached,0.01,0.7
9548,159.0,87,True,1,0,0,26,87,goal_reached,0.01,0.7
9549,159.0,87,True,1,0,0,26,87,goal_reached,0.01,0.7
9550,159.0,87,True,1,0,0,26,87,goal_reached,0.01,0.7
9551,159.0,87,True,1,0,0,26,87,goal_reached,0.01,0.7
9552,159.0,87,True,1,0,0,26,87,goal_reached,0.01,0.7
9553,159.0,87,True,1,0,0,26,87,goal_reached,0.01,0.7
9554,159.0,87,True,1,0,0,26,87,goal_reached,0.01,0.7
9555,159.0,87,True,1,0,0,26,87,goal_reached,0.01,0.7
9556,159.0,87,True,1,0,0,26,87,goal_reached,0.01,0.7
9557,159.0,87,True,1,0,0,26,87,goal_reached,0.01,0.7
9558,159.0,87,True,1,0,0,26,87,goal_reached,0.01,0.7
9559,159.0,87,True,1,0,0,26,87,goal_reached,0.01,0.7
9560,159.0,87,True,1,0,0,26,87,goal_reached,0.01,0.7
9561,159.0,87,True,1,0,0,26,87,goal_reached,0.01,0.7
9562,159.0,87,True,1,0,0,26,87,goal_reached,0.01,0.7
9563,159.0,87,True,1,0,0,26,87,goal_reached,0.01,0.7
9564,159.0,87,True,1,0,0,26,87,goal_reached,0.01,0.7
9565,159.0,87,True,1,0,0,26,87,goal_reached,0.01,0.7
9566,159.0,87,True,1,0,0,26,87,goal_reached,0.01,0.7
9567,159.0,87,True,1,0,0,26,87,goal_reached,0.01,0.7
9568,159.0,87,True,1,0,0,26,87,goal_reached,0.01,0.7
9569,129.0,99,True,3,1,0,23,99,goal_reached,0.01,0.7
9570,139.0,99,True,3,0,0,26,99,goal_reached,0.01,0.7
9571,159.0,87,True,1,0,0,26,87,goal_reached,0.01,0.7
9572,154.0,88,True,2,0,0,26,88,goal_reached,0.01,0.7
9573,154.0,88,True,2,0,0,26,88,goal_reached,0.01,0.7
9574,159.0,87,True,1,0,0,26,87,goal_reached,0.01,0.7
9575,159.0,87,True,1,0,0,26,87,goal_reached,0.01,0.7
9576,159.0,87,True,1,0,0,26,87,goal_reached,0.01,0.7
9577,159.0,87,True,1,0,0,26,87,goal_reached,0.01,0.7
9578,159.0,87,True,1,0,0,26,87,goal_reached,0.01,0.7
9579,159.0,87,True,1,0,0,26,87,goal_reached,0.01,0.7
9580,139.0,99,True,3,0,0,26,99,goal_reached,0.01,0.7
9581,159.0,87,True,1,0,0,26,87,goal_reached,0.01,0.7
9582,159.0,87,True,1,0,0,26,87,goal_reached,0.01,0.7
9583,159.0,87,True,1,0,0,26,87,goal_reached,0.01,0.7
9584,159.0,87,True,1,0,0,26,87,goal_reached,0.01,0.7
9585,159.0,87,True,1,0,0,26,87,goal_reached,0.01,0.7
9586,159.0,87,True,1,0,0,26,87,goal_reached,0.01,0.7
9587,159.0,87,True,1,0,0,26,87,goal_reached,0.01,0.7
9588,147.0,99,True,1,0,0,26,99,goal_reached,0.01,0.7
9589,159.0,87,True,1,0,0,26,87,goal_reached,0.01,0.7
9590,159.0,87,True,1,0,0,26,87,goal_reached,0.01,0.7
9591,-66.0,100,False,4,0,0,26,,energy_depleted,0.01,0.7
9592,159.0,87,True,1,0,0,26,87,goal_reached,0.01,0.7
9593,159.0,87,True,1,0,0,26,87,goal_reached,0.01,0.7
9594,159.0,87,True,1,0,0,28,87,goal_reached,0.01,0.7
9595,159.0,87,True,1,0,0,26,87,goal_reached,0.01,0.7
9596,159.0,87,True,1,0,0,26,87,goal_reached,0.01,0.7
9597,159.0,87,True,1,0,0,26,87,goal_reached,0.01,0.7
9598,159.0,87,True,1,0,0,26,87,goal_reached,0.01,0.7
9599,159.0,87,True,1,0,0,26,87,goal_reached,0.01,0.7
9600,159.0,87,True,1,0,0,26,87,goal_reached,0.01,0.7
9601,159.0,87,True,1,0,0,26,87,goal_reached,0.01,0.7
9602,159.0,87,True,1,0,0,26,87,goal_reached,0.01,0.7
9603,159.0,87,True,1,0,0,26,87,goal_reached,0.01,0.7
9604,159.0,87,True,1,0,0,26,87,goal_reached,0.01,0.7
9605,147.0,99,True,1,0,0,26,99,goal_reached,0.01,0.7
9606,159.0,87,True,1,0,0,26,87,goal_reached,0.01,0.7
9607,154.0,88,True,2,0,0,26,88,goal_reached,0.01,0.7
9608,159.0,87,True,1,0,0,26,87,goal_reached,0.01,0.7
9609,159.0,87,True,1,0,0,26,87,goal_reached,0.01,0.7
9610,159.0,87,True,1,0,0,26,87,goal_reached,0.01,0.7
9611,159.0,87,True,1,0,0,26,87,goal_reached,0.01,0.7
9612,139.0,99,True,3,0,0,26,99,goal_reached,0.01,0.7
9613,159.0,87,True,1,0,0,26,87,goal_reached,0.01,0.7
9614,159.0,87,True,1,0,0,26,87,goal_reached,0.01,0.7
9615,159.0,87,True,1,0,0,26,87,goal_reached,0.01,0.7
9616,159.0,87,True,1,0,0,26,87,goal_reached,0.01,0.7
9617,151.0,87,True,3,0,0,26,87,goal_reached,0.01,0.7
9618,159.0,87,True,1,0,0,26,87,goal_reached,0.01,0.7
9619,159.0,87,True,1,0,0,26,87,goal_reached,0.01,0.7
9620,159.0,87,True,1,0,0,26,87,goal_reached,0.01,0.7
9621,159.0,87,True,1,0,0,26,87,goal_reached,0.01,0.7
9622,131.0,99,True,5,0,0,26,99,goal_reached,0.01,0.7
9623,159.0,87,True,1,0,0,26,87,goal_reached,0.01,0.7
9624,159.0,87,True,1,0,0,26,87,goal_reached,0.01,0.7
9625,154.0,88,True,2,0,0,26,88,goal_reached,0.01,0.7
9626,159.0,87,True,1,0,0,26,87,goal_reached,0.01,0.7
9627,159.0,87,True,1,0,0,26,87,goal_reached,0.01,0.7
9628,159.0,87,True,1,0,0,26,87,goal_reached,0.01,0.7
9629,159.0,87,True,1,0,0,26,87,goal_reached,0.01,0.7
9630,159.0,87,True,1,0,0,26,87,goal_reached,0.01,0.7
9631,159.0,87,True,1,0,0,26,87,goal_reached,0.01,0.7
9632,159.0,87,True,1,0,0,26,87,goal_reached,0.01,0.7
9633,159.0,87,True,1,0,0,26,87,goal_reached,0.01,0.7
9634,159.0,87,True,1,0,0,26,87,goal_reached,0.01,0.7
9635,159.0,87,True,1,0,0,26,87,goal_reached,0.01,0.7
9636,159.0,87,True,1,0,0,26,87,goal_reached,0.01,0.7
9637,159.0,87,True,1,0,0,26,87,goal_reached,0.01,0.7
9638,159.0,87,True,1,0,0,26,87,goal_reached,0.01,0.7
9639,159.0,87,True,1,0,0,26,87,goal_reached,0.01,0.7
9640,159.0,87,True,1,0,0,26,87,goal_reached,0.01,0.7
9641,159.0,87,True,1,0,0,26,87,goal_reached,0.01,0.7
9642,151.0,87,True,3,0,0,28,87,goal_reached,0.01,0.7
9643,159.0,87,True,1,0,0,26,87,goal_reached,0.01,0.7
9644,159.0,87,True,1,0,0,28,87,goal_reached,0.01,0.7
9645,142.0,100,True,2,0,0,26,100,goal_reached,0.01,0.7
9646,159.0,87,True,1,0,0,26,87,goal_reached,0.01,0.7
9647,159.0,87,True,1,0,0,26,87,goal_reached,0.01,0.7
9648,159.0,87,True,1,0,0,26,87,goal_reached,0.01,0.7
9649,159.0,87,True,1,0,0,26,87,goal_reached,0.01,0.7
9650,159.0,87,True,1,0,0,26,87,goal_reached,0.01,0.7
9651,159.0,87,True,1,0,0,26,87,goal_reached,0.01,0.7
9652,159.0,87,True,1,0,0,26,87,goal_reached,0.01,0.7
9653,159.0,87,True,1,0,0,26,87,goal_reached,0.01,0.7
9654,141.0,87,True,3,1,0,28,87,goal_reached,0.01,0.7
9655,159.0,87,True,1,0,0,26,87,goal_reached,0.01,0.7
9656,159.0,87,True,1,0,0,26,87,goal_reached,0.01,0.7
9657,159.0,87,True,1,0,0,26,87,goal_reached,0.01,0.7
9658,159.0,87,True,1,0,0,26,87,goal_reached,0.01,0.7
9659,159.0,87,True,1,0,0,26,87,goal_reached,0.01,0.7
9660,159.0,87,True,1,0,0,26,87,goal_reached,0.01,0.7
9661,159.0,87,True,1,0,0,26,87,goal_reached,0.01,0.7
9662,159.0,87,True,1,0,0,26,87,goal_reached,0.01,0.7
9663,159.0,87,True,1,0,0,26,87,goal_reached,0.01,0.7
9664,159.0,87,True,1,0,0,26,87,goal_reached,0.01,0.7
9665,159.0,87,True,1,0,0,26,87,goal_reached,0.01,0.7
9666,159.0,87,True,1,0,0,26,87,goal_reached,0.01,0.7
9667,159.0,87,True,1,0,0,26,87,goal_reached,0.01,0.7
9668,159.0,87,True,1,0,0,26,87,goal_reached,0.01,0.7
9669,139.0,99,True,3,0,0,26,99,goal_reached,0.01,0.7
9670,159.0,87,True,1,0,0,26,87,goal_reached,0.01,0.7
9671,139.0,99,True,3,0,0,26,99,goal_reached,0.01,0.7
9672,139.0,99,True,3,0,0,26,99,goal_reached,0.01,0.7
9673,159.0,87,True,1,0,0,26,87,goal_reached,0.01,0.7
9674,159.0,87,True,1,0,0,26,87,goal_reached,0.01,0.7
9675,159.0,87,True,1,0,0,26,87,goal_reached,0.01,0.7
9676,159.0,87,True,1,0,0,26,87,goal_reached,0.01,0.7
9677,159.0,87,True,1,0,0,26,87,goal_reached,0.01,0.7
9678,143.0,87,True,5,0,0,26,87,goal_reached,0.01,0.7
9679,151.0,87,True,3,0,0,28,87,goal_reached,0.01,0.7
9680,154.0,88,True,2,0,0,26,88,goal_reached,0.01,0.7
9681,131.0,99,True,5,0,0,26,99,goal_reached,0.01,0.7
9682,159.0,87,True,1,0,0,26,87,goal_reached,0.01,0.7
9683,159.0,87,True,1,0,0,26,87,goal_reached,0.01,0.7
9684,159.0,87,True,1,0,0,26,87,goal_reached,0.01,0.7
9685,139.0,99,True,3,0,0,26,99,goal_reached,0.01,0.7
9686,159.0,87,True,1,0,0,26,87,goal_reached,0.01,0.7
9687,159.0,87,True,1,0,0,26,87,goal_reached,0.01,0.7
9688,139.0,99,True,3,0,0,28,99,goal_reached,0.01,0.7
9689,159.0,87,True,1,0,0,26,87,goal_reached,0.01,0.7
9690,139.0,99,True,3,0,0,28,99,goal_reached,0.01,0.7
9691,159.0,87,True,1,0,0,26,87,goal_reached,0.01,0.7
9692,159.0,87,True,1,0,0,26,87,goal_reached,0.01,0.7
9693,159.0,87,True,1,0,0,26,87,goal_reached,0.01,0.7
9694,159.0,87,True,1,0,0,26,87,goal_reached,0.01,0.7
9695,159.0,87,True,1,0,0,26,87,goal_reached,0.01,0.7
9696,159.0,87,True,1,0,0,26,87,goal_reached,0.01,0.7
9697,159.0,87,True,1,0,0,26,87,goal_reached,0.01,0.7
9698,139.0,99,True,3,0,0,26,99,goal_reached,0.01,0.7
9699,159.0,87,True,1,0,0,26,87,goal_reached,0.01,0.7
9700,149.0,87,True,1,1,0,28,87,goal_reached,0.01,0.7
9701,159.0,87,True,1,0,0,26,87,goal_reached,0.01,0.7
9702,139.0,99,True,3,0,0,28,99,goal_reached,0.01,0.7
9703,159.0,87,True,1,0,0,26,87,goal_reached,0.01,0.7
9704,159.0,87,True,1,0,0,26,87,goal_reached,0.01,0.7
9705,159.0,87,True,1,0,0,26,87,goal_reached,0.01,0.7
9706,131.0,99,True,5,0,0,28,99,goal_reached,0.01,0.7
9707,159.0,87,True,1,0,0,26,87,goal_reached,0.01,0.7
9708,159.0,87,True,1,0,0,26,87,goal_reached,0.01,0.7
9709,159.0,87,True,1,0,0,26,87,goal_reached,0.01,0.7
9710,159.0,87,True,1,0,0,26,87,goal_reached,0.01,0.7
9711,159.0,87,True,1,0,0,26,87,goal_reached,0.01,0.7
9712,159.0,87,True,1,0,0,26,87,goal_reached,0.01,0.7
9713,159.0,87,True,1,0,0,26,87,goal_reached,0.01,0.7
9714,159.0,87,True,1,0,0,26,87,goal_reached,0.01,0.7
9715,159.0,87,True,1,0,0,26,87,goal_reached,0.01,0.7
9716,159.0,87,True,1,0,0,26,87,goal_reached,0.01,0.7
9717,159.0,87,True,1,0,0,26,87,goal_reached,0.01,0.7
9718,159.0,87,True,1,0,0,26,87,goal_reached,0.01,0.7
9719,159.0,87,True,1,0,0,26,87,goal_reached,0.01,0.7
9720,159.0,87,True,1,0,0,26,87,goal_reached,0.01,0.7
9721,139.0,99,True,3,0,0,26,99,goal_reached,0.01,0.7
9722,159.0,87,True,1,0,0,26,87,goal_reached,0.01,0.7
9723,159.0,87,True,1,0,0,26,87,goal_reached,0.01,0.7
9724,159.0,87,True,1,0,0,26,87,goal_reached,0.01,0.7
9725,-62.0,100,False,3,0,0,23,,energy_depleted,0.01,0.7
9726,159.0,87,True,1,0,0,26,87,goal_reached,0.01,0.7
9727,159.0,87,True,1,0,0,26,87,goal_reached,0.01,0.7
9728,159.0,87,True,1,0,0,26,87,goal_reached,0.01,0.7
9729,159.0,87,True,1,0,0,26,87,goal_reached,0.01,0.7
9730,159.0,87,True,1,0,0,26,87,goal_reached,0.01,0.7
9731,-58.0,100,False,2,0,0,28,,energy_depleted,0.01,0.7
9732,154.0,88,True,2,0,0,26,88,goal_reached,0.01,0.7
9733,159.0,87,True,1,0,0,26,87,goal_reached,0.01,0.7
9734,159.0,87,True,1,0,0,26,87,goal_reached,0.01,0.7
9735,159.0,87,True,1,0,0,26,87,goal_reached,0.01,0.7
9736,159.0,87,True,1,0,0,26,87,goal_reached,0.01,0.7
9737,159.0,87,True,1,0,0,26,87,goal_reached,0.01,0.7
9738,159.0,87,True,1,0,0,26,87,goal_reached,0.01,0.7
9739,159.0,87,True,1,0,0,26,87,goal_reached,0.01,0.7
9740,159.0,87,True,1,0,0,26,87,goal_reached,0.01,0.7
9741,159.0,87,True,1,0,0,26,87,goal_reached,0.01,0.7
9742,159.0,87,True,1,0,0,26,87,goal_reached,0.01,0.7
9743,159.0,87,True,1,0,0,26,87,goal_reached,0.01,0.7
9744,159.0,87,True,1,0,0,26,87,goal_reached,0.01,0.7
9745,159.0,87,True,1,0,0,26,87,goal_reached,0.01,0.7
9746,159.0,87,True,1,0,0,26,87,goal_reached,0.01,0.7
9747,159.0,87,True,1,0,0,26,87,goal_reached,0.01,0.7
9748,159.0,87,True,1,0,0,26,87,goal_reached,0.01,0.7
9749,159.0,87,True,1,0,0,26,87,goal_reached,0.01,0.7
9750,159.0,87,True,1,0,0,26,87,goal_reached,0.01,0.7
9751,139.0,99,True,3,0,0,26,99,goal_reached,0.01,0.7
9752,159.0,87,True,1,0,0,26,87,goal_reached,0.01,0.7
9753,159.0,87,True,1,0,0,26,87,goal_reached,0.01,0.7
9754,159.0,87,True,1,0,0,26,87,goal_reached,0.01,0.7
9755,147.0,99,True,1,0,0,28,99,goal_reached,0.01,0.7
9756,159.0,87,True,1,0,0,26,87,goal_reached,0.01,0.7
9757,159.0,87,True,1,0,0,26,87,goal_reached,0.01,0.7
9758,159.0,87,True,1,0,0,26,87,goal_reached,0.01,0.7
9759,159.0,87,True,1,0,0,26,87,goal_reached,0.01,0.7
9760,159.0,87,True,1,0,0,26,87,goal_reached,0.01,0.7
9761,159.0,87,True,1,0,0,26,87,goal_reached,0.01,0.7
9762,159.0,87,True,1,0,0,26,87,goal_reached,0.01,0.7
9763,159.0,87,True,1,0,0,26,87,goal_reached,0.01,0.7
9764,159.0,87,True,1,0,0,26,87,goal_reached,0.01,0.7
9765,159.0,87,True,1,0,0,26,87,goal_reached,0.01,0.7
9766,159.0,87,True,1,0,0,26,87,goal_reached,0.01,0.7
9767,159.0,87,True,1,0,0,26,87,goal_reached,0.01,0.7
9768,159.0,87,True,1,0,0,26,87,goal_reached,0.01,0.7
9769,159.0,87,True,1,0,0,26,87,goal_reached,0.01,0.7
9770,159.0,87,True,1,0,0,26,87,goal_reached,0.01,0.7
9771,159.0,87,True,1,0,0,26,87,goal_reached,0.01,0.7
9772,159.0,87,True,1,0,0,26,87,goal_reached,0.01,0.7
9773,159.0,87,True,1,0,0,26,87,goal_reached,0.01,0.7
9774,159.0,87,True,1,0,0,26,87,goal_reached,0.01,0.7
9775,151.0,87,True,3,0,0,26,87,goal_reached,0.01,0.7
9776,159.0,87,True,1,0,0,26,87,goal_reached,0.01,0.7
9777,151.0,87,True,3,0,0,26,87,goal_reached,0.01,0.7
9778,159.0,87,True,1,0,0,26,87,goal_reached,0.01,0.7
9779,154.0,88,True,2,0,0,26,88,goal_reached,0.01,0.7
9780,159.0,87,True,1,0,0,26,87,goal_reached,0.01,0.7
9781,159.0,87,True,1,0,0,26,87,goal_reached,0.01,0.7
9782,159.0,87,True,1,0,0,26,87,goal_reached,0.01,0.7
9783,159.0,87,True,1,0,0,26,87,goal_reached,0.01,0.7
9784,159.0,87,True,1,0,0,26,87,goal_reached,0.01,0.7
9785,159.0,87,True,1,0,0,26,87,goal_reached,0.01,0.7
9786,159.0,87,True,1,0,0,26,87,goal_reached,0.01,0.7
9787,159.0,87,True,1,0,0,26,87,goal_reached,0.01,0.7
9788,159.0,87,True,1,0,0,26,87,goal_reached,0.01,0.7
9789,154.0,88,True,2,0,0,26,88,goal_reached,0.01,0.7
9790,159.0,87,True,1,0,0,26,87,goal_reached,0.01,0.7
9791,159.0,87,True,1,0,0,26,87,goal_reached,0.01,0.7
9792,159.0,87,True,1,0,0,26,87,goal_reached,0.01,0.7
9793,139.0,99,True,3,0,0,26,99,goal_reached,0.01,0.7
9794,131.0,99,True,5,0,0,28,99,goal_reached,0.01,0.7
9795,159.0,87,True,1,0,0,26,87,goal_reached,0.01,0.7
9796,159.0,87,True,1,0,0,26,87,goal_reached,0.01,0.7
9797,139.0,99,True,3,0,0,26,99,goal_reached,0.01,0.7
9798,159.0,87,True,1,0,0,26,87,goal_reached,0.01,0.7
9799,159.0,87,True,1,0,0,26,87,goal_reached,0.01,0.7
9800,159.0,87,True,1,0,0,26,87,goal_reached,0.01,0.7
9801,159.0,87,True,1,0,0,26,87,goal_reached,0.01,0.7
9802,159.0,87,True,1,0,0,26,87,goal_reached,0.01,0.7
9803,159.0,87,True,1,0,0,26,87,goal_reached,0.01,0.7
9804,159.0,87,True,1,0,0,26,87,goal_reached,0.01,0.7
9805,159.0,87,True,1,0,0,26,87,goal_reached,0.01,0.7
9806,159.0,87,True,1,0,0,26,87,goal_reached,0.01,0.7
9807,159.0,87,True,1,0,0,26,87,goal_reached,0.01,0.7
9808,159.0,87,True,1,0,0,26,87,goal_reached,0.01,0.7
9809,159.0,87,True,1,0,0,26,87,goal_reached,0.01,0.7
9810,159.0,87,True,1,0,0,26,87,goal_reached,0.01,0.7
9811,159.0,87,True,1,0,0,26,87,goal_reached,0.01,0.7
9812,159.0,87,True,1,0,0,26,87,goal_reached,0.01,0.7
9813,159.0,87,True,1,0,0,26,87,goal_reached,0.01,0.7
9814,159.0,87,True,1,0,0,26,87,goal_reached,0.01,0.7
9815,159.0,87,True,1,0,0,26,87,goal_reached,0.01,0.7
9816,159.0,87,True,1,0,0,26,87,goal_reached,0.01,0.7
9817,159.0,87,True,1,0,0,26,87,goal_reached,0.01,0.7
9818,159.0,87,True,1,0,0,26,87,goal_reached,0.01,0.7
9819,159.0,87,True,1,0,0,26,87,goal_reached,0.01,0.7
9820,159.0,87,True,1,0,0,26,87,goal_reached,0.01,0.7
9821,159.0,87,True,1,0,0,26,87,goal_reached,0.01,0.7
9822,159.0,87,True,1,0,0,26,87,goal_reached,0.01,0.7
9823,159.0,87,True,1,0,0,26,87,goal_reached,0.01,0.7
9824,159.0,87,True,1,0,0,26,87,goal_reached,0.01,0.7
9825,159.0,87,True,1,0,0,26,87,goal_reached,0.01,0.7
9826,159.0,87,True,1,0,0,26,87,goal_reached,0.01,0.7
9827,159.0,87,True,1,0,0,26,87,goal_reached,0.01,0.7
9828,159.0,87,True,1,0,0,26,87,goal_reached,0.01,0.7
9829,159.0,87,True,1,0,0,26,87,goal_reached,0.01,0.7
9830,159.0,87,True,1,0,0,26,87,goal_reached,0.01,0.7
9831,159.0,87,True,1,0,0,26,87,goal_reached,0.01,0.7
9832,159.0,87,True,1,0,0,26,87,goal_reached,0.01,0.7
9833,159.0,87,True,1,0,0,26,87,goal_reached,0.01,0.7
9834,159.0,87,True,1,0,0,26,87,goal_reached,0.01,0.7
9835,139.0,99,True,3,0,0,28,99,goal_reached,0.01,0.7
9836,159.0,87,True,1,0,0,26,87,goal_reached,0.01,0.7
9837,159.0,87,True,1,0,0,26,87,goal_reached,0.01,0.7
9838,159.0,87,True,1,0,0,26,87,goal_reached,0.01,0.7
9839,159.0,87,True,1,0,0,26,87,goal_reached,0.01,0.7
9840,159.0,87,True,1,0,0,26,87,goal_reached,0.01,0.7
9841,151.0,87,True,3,0,0,28,87,goal_reached,0.01,0.7
9842,159.0,87,True,1,0,0,26,87,goal_reached,0.01,0.7
9843,159.0,87,True,1,0,0,26,87,goal_reached,0.01,0.7
9844,159.0,87,True,1,0,0,26,87,goal_reached,0.01,0.7
9845,159.0,87,True,1,0,0,26,87,goal_reached,0.01,0.7
9846,159.0,87,True,1,0,0,26,87,goal_reached,0.01,0.7
9847,159.0,87,True,1,0,0,26,87,goal_reached,0.01,0.7
9848,159.0,87,True,1,0,0,26,87,goal_reached,0.01,0.7
9849,159.0,87,True,1,0,0,26,87,goal_reached,0.01,0.7
9850,159.0,87,True,1,0,0,26,87,goal_reached,0.01,0.7
9851,151.0,87,True,3,0,0,28,87,goal_reached,0.01,0.7
9852,159.0,87,True,1,0,0,26,87,goal_reached,0.01,0.7
9853,159.0,87,True,1,0,0,26,87,goal_reached,0.01,0.7
9854,159.0,87,True,1,0,0,26,87,goal_reached,0.01,0.7
9855,159.0,87,True,1,0,0,26,87,goal_reached,0.01,0.7
9856,159.0,87,True,1,0,0,26,87,goal_reached,0.01,0.7
9857,159.0,87,True,1,0,0,26,87,goal_reached,0.01,0.7
9858,159.0,87,True,1,0,0,26,87,goal_reached,0.01,0.7
9859,159.0,87,True,1,0,0,26,87,goal_reached,0.01,0.7
9860,159.0,87,True,1,0,0,26,87,goal_reached,0.01,0.7
9861,159.0,87,True,1,0,0,26,87,goal_reached,0.01,0.7
9862,159.0,87,True,1,0,0,26,87,goal_reached,0.01,0.7
9863,131.0,99,True,5,0,0,26,99,goal_reached,0.01,0.7
9864,159.0,87,True,1,0,0,26,87,goal_reached,0.01,0.7
9865,159.0,87,True,1,0,0,26,87,goal_reached,0.01,0.7
9866,159.0,87,True,1,0,0,26,87,goal_reached,0.01,0.7
9867,159.0,87,True,1,0,0,26,87,goal_reached,0.01,0.7
9868,159.0,87,True,1,0,0,26,87,goal_reached,0.01,0.7
9869,159.0,87,True,1,0,0,26,87,goal_reached,0.01,0.7
9870,159.0,87,True,1,0,0,26,87,goal_reached,0.01,0.7
9871,159.0,87,True,1,0,0,26,87,goal_reached,0.01,0.7
9872,159.0,87,True,1,0,0,26,87,goal_reached,0.01,0.7
9873,159.0,87,True,1,0,0,26,87,goal_reached,0.01,0.7
9874,159.0,87,True,1,0,0,26,87,goal_reached,0.01,0.7
9875,159.0,87,True,1,0,0,26,87,goal_reached,0.01,0.7
9876,159.0,87,True,1,0,0,26,87,goal_reached,0.01,0.7
9877,159.0,87,True,1,0,0,26,87,goal_reached,0.01,0.7
9878,159.0,87,True,1,0,0,26,87,goal_reached,0.01,0.7
9879,159.0,87,True,1,0,0,26,87,goal_reached,0.01,0.7
9880,139.0,99,True,3,0,0,26,99,goal_reached,0.01,0.7
9881,159.0,87,True,1,0,0,26,87,goal_reached,0.01,0.7
9882,159.0,87,True,1,0,0,26,87,goal_reached,0.01,0.7
9883,147.0,99,True,1,0,0,26,99,goal_reached,0.01,0.7
9884,159.0,87,True,1,0,0,26,87,goal_reached,0.01,0.7
9885,159.0,87,True,1,0,0,26,87,goal_reached,0.01,0.7
9886,159.0,87,True,1,0,0,26,87,goal_reached,0.01,0.7
9887,159.0,87,True,1,0,0,26,87,goal_reached,0.01,0.7
9888,159.0,87,True,1,0,0,26,87,goal_reached,0.01,0.7
9889,159.0,87,True,1,0,0,26,87,goal_reached,0.01,0.7
9890,159.0,87,True,1,0,0,26,87,goal_reached,0.01,0.7
9891,159.0,87,True,1,0,0,26,87,goal_reached,0.01,0.7
9892,139.0,99,True,3,0,0,26,99,goal_reached,0.01,0.7
9893,151.0,87,True,3,0,0,26,87,goal_reached,0.01,0.7
9894,159.0,87,True,1,0,0,26,87,goal_reached,0.01,0.7
9895,159.0,87,True,1,0,0,26,87,goal_reached,0.01,0.7
9896,159.0,87,True,1,0,0,26,87,goal_reached,0.01,0.7
9897,159.0,87,True,1,0,0,26,87,goal_reached,0.01,0.7
9898,159.0,87,True,1,0,0,26,87,goal_reached,0.01,0.7
9899,-58.0,100,False,2,0,0,28,,energy_depleted,0.01,0.7
9900,159.0,87,True,1,0,0,26,87,goal_reached,0.01,0.7
9901,139.0,99,True,3,0,0,26,99,goal_reached,0.01,0.7
9902,159.0,87,True,1,0,0,26,87,goal_reached,0.01,0.7
9903,159.0,87,True,1,0,0,26,87,goal_reached,0.01,0.7
9904,159.0,87,True,1,0,0,26,87,goal_reached,0.01,0.7
9905,159.0,87,True,1,0,0,26,87,goal_reached,0.01,0.7
9906,159.0,87,True,1,0,0,26,87,goal_reached,0.01,0.7
9907,159.0,87,True,1,0,0,26,87,goal_reached,0.01,0.7
9908,159.0,87,True,1,0,0,26,87,goal_reached,0.01,0.7
9909,159.0,87,True,1,0,0,26,87,goal_reached,0.01,0.7
9910,159.0,87,True,1,0,0,26,87,goal_reached,0.01,0.7
9911,159.0,87,True,1,0,0,26,87,goal_reached,0.01,0.7
9912,159.0,87,True,1,0,0,26,87,goal_reached,0.01,0.7
9913,159.0,87,True,1,0,0,26,87,goal_reached,0.01,0.7
9914,159.0,87,True,1,0,0,26,87,goal_reached,0.01,0.7
9915,159.0,87,True,1,0,0,26,87,goal_reached,0.01,0.7
9916,159.0,87,True,1,0,0,26,87,goal_reached,0.01,0.7
9917,159.0,87,True,1,0,0,26,87,goal_reached,0.01,0.7
9918,159.0,87,True,1,0,0,26,87,goal_reached,0.01,0.7
9919,159.0,87,True,1,0,0,26,87,goal_reached,0.01,0.7
9920,159.0,87,True,1,0,0,26,87,goal_reached,0.01,0.7
9921,159.0,87,True,1,0,0,26,87,goal_reached,0.01,0.7
9922,159.0,87,True,1,0,0,26,87,goal_reached,0.01,0.7
9923,159.0,87,True,1,0,0,26,87,goal_reached,0.01,0.7
9924,139.0,99,True,3,0,0,26,99,goal_reached,0.01,0.7
9925,159.0,87,True,1,0,0,26,87,goal_reached,0.01,0.7
9926,159.0,87,True,1,0,0,26,87,goal_reached,0.01,0.7
9927,159.0,87,True,1,0,0,26,87,goal_reached,0.01,0.7
9928,159.0,87,True,1,0,0,26,87,goal_reached,0.01,0.7
9929,159.0,87,True,1,0,0,26,87,goal_reached,0.01,0.7
9930,139.0,99,True,3,0,0,26,99,goal_reached,0.01,0.7
9931,159.0,87,True,1,0,0,26,87,goal_reached,0.01,0.7
9932,159.0,87,True,1,0,0,26,87,goal_reached,0.01,0.7
9933,139.0,99,True,3,0,0,26,99,goal_reached,0.01,0.7
9934,159.0,87,True,1,0,0,26,87,goal_reached,0.01,0.7
9935,159.0,87,True,1,0,0,26,87,goal_reached,0.01,0.7
9936,159.0,87,True,1,0,0,26,87,goal_reached,0.01,0.7
9937,159.0,87,True,1,0,0,26,87,goal_reached,0.01,0.7
9938,159.0,87,True,1,0,0,26,87,goal_reached,0.01,0.7
9939,159.0,87,True,1,0,0,26,87,goal_reached,0.01,0.7
9940,159.0,87,True,1,0,0,26,87,goal_reached,0.01,0.7
9941,159.0,87,True,1,0,0,26,87,goal_reached,0.01,0.7
9942,159.0,87,True,1,0,0,26,87,goal_reached,0.01,0.7
9943,159.0,87,True,1,0,0,26,87,goal_reached,0.01,0.7
9944,154.0,88,True,2,0,0,26,88,goal_reached,0.01,0.7
9945,159.0,87,True,1,0,0,26,87,goal_reached,0.01,0.7
9946,159.0,87,True,1,0,0,26,87,goal_reached,0.01,0.7
9947,-106.0,100,False,9,2,0,28,,energy_depleted,0.01,0.7
9948,159.0,87,True,1,0,0,26,87,goal_reached,0.01,0.7
9949,159.0,87,True,1,0,0,26,87,goal_reached,0.01,0.7
9950,159.0,87,True,1,0,0,26,87,goal_reached,0.01,0.7
9951,159.0,87,True,1,0,0,26,87,goal_reached,0.01,0.7
9952,159.0,87,True,1,0,0,26,87,goal_reached,0.01,0.7
9953,159.0,87,True,1,0,0,26,87,goal_reached,0.01,0.7
9954,159.0,87,True,1,0,0,26,87,goal_reached,0.01,0.7
9955,159.0,87,True,1,0,0,26,87,goal_reached,0.01,0.7
9956,159.0,87,True,1,0,0,26,87,goal_reached,0.01,0.7
9957,159.0,87,True,1,0,0,26,87,goal_reached,0.01,0.7
9958,139.0,99,True,3,0,0,26,99,goal_reached,0.01,0.7
9959,151.0,87,True,3,0,0,26,87,goal_reached,0.01,0.7
9960,159.0,87,True,1,0,0,26,87,goal_reached,0.01,0.7
9961,159.0,87,True,1,0,0,26,87,goal_reached,0.01,0.7
9962,159.0,87,True,1,0,0,26,87,goal_reached,0.01,0.7
9963,-58.0,100,False,2,0,0,26,,energy_depleted,0.01,0.7
9964,159.0,87,True,1,0,0,26,87,goal_reached,0.01,0.7
9965,159.0,87,True,1,0,0,26,87,goal_reached,0.01,0.7
9966,159.0,87,True,1,0,0,26,87,goal_reached,0.01,0.7
9967,139.0,99,True,3,0,0,26,99,goal_reached,0.01,0.7
9968,151.0,87,True,3,0,0,26,87,goal_reached,0.01,0.7
9969,159.0,87,True,1,0,0,26,87,goal_reached,0.01,0.7
9970,159.0,87,True,1,0,0,26,87,goal_reached,0.01,0.7
9971,159.0,87,True,1,0,0,26,87,goal_reached,0.01,0.7
9972,159.0,87,True,1,0,0,26,87,goal_reached,0.01,0.7
9973,159.0,87,True,1,0,0,26,87,goal_reached,0.01,0.7
9974,159.0,87,True,1,0,0,26,87,goal_reached,0.01,0.7
9975,159.0,87,True,1,0,0,26,87,goal_reached,0.01,0.7
9976,159.0,87,True,1,0,0,26,87,goal_reached,0.01,0.7
9977,159.0,87,True,1,0,0,26,87,goal_reached,0.01,0.7
9978,159.0,87,True,1,0,0,26,87,goal_reached,0.01,0.7
9979,159.0,87,True,1,0,0,26,87,goal_reached,0.01,0.7
9980,159.0,87,True,1,0,0,26,87,goal_reached,0.01,0.7
9981,159.0,87,True,1,0,0,26,87,goal_reached,0.01,0.7
9982,154.0,88,True,2,0,0,26,88,goal_reached,0.01,0.7
9983,159.0,87,True,1,0,0,26,87,goal_reached,0.01,0.7
9984,159.0,87,True,1,0,0,26,87,goal_reached,0.01,0.7
9985,159.0,87,True,1,0,0,26,87,goal_reached,0.01,0.7
9986,159.0,87,True,1,0,0,26,87,goal_reached,0.01,0.7
9987,159.0,87,True,1,0,0,26,87,goal_reached,0.01,0.7
9988,159.0,87,True,1,0,0,26,87,goal_reached,0.01,0.7
9989,159.0,87,True,1,0,0,26,87,goal_reached,0.01,0.7
9990,159.0,87,True,1,0,0,26,87,goal_reached,0.01,0.7
9991,159.0,87,True,1,0,0,26,87,goal_reached,0.01,0.7
9992,159.0,87,True,1,0,0,26,87,goal_reached,0.01,0.7
9993,159.0,87,True,1,0,0,26,87,goal_reached,0.01,0.7
9994,159.0,87,True,1,0,0,26,87,goal_reached,0.01,0.7
9995,159.0,87,True,1,0,0,26,87,goal_reached,0.01,0.7
9996,159.0,87,True,1,0,0,26,87,goal_reached,0.01,0.7
9997,159.0,87,True,1,0,0,26,87,goal_reached,0.01,0.7
9998,139.0,99,True,3,0,0,26,99,goal_reached,0.01,0.7
9999,159.0,87,True,1,0,0,26,87,goal_reached,0.01,0.7
