reward_mode,lambda,seed,episode,epsilon,steps,return,success,wall_hits,penalty_entries,door_attempts,key_picked,termination_reason
shaped,0.0,8565,0,1.0,500,-913.9499999999992,False,75,6,0,False,energy_depleted
shaped,0.0,8565,1,0.995,285,-492.14999999999975,True,77,4,0,True,goal_reached
shaped,0.0,8565,2,0.990025,500,-1216.9000000000005,False,124,10,0,True,energy_depleted
shaped,0.0,8565,3,0.985074875,500,-1602.8499999999995,False,165,13,0,True,energy_depleted
shaped,0.0,8565,4,0.980149500625,500,-1186.5999999999985,False,108,7,0,False,energy_depleted
shaped,0.0,8565,5,0.975248753121875,500,-1223.1500000000017,False,114,7,0,False,energy_depleted
shaped,0.0,8565,6,0.9703725093562656,500,-1376.0999999999997,False,109,24,1,False,energy_depleted
shaped,0.0,8565,7,0.9655206468094842,500,-1417.875,False,144,20,0,True,energy_depleted
shaped,0.0,8565,8,0.9606930435754368,500,-1175.9500000000003,False,126,0,0,False,energy_depleted
shaped,0.0,8565,9,0.9558895783575596,500,-1113.324999999999,False,109,0,0,False,energy_depleted
shaped,0.0,8565,10,0.9511101304657719,500,-1449.099999999998,False,147,6,0,False,energy_depleted
shaped,0.0,8565,11,0.946354579813443,500,-1116.199999999999,False,123,11,0,True,energy_depleted
shaped,0.0,8565,12,0.9416228069143757,500,-1294.6000000000017,False,140,13,0,True,energy_depleted
shaped,0.0,8565,13,0.9369146928798039,500,-1132.4250000000015,False,115,14,0,True,energy_depleted
shaped,0.0,8565,14,0.9322301194154049,500,-1198.6999999999973,False,116,10,0,True,energy_depleted
shaped,0.0,8565,15,0.9275689688183278,500,-1143.2499999999973,False,127,12,0,True,energy_depleted
shaped,0.0,8565,16,0.9229311239742362,500,-1462.4249999999963,False,122,24,0,False,energy_depleted
shaped,0.0,8565,17,0.918316468354365,500,-1341.8750000000016,False,147,11,0,True,energy_depleted
shaped,0.0,8565,18,0.9137248860125932,500,-1158.1999999999982,False,113,2,0,False,energy_depleted
shaped,0.0,8565,19,0.9091562615825302,500,-1232.8999999999992,False,145,2,0,True,energy_depleted
shaped,0.0,8565,20,0.9046104802746175,500,-1066.7249999999995,False,133,4,0,True,energy_depleted
shaped,0.0,8565,21,0.9000874278732445,500,-1427.400000000001,False,143,22,0,True,energy_depleted
shaped,0.0,8565,22,0.8955869907338783,500,-1368.3000000000027,False,138,15,0,True,energy_depleted
shaped,0.0,8565,23,0.8911090557802088,500,-1573.875000000001,False,140,21,0,False,energy_depleted
shaped,0.0,8565,24,0.8866535105013078,500,-1543.9999999999982,False,154,9,0,False,energy_depleted
shaped,0.0,8565,25,0.8822202429488012,500,-1257.6499999999987,False,111,11,0,False,energy_depleted
shaped,0.0,8565,26,0.8778091417340572,500,-1084.5249999999999,False,126,4,0,True,energy_depleted
shaped,0.0,8565,27,0.873420096025387,500,-1604.524999999999,False,144,27,0,True,energy_depleted
shaped,0.0,8565,28,0.86905299554526,500,-1208.4249999999993,False,120,1,0,False,energy_depleted
shaped,0.0,8565,29,0.8647077305675337,500,-1525.3749999999984,False,152,9,0,False,energy_depleted
shaped,0.0,8565,30,0.8603841919146961,500,-1321.1999999999985,False,121,17,0,True,energy_depleted
shaped,0.0,8565,31,0.8560822709551226,500,-1236.649999999999,False,128,15,0,True,energy_depleted
shaped,0.0,8565,32,0.8518018596003469,500,-1508.9000000000015,False,170,9,0,True,energy_depleted
shaped,0.0,8565,33,0.8475428503023452,500,-1411.625,False,141,13,0,True,energy_depleted
shaped,0.0,8565,34,0.8433051360508335,500,-1972.4749999999967,False,197,20,0,False,energy_depleted
shaped,0.0,8565,35,0.8390886103705792,500,-1509.0249999999983,False,178,13,0,True,energy_depleted
shaped,0.0,8565,36,0.8348931673187264,500,-1202.5249999999965,False,102,12,0,False,energy_depleted
shaped,0.0,8565,37,0.8307187014821328,500,-1340.5249999999974,False,136,3,0,False,energy_depleted
shaped,0.0,8565,38,0.826565107974722,500,-1287.1750000000013,False,147,6,0,True,energy_depleted
shaped,0.0,8565,39,0.8224322824348484,500,-1155.4250000000004,False,131,5,0,True,energy_depleted
shaped,0.0,8565,40,0.8183201210226743,500,-1290.3500000000024,False,140,10,0,True,energy_depleted
shaped,0.0,8565,41,0.8142285204175609,500,-1375.249999999997,False,161,12,0,True,energy_depleted
shaped,0.0,8565,42,0.810157377815473,500,-1256.6750000000004,False,119,20,0,True,energy_depleted
shaped,0.0,8565,43,0.8061065909263957,500,-1324.2749999999999,False,168,4,0,True,energy_depleted
shaped,0.0,8565,44,0.8020760579717637,500,-1106.1249999999995,False,107,8,0,True,energy_depleted
shaped,0.0,8565,45,0.7980656776819048,500,-1472.5249999999978,False,143,10,0,False,energy_depleted
shaped,0.0,8565,46,0.7940753492934953,500,-1255.05,False,150,2,0,True,energy_depleted
shaped,0.0,8565,47,0.7901049725470278,500,-1017.4249999999992,False,112,10,0,True,energy_depleted
shaped,0.0,8565,48,0.7861544476842928,500,-1080.7000000000007,False,121,6,0,True,energy_depleted
shaped,0.0,8565,49,0.7822236754458712,500,-1746.0249999999971,False,157,25,0,False,energy_depleted
shaped,0.0,17944,0,1.0,500,-1195.3750000000023,False,120,3,0,False,energy_depleted
shaped,0.0,17944,1,0.995,500,-1476.049999999999,False,131,18,0,False,energy_depleted
shaped,0.0,17944,2,0.990025,283,-312.0499999999997,True,57,3,0,True,goal_reached
shaped,0.0,17944,3,0.985074875,500,-1083.5750000000003,False,111,2,2,True,energy_depleted
shaped,0.0,17944,4,0.980149500625,500,-1649.625,False,172,6,0,False,energy_depleted
shaped,0.0,17944,5,0.975248753121875,500,-1172.124999999999,False,133,1,0,True,energy_depleted
shaped,0.0,17944,6,0.9703725093562656,500,-1167.824999999999,False,114,0,0,False,energy_depleted
shaped,0.0,17944,7,0.9655206468094842,500,-1012.975,False,85,5,0,False,energy_depleted
shaped,0.0,17944,8,0.9606930435754368,500,-1230.9249999999988,False,119,5,0,False,energy_depleted
shaped,0.0,17944,9,0.9558895783575596,500,-1340.5250000000003,False,152,4,0,True,energy_depleted
shaped,0.0,17944,10,0.9511101304657719,500,-1197.3249999999994,False,120,7,0,True,energy_depleted
shaped,0.0,17944,11,0.946354579813443,500,-1625.9749999999992,False,140,26,0,False,energy_depleted
shaped,0.0,17944,12,0.9416228069143757,500,-1471.0000000000023,False,138,12,0,False,energy_depleted
shaped,0.0,17944,13,0.9369146928798039,500,-942.9249999999998,False,100,12,0,True,energy_depleted
shaped,0.0,17944,14,0.9322301194154049,500,-1198.7750000000003,False,118,1,0,False,energy_depleted
shaped,0.0,17944,15,0.9275689688183278,500,-1272.5999999999963,False,126,3,0,False,energy_depleted
shaped,0.0,17944,16,0.9229311239742362,500,-999.0500000000004,False,102,9,0,True,energy_depleted
shaped,0.0,17944,17,0.918316468354365,500,-1484.149999999999,False,152,5,0,False,energy_depleted
shaped,0.0,17944,18,0.9137248860125932,500,-1243.5749999999982,False,112,9,0,False,energy_depleted
shaped,0.0,17944,19,0.9091562615825302,500,-1380.149999999998,False,133,8,0,False,energy_depleted
shaped,0.0,17944,20,0.9046104802746175,381,-735.4499999999998,True,93,11,0,True,goal_reached
shaped,0.0,17944,21,0.9000874278732445,500,-1677.3499999999983,False,163,15,0,False,energy_depleted
shaped,0.0,17944,22,0.8955869907338783,500,-1349.0000000000039,False,144,17,0,True,energy_depleted
shaped,0.0,17944,23,0.8911090557802088,500,-1148.6499999999983,False,123,9,0,True,energy_depleted
shaped,0.0,17944,24,0.8866535105013078,500,-1145.0999999999995,False,110,4,4,False,energy_depleted
shaped,0.0,17944,25,0.8822202429488012,500,-1199.8499999999983,False,133,15,0,True,energy_depleted
shaped,0.0,17944,26,0.8778091417340572,500,-1540.7749999999992,False,168,11,0,True,energy_depleted
shaped,0.0,17944,27,0.873420096025387,500,-880.225000000001,False,88,13,0,True,energy_depleted
shaped,0.0,17944,28,0.86905299554526,500,-1208.175,False,120,0,0,False,energy_depleted
shaped,0.0,17944,29,0.8647077305675337,500,-1207.4999999999998,False,114,5,0,False,energy_depleted
shaped,0.0,17944,30,0.8603841919146961,500,-1397.2499999999989,False,139,7,0,False,energy_depleted
shaped,0.0,17944,31,0.8560822709551226,500,-1468.2749999999976,False,138,13,0,False,energy_depleted
shaped,0.0,17944,32,0.8518018596003469,500,-1379.5999999999995,False,133,8,0,False,energy_depleted
shaped,0.0,17944,33,0.8475428503023452,500,-1997.0999999999976,False,212,11,0,False,energy_depleted
shaped,0.0,17944,34,0.8433051360508335,500,-1120.7249999999992,False,106,3,0,False,energy_depleted
shaped,0.0,17944,35,0.8390886103705792,500,-2021.5749999999975,False,202,19,0,False,energy_depleted
shaped,0.0,17944,36,0.8348931673187264,500,-1338.3,False,125,21,0,True,energy_depleted
shaped,0.0,17944,37,0.8307187014821328,500,-1594.8999999999985,False,135,26,0,False,energy_depleted
shaped,0.0,17944,38,0.826565107974722,500,-1421.0250000000012,False,162,4,0,True,energy_depleted
shaped,0.0,17944,39,0.8224322824348484,500,-1525.0499999999977,False,129,24,0,False,energy_depleted
shaped,0.0,17944,40,0.8183201210226743,500,-1426.9750000000015,False,141,18,0,True,energy_depleted
shaped,0.0,17944,41,0.8142285204175609,500,-1391.775000000001,False,148,13,0,True,energy_depleted
shaped,0.0,17944,42,0.810157377815473,500,-1219.850000000002,False,125,14,0,True,energy_depleted
shaped,0.0,17944,43,0.8061065909263957,500,-1376.925,False,153,9,0,True,energy_depleted
shaped,0.0,17944,44,0.8020760579717637,500,-1212.0749999999973,False,109,9,0,False,energy_depleted
shaped,0.0,17944,45,0.7980656776819048,500,-1484.8499999999992,False,146,7,0,False,energy_depleted
shaped,0.0,17944,46,0.7940753492934953,500,-907.1249999999986,False,122,5,0,True,energy_depleted
shaped,0.0,17944,47,0.7901049725470278,500,-1636.8499999999985,False,151,18,0,False,energy_depleted
shaped,0.0,17944,48,0.7861544476842928,500,-1684.2999999999959,False,153,22,0,False,energy_depleted
shaped,0.0,17944,49,0.7822236754458712,500,-1420.3499999999967,False,170,19,0,True,energy_depleted
shaped,0.0,81150,0,1.0,500,-1064.9750000000015,False,104,15,0,True,energy_depleted
shaped,0.0,81150,1,0.995,500,-1045.8500000000008,False,112,4,0,True,energy_depleted
shaped,0.0,81150,2,0.990025,500,-1051.9500000000007,False,99,21,0,True,energy_depleted
shaped,0.0,81150,3,0.985074875,500,-973.774999999999,False,97,6,1,True,energy_depleted
shaped,0.0,81150,4,0.980149500625,500,-1425.5499999999986,False,131,13,0,False,energy_depleted
shaped,0.0,81150,5,0.975248753121875,500,-853.750000000001,False,89,4,0,True,energy_depleted
shaped,0.0,81150,6,0.9703725093562656,500,-1287.6500000000012,False,133,13,0,True,energy_depleted
shaped,0.0,81150,7,0.9655206468094842,500,-1082.6999999999978,False,130,14,0,True,energy_depleted
shaped,0.0,81150,8,0.9606930435754368,500,-967.3500000000003,False,108,5,0,True,energy_depleted
shaped,0.0,81150,9,0.9558895783575596,500,-1298.5250000000008,False,142,9,0,True,energy_depleted
shaped,0.0,81150,10,0.9511101304657719,500,-1533.2999999999975,False,138,18,0,False,energy_depleted
shaped,0.0,81150,11,0.946354579813443,500,-1004.6749999999986,False,108,8,0,True,energy_depleted
shaped,0.0,81150,12,0.9416228069143757,500,-1175.050000000001,False,124,6,0,True,energy_depleted
shaped,0.0,81150,13,0.9369146928798039,500,-1392.1749999999984,False,139,5,0,False,energy_depleted
shaped,0.0,81150,14,0.9322301194154049,500,-1138.4500000000023,False,116,12,0,True,energy_depleted
shaped,0.0,81150,15,0.9275689688183278,500,-1064.9000000000008,False,98,3,0,False,energy_depleted
shaped,0.0,81150,16,0.9229311239742362,500,-1700.2999999999981,False,176,9,0,False,energy_depleted
shaped,0.0,81150,17,0.918316468354365,500,-1798.5499999999956,False,182,13,0,False,energy_depleted
shaped,0.0,81150,18,0.9137248860125932,500,-1555.100000000002,False,169,14,0,True,energy_depleted
shaped,0.0,81150,19,0.9091562615825302,500,-1112.9500000000003,False,124,5,0,True,energy_depleted
shaped,0.0,81150,20,0.9046104802746175,500,-1330.2250000000017,False,131,5,3,False,energy_depleted
shaped,0.0,81150,21,0.9000874278732445,500,-1257.274999999998,False,109,11,0,False,energy_depleted
shaped,0.0,81150,22,0.8955869907338783,500,-1093.9249999999986,False,124,11,0,True,energy_depleted
shaped,0.0,81150,23,0.8911090557802088,500,-1391.7749999999965,False,141,5,0,False,energy_depleted
shaped,0.0,81150,24,0.8866535105013078,500,-1170.8749999999984,False,106,8,0,False,energy_depleted
shaped,0.0,81150,25,0.8822202429488012,500,-1441.8249999999957,False,144,17,0,True,energy_depleted
shaped,0.0,81150,26,0.8778091417340572,500,-1212.6499999999996,False,124,16,0,True,energy_depleted
shaped,0.0,81150,27,0.873420096025387,500,-964.4999999999992,False,105,7,0,True,energy_depleted
shaped,0.0,81150,28,0.86905299554526,500,-1335.9499999999969,False,131,6,0,False,energy_depleted
shaped,0.0,81150,29,0.8647077305675337,500,-1556.174999999996,False,163,29,0,True,energy_depleted
shaped,0.0,81150,30,0.8603841919146961,500,-1271.2500000000005,False,137,13,0,True,energy_depleted
shaped,0.0,81150,31,0.8560822709551226,500,-1331.9499999999985,False,124,10,0,False,energy_depleted
shaped,0.0,81150,32,0.8518018596003469,500,-1512.9500000000014,False,173,12,0,True,energy_depleted
shaped,0.0,81150,33,0.8475428503023452,500,-1049.975,False,99,1,0,False,energy_depleted
shaped,0.0,81150,34,0.8433051360508335,500,-1567.8999999999987,False,150,13,0,False,energy_depleted
shaped,0.0,81150,35,0.8390886103705792,500,-1760.5499999999981,False,176,15,0,False,energy_depleted
shaped,0.0,81150,36,0.8348931673187264,500,-1511.7499999999968,False,149,9,0,False,energy_depleted
shaped,0.0,81150,37,0.8307187014821328,500,-1200.1749999999984,False,110,6,0,False,energy_depleted
shaped,0.0,81150,38,0.826565107974722,500,-1754.7999999999968,False,196,8,0,True,energy_depleted
shaped,0.0,81150,39,0.8224322824348484,500,-1323.774999999997,False,115,14,0,False,energy_depleted
shaped,0.0,81150,40,0.8183201210226743,500,-925.7249999999998,False,85,1,0,False,energy_depleted
shaped,0.0,81150,41,0.8142285204175609,500,-1522.849999999998,False,157,4,0,False,energy_depleted
shaped,0.0,81150,42,0.810157377815473,500,-1314.3749999999973,False,126,7,0,False,energy_depleted
shaped,0.0,81150,43,0.8061065909263957,500,-1038.7249999999992,False,114,10,0,True,energy_depleted
shaped,0.0,81150,44,0.8020760579717637,500,-1536.6749999999968,False,145,12,0,False,energy_depleted
shaped,0.0,81150,45,0.7980656776819048,500,-1479.2750000000028,False,171,10,0,True,energy_depleted
shaped,0.0,81150,46,0.7940753492934953,500,-1410.574999999999,False,148,21,0,True,energy_depleted
shaped,0.0,81150,47,0.7901049725470278,500,-1035.5499999999993,False,132,2,0,True,energy_depleted
shaped,0.0,81150,48,0.7861544476842928,500,-1289.2249999999979,False,110,14,0,False,energy_depleted
shaped,0.0,81150,49,0.7822236754458712,500,-1347.675000000003,False,152,9,0,True,energy_depleted
shaped,0.3,8565,0,1.0,500,-913.9499999999992,False,75,6,0,False,energy_depleted
shaped,0.3,8565,1,0.995,285,-492.14999999999975,True,77,4,0,True,goal_reached
shaped,0.3,8565,2,0.990025,500,-1216.9000000000005,False,124,10,0,True,energy_depleted
shaped,0.3,8565,3,0.985074875,500,-1602.8499999999995,False,165,13,0,True,energy_depleted
shaped,0.3,8565,4,0.980149500625,500,-1186.5999999999985,False,108,7,0,False,energy_depleted
shaped,0.3,8565,5,0.975248753121875,500,-1223.1500000000017,False,114,7,0,False,energy_depleted
shaped,0.3,8565,6,0.9703725093562656,500,-1376.0999999999997,False,109,24,1,False,energy_depleted
shaped,0.3,8565,7,0.9655206468094842,500,-1431.6,False,146,20,0,True,energy_depleted
shaped,0.3,8565,8,0.9606930435754368,500,-1175.9500000000003,False,126,0,0,False,energy_depleted
shaped,0.3,8565,9,0.9558895783575596,500,-1113.224999999999,False,109,0,0,False,energy_depleted
shaped,0.3,8565,10,0.9511101304657719,500,-1448.699999999998,False,147,6,0,False,energy_depleted
shaped,0.3,8565,11,0.946354579813443,500,-1107.3750000000002,False,123,10,0,True,energy_depleted
shaped,0.3,8565,12,0.9416228069143757,500,-1232.5749999999998,False,114,7,0,False,energy_depleted
shaped,0.3,8565,13,0.9369146928798039,500,-1146.6750000000013,False,117,14,0,True,energy_depleted
shaped,0.3,8565,14,0.9322301194154049,500,-1275.849999999996,False,122,13,0,True,energy_depleted
shaped,0.3,8565,15,0.9275689688183278,500,-1168.3999999999978,False,129,13,0,True,energy_depleted
shaped,0.3,8565,16,0.9229311239742362,500,-1461.5249999999955,False,122,24,0,False,energy_depleted
shaped,0.3,8565,17,0.918316468354365,500,-1326.3250000000016,False,145,11,0,True,energy_depleted
shaped,0.3,8565,18,0.9137248860125932,500,-1098.2999999999984,False,103,3,0,False,energy_depleted
shaped,0.3,8565,19,0.9091562615825302,500,-1232.8999999999992,False,145,2,0,True,energy_depleted
shaped,0.3,8565,20,0.9046104802746175,500,-1081.3749999999998,False,135,4,0,True,energy_depleted
shaped,0.3,8565,21,0.9000874278732445,500,-1212.124999999999,False,126,23,0,True,energy_depleted
shaped,0.3,8565,22,0.8955869907338783,500,-1638.9999999999957,False,157,16,0,False,energy_depleted
shaped,0.3,8565,23,0.8911090557802088,500,-1280.6750000000004,False,124,5,0,False,energy_depleted
shaped,0.3,8565,24,0.8866535105013078,500,-1433.099999999998,False,143,6,0,False,energy_depleted
shaped,0.3,8565,25,0.8822202429488012,500,-1142.8500000000006,False,110,7,0,True,energy_depleted
shaped,0.3,8565,26,0.8778091417340572,500,-1265.1999999999975,False,127,8,0,True,energy_depleted
shaped,0.3,8565,27,0.873420096025387,500,-1708.1249999999984,False,154,23,0,False,energy_depleted
shaped,0.3,8565,28,0.86905299554526,500,-1113.8999999999992,False,109,1,0,False,energy_depleted
shaped,0.3,8565,29,0.8647077305675337,500,-1580.2499999999984,False,162,7,0,False,energy_depleted
shaped,0.3,8565,30,0.8603841919146961,500,-1016.7749999999991,False,127,4,0,True,energy_depleted
shaped,0.3,8565,31,0.8560822709551226,500,-1318.1500000000015,False,133,13,0,True,energy_depleted
shaped,0.3,8565,32,0.8518018596003469,500,-1631.199999999996,False,154,17,0,False,energy_depleted
shaped,0.3,8565,33,0.8475428503023452,500,-1354.0249999999987,False,137,10,0,True,energy_depleted
shaped,0.3,8565,34,0.8433051360508335,500,-1954.274999999998,False,205,12,0,False,energy_depleted
shaped,0.3,8565,35,0.8390886103705792,500,-1528.2749999999994,False,176,7,0,True,energy_depleted
shaped,0.3,8565,36,0.8348931673187264,500,-1356.9250000000015,False,139,12,0,True,energy_depleted
shaped,0.3,8565,37,0.8307187014821328,500,-1381.0749999999962,False,136,7,0,False,energy_depleted
shaped,0.3,8565,38,0.826565107974722,500,-1446.9749999999974,False,118,24,0,False,energy_depleted
shaped,0.3,8565,39,0.8224322824348484,500,-1310.2249999999983,False,123,8,0,False,energy_depleted
shaped,0.3,8565,40,0.8183201210226743,500,-1305.050000000002,False,150,4,0,True,energy_depleted
shaped,0.3,8565,41,0.8142285204175609,500,-1216.7999999999993,False,113,6,0,False,energy_depleted
shaped,0.3,8565,42,0.810157377815473,500,-1198.5499999999993,False,118,16,0,True,energy_depleted
shaped,0.3,8565,43,0.8061065909263957,500,-1523.474999999998,False,146,13,0,False,energy_depleted
shaped,0.3,8565,44,0.8020760579717637,500,-1038.1999999999998,False,97,9,0,True,energy_depleted
shaped,0.3,8565,45,0.7980656776819048,500,-1397.549999999998,False,127,14,0,False,energy_depleted
shaped,0.3,8565,46,0.7940753492934953,500,-1326.2999999999984,False,125,8,0,False,energy_depleted
shaped,0.3,8565,47,0.7901049725470278,500,-1254.2999999999981,False,109,12,0,False,energy_depleted
shaped,0.3,8565,48,0.7861544476842928,500,-985.8999999999992,False,85,5,0,False,energy_depleted
shaped,0.3,8565,49,0.7822236754458712,500,-1325.750000000003,False,139,16,0,True,energy_depleted
shaped,0.3,17944,0,1.0,500,-1195.3750000000023,False,120,3,0,False,energy_depleted
shaped,0.3,17944,1,0.995,500,-1476.049999999999,False,131,18,0,False,energy_depleted
shaped,0.3,17944,2,0.990025,283,-312.0499999999997,True,57,3,0,True,goal_reached
shaped,0.3,17944,3,0.985074875,500,-1083.5750000000003,False,111,2,2,True,energy_depleted
shaped,0.3,17944,4,0.980149500625,500,-1649.625,False,172,6,0,False,energy_depleted
shaped,0.3,17944,5,0.975248753121875,500,-1172.124999999999,False,133,1,0,True,energy_depleted
shaped,0.3,17944,6,0.9703725093562656,500,-1167.824999999999,False,114,0,0,False,energy_depleted
shaped,0.3,17944,7,0.9655206468094842,500,-1012.975,False,85,5,0,False,energy_depleted
shaped,0.3,17944,8,0.9606930435754368,500,-1230.9249999999988,False,119,5,0,False,energy_depleted
shaped,0.3,17944,9,0.9558895783575596,500,-1340.5250000000003,False,152,4,0,True,energy_depleted
shaped,0.3,17944,10,0.9511101304657719,500,-1212.0499999999995,False,122,7,0,True,energy_depleted
shaped,0.3,17944,11,0.946354579813443,500,-1625.9749999999992,False,140,26,0,False,energy_depleted
shaped,0.3,17944,12,0.9416228069143757,500,-1471.0000000000023,False,138,12,0,False,energy_depleted
shaped,0.3,17944,13,0.9369146928798039,500,-942.9249999999998,False,100,12,0,True,energy_depleted
shaped,0.3,17944,14,0.9322301194154049,500,-1198.7750000000003,False,118,1,0,False,energy_depleted
shaped,0.3,17944,15,0.9275689688183278,500,-1272.5999999999963,False,126,3,0,False,energy_depleted
shaped,0.3,17944,16,0.9229311239742362,500,-998.7000000000004,False,102,9,0,True,energy_depleted
shaped,0.3,17944,17,0.918316468354365,500,-1513.049999999999,False,156,5,0,False,energy_depleted
shaped,0.3,17944,18,0.9137248860125932,500,-1243.5749999999982,False,112,9,0,False,energy_depleted
shaped,0.3,17944,19,0.9091562615825302,500,-1353.1749999999977,False,129,8,0,False,energy_depleted
shaped,0.3,17944,20,0.9046104802746175,381,-640.1000000000004,True,81,10,0,True,goal_reached
shaped,0.3,17944,21,0.9000874278732445,500,-1724.4249999999984,False,171,14,0,False,energy_depleted
shaped,0.3,17944,22,0.8955869907338783,500,-1364.050000000004,False,146,17,0,True,energy_depleted
shaped,0.3,17944,23,0.8911090557802088,500,-1022.9249999999993,False,109,8,0,True,energy_depleted
shaped,0.3,17944,24,0.8866535105013078,500,-1144.9999999999995,False,110,4,4,False,energy_depleted
shaped,0.3,17944,25,0.8822202429488012,500,-1687.2249999999979,False,150,25,0,False,energy_depleted
shaped,0.3,17944,26,0.8778091417340572,500,-1385.6499999999994,False,154,7,0,True,energy_depleted
shaped,0.3,17944,27,0.873420096025387,500,-882.675000000001,False,88,13,0,True,energy_depleted
shaped,0.3,17944,28,0.86905299554526,500,-958.999999999999,False,106,14,0,True,energy_depleted
shaped,0.3,17944,29,0.8647077305675337,500,-1235.6750000000004,False,122,3,0,False,energy_depleted
shaped,0.3,17944,30,0.8603841919146961,500,-1258.2999999999995,False,115,9,0,False,energy_depleted
shaped,0.3,17944,31,0.8560822709551226,500,-1460.2499999999968,False,144,8,0,False,energy_depleted
shaped,0.3,17944,32,0.8518018596003469,500,-1349.0000000000007,False,116,17,0,False,energy_depleted
shaped,0.3,17944,33,0.8475428503023452,500,-1925.3749999999989,False,204,10,0,False,energy_depleted
shaped,0.3,17944,34,0.8433051360508335,500,-1197.9499999999982,False,121,1,0,False,energy_depleted
shaped,0.3,17944,35,0.8390886103705792,500,-1864.8249999999978,False,178,21,0,False,energy_depleted
shaped,0.3,17944,36,0.8348931673187264,500,-1196.1000000000006,False,121,10,0,True,energy_depleted
shaped,0.3,17944,37,0.8307187014821328,500,-1308.675000000002,False,157,2,0,True,energy_depleted
shaped,0.3,17944,38,0.826565107974722,500,-1402.2500000000014,False,160,4,0,True,energy_depleted
shaped,0.3,17944,39,0.8224322824348484,500,-1471.4499999999985,False,137,13,0,False,energy_depleted
shaped,0.3,17944,40,0.8183201210226743,500,-1582.6999999999982,False,146,18,0,False,energy_depleted
shaped,0.3,17944,41,0.8142285204175609,500,-1228.9749999999983,False,134,11,0,True,energy_depleted
shaped,0.3,17944,42,0.810157377815473,500,-1491.0249999999974,False,150,6,0,False,energy_depleted
shaped,0.3,17944,43,0.8061065909263957,500,-1262.8250000000005,False,145,9,0,True,energy_depleted
shaped,0.3,17944,44,0.8020760579717637,500,-1323.674999999997,False,122,11,0,False,energy_depleted
shaped,0.3,17944,45,0.7980656776819048,500,-1172.7499999999986,False,104,9,0,False,energy_depleted
shaped,0.3,17944,46,0.7940753492934953,500,-952.049999999999,False,105,7,0,True,energy_depleted
shaped,0.3,17944,47,0.7901049725470278,500,-1640.4999999999977,False,156,15,0,False,energy_depleted
shaped,0.3,17944,48,0.7861544476842928,500,-1701.4749999999967,False,178,6,0,False,energy_depleted
shaped,0.3,17944,49,0.7822236754458712,500,-1443.5249999999955,False,174,18,0,True,energy_depleted
shaped,0.3,81150,0,1.0,500,-1064.9750000000015,False,104,15,0,True,energy_depleted
shaped,0.3,81150,1,0.995,500,-1045.8500000000008,False,112,4,0,True,energy_depleted
shaped,0.3,81150,2,0.990025,500,-1051.9500000000007,False,99,21,0,True,energy_depleted
shaped,0.3,81150,3,0.985074875,500,-973.774999999999,False,97,6,1,True,energy_depleted
shaped,0.3,81150,4,0.980149500625,500,-1425.5499999999986,False,131,13,0,False,energy_depleted
shaped,0.3,81150,5,0.975248753121875,500,-853.750000000001,False,89,4,0,True,energy_depleted
shaped,0.3,81150,6,0.9703725093562656,500,-1302.7250000000013,False,135,13,0,True,energy_depleted
shaped,0.3,81150,7,0.9655206468094842,500,-1082.6999999999978,False,130,14,0,True,energy_depleted
shaped,0.3,81150,8,0.9606930435754368,500,-967.3500000000003,False,108,5,0,True,energy_depleted
shaped,0.3,81150,9,0.9558895783575596,500,-1298.5250000000008,False,142,9,0,True,energy_depleted
shaped,0.3,81150,10,0.9511101304657719,500,-1533.2999999999975,False,138,18,0,False,energy_depleted
shaped,0.3,81150,11,0.946354579813443,500,-1233.7500000000005,False,143,4,0,True,energy_depleted
shaped,0.3,81150,12,0.9416228069143757,500,-1175.050000000001,False,124,6,0,True,energy_depleted
shaped,0.3,81150,13,0.9369146928798039,500,-1406.9249999999984,False,141,5,0,False,energy_depleted
shaped,0.3,81150,14,0.9322301194154049,500,-1054.8000000000015,False,114,6,0,True,energy_depleted
shaped,0.3,81150,15,0.9275689688183278,500,-990.5250000000001,False,105,9,0,True,energy_depleted
shaped,0.3,81150,16,0.9229311239742362,500,-1467.3999999999987,False,140,11,0,False,energy_depleted
shaped,0.3,81150,17,0.918316468354365,500,-1807.349999999998,False,186,10,0,False,energy_depleted
shaped,0.3,81150,18,0.9137248860125932,500,-1309.2250000000013,False,151,3,0,True,energy_depleted
shaped,0.3,81150,19,0.9091562615825302,500,-1626.6999999999987,False,155,16,0,False,energy_depleted
shaped,0.3,81150,20,0.9046104802746175,500,-1330.2250000000017,False,131,5,3,False,energy_depleted
shaped,0.3,81150,21,0.9000874278732445,500,-1204.4249999999975,False,109,7,0,False,energy_depleted
shaped,0.3,81150,22,0.8955869907338783,500,-1108.9249999999988,False,126,11,0,True,energy_depleted
shaped,0.3,81150,23,0.8911090557802088,500,-1097.6749999999968,False,139,2,0,True,energy_depleted
shaped,0.3,81150,24,0.8866535105013078,500,-1149.6999999999975,False,106,6,0,False,energy_depleted
shaped,0.3,81150,25,0.8822202429488012,500,-1487.0749999999962,False,142,12,0,False,energy_depleted
shaped,0.3,81150,26,0.8778091417340572,500,-1180.5499999999995,False,120,16,0,True,energy_depleted
shaped,0.3,81150,27,0.873420096025387,500,-1271.9749999999997,False,139,11,0,True,energy_depleted
shaped,0.3,81150,28,0.86905299554526,500,-1373.599999999997,False,138,5,0,False,energy_depleted
shaped,0.3,81150,29,0.8647077305675337,500,-1503.4749999999985,False,158,28,0,True,energy_depleted
shaped,0.3,81150,30,0.8603841919146961,500,-1410.9749999999974,False,134,11,0,False,energy_depleted
shaped,0.3,81150,31,0.8560822709551226,500,-1459.4999999999977,False,143,9,0,False,energy_depleted
shaped,0.3,81150,32,0.8518018596003469,500,-1450.2250000000017,False,160,10,0,True,energy_depleted
shaped,0.3,81150,33,0.8475428503023452,500,-1050.7749999999996,False,98,1,0,False,energy_depleted
shaped,0.3,81150,34,0.8433051360508335,500,-1748.9749999999992,False,166,18,0,False,energy_depleted
shaped,0.3,81150,35,0.8390886103705792,500,-1279.324999999997,False,127,3,0,False,energy_depleted
shaped,0.3,81150,36,0.8348931673187264,500,-1455.5499999999995,False,144,7,0,False,energy_depleted
shaped,0.3,81150,37,0.8307187014821328,500,-1215.8000000000018,False,123,14,0,True,energy_depleted
shaped,0.3,81150,38,0.826565107974722,500,-1552.5000000000002,False,164,18,0,True,energy_depleted
shaped,0.3,81150,39,0.8224322824348484,500,-1123.5999999999972,False,142,6,0,True,energy_depleted
shaped,0.3,81150,40,0.8183201210226743,500,-1166.6749999999993,False,115,3,0,False,energy_depleted
shaped,0.3,81150,41,0.8142285204175609,500,-1183.3999999999965,False,118,8,0,True,energy_depleted
shaped,0.3,81150,42,0.810157377815473,500,-1347.9499999999987,False,134,5,0,False,energy_depleted
shaped,0.3,81150,43,0.8061065909263957,500,-1032.3750000000014,False,109,8,0,True,energy_depleted
shaped,0.3,81150,44,0.8020760579717637,500,-1561.8249999999964,False,166,1,0,False,energy_depleted
shaped,0.3,81150,45,0.7980656776819048,500,-1225.8250000000014,False,143,3,0,True,energy_depleted
shaped,0.3,81150,46,0.7940753492934953,500,-1405.5999999999979,False,166,16,0,True,energy_depleted
shaped,0.3,81150,47,0.7901049725470278,500,-1137.7749999999994,False,106,5,0,False,energy_depleted
shaped,0.3,81150,48,0.7861544476842928,500,-1215.9249999999959,False,151,7,0,True,energy_depleted
shaped,0.3,81150,49,0.7822236754458712,500,-1136.8749999999986,False,86,16,0,False,energy_depleted
shaped,0.7,8565,0,1.0,500,-913.9499999999992,False,75,6,0,False,energy_depleted
shaped,0.7,8565,1,0.995,285,-492.14999999999975,True,77,4,0,True,goal_reached
shaped,0.7,8565,2,0.990025,500,-1216.9000000000005,False,124,10,0,True,energy_depleted
shaped,0.7,8565,3,0.985074875,500,-1602.8499999999995,False,165,13,0,True,energy_depleted
shaped,0.7,8565,4,0.980149500625,500,-1186.5999999999985,False,108,7,0,False,energy_depleted
shaped,0.7,8565,5,0.975248753121875,500,-1223.1500000000017,False,114,7,0,False,energy_depleted
shaped,0.7,8565,6,0.9703725093562656,500,-1376.0999999999997,False,109,24,1,False,energy_depleted
shaped,0.7,8565,7,0.9655206468094842,500,-1431.6,False,146,20,0,True,energy_depleted
shaped,0.7,8565,8,0.9606930435754368,500,-1175.9500000000003,False,126,0,0,False,energy_depleted
shaped,0.7,8565,9,0.9558895783575596,500,-1068.3749999999993,False,103,0,0,False,energy_depleted
shaped,0.7,8565,10,0.9511101304657719,500,-1448.699999999998,False,147,6,0,False,energy_depleted
shaped,0.7,8565,11,0.946354579813443,500,-1107.3750000000002,False,123,10,0,True,energy_depleted
shaped,0.7,8565,12,0.9416228069143757,500,-1232.5749999999998,False,114,7,0,False,energy_depleted
shaped,0.7,8565,13,0.9369146928798039,500,-1145.9750000000013,False,117,14,0,True,energy_depleted
shaped,0.7,8565,14,0.9322301194154049,500,-1352.0999999999965,False,117,18,0,False,energy_depleted
shaped,0.7,8565,15,0.9275689688183278,500,-1389.5749999999987,False,125,15,0,False,energy_depleted
shaped,0.7,8565,16,0.9229311239742362,500,-1389.174999999996,False,124,16,0,False,energy_depleted
shaped,0.7,8565,17,0.918316468354365,500,-1320.750000000001,False,147,9,0,True,energy_depleted
shaped,0.7,8565,18,0.9137248860125932,500,-1170.8249999999978,False,115,2,0,False,energy_depleted
shaped,0.7,8565,19,0.9091562615825302,500,-1232.8999999999992,False,145,2,0,True,energy_depleted
shaped,0.7,8565,20,0.9046104802746175,500,-1097.6999999999998,False,137,4,0,True,energy_depleted
shaped,0.7,8565,21,0.9000874278732445,500,-1224.999999999999,False,128,23,0,True,energy_depleted
shaped,0.7,8565,22,0.8955869907338783,500,-1678.499999999996,False,161,17,0,False,energy_depleted
shaped,0.7,8565,23,0.8911090557802088,500,-1388.7499999999995,False,134,8,0,False,energy_depleted
shaped,0.7,8565,24,0.8866535105013078,500,-1522.6999999999982,False,151,9,0,False,energy_depleted
shaped,0.7,8565,25,0.8822202429488012,500,-1158.2000000000007,False,112,7,0,True,energy_depleted
shaped,0.7,8565,26,0.8778091417340572,500,-1296.9499999999975,False,122,8,0,False,energy_depleted
shaped,0.7,8565,27,0.873420096025387,500,-1567.2249999999985,False,156,16,0,True,energy_depleted
shaped,0.7,8565,28,0.86905299554526,500,-1331.2749999999983,False,131,6,0,False,energy_depleted
shaped,0.7,8565,29,0.8647077305675337,500,-1613.5749999999985,False,168,6,0,False,energy_depleted
shaped,0.7,8565,30,0.8603841919146961,500,-981.174999999999,False,121,5,0,True,energy_depleted
shaped,0.7,8565,31,0.8560822709551226,500,-1403.4750000000015,False,145,13,0,True,energy_depleted
shaped,0.7,8565,32,0.8518018596003469,500,-1561.3749999999955,False,160,7,0,False,energy_depleted
shaped,0.7,8565,33,0.8475428503023452,500,-1392.474999999999,False,143,10,0,True,energy_depleted
shaped,0.7,8565,34,0.8433051360508335,500,-2004.949999999999,False,203,18,0,False,energy_depleted
shaped,0.7,8565,35,0.8390886103705792,500,-1556.899999999998,False,184,13,0,True,energy_depleted
shaped,0.7,8565,36,0.8348931673187264,500,-1419.1000000000015,False,149,11,0,True,energy_depleted
shaped,0.7,8565,37,0.8307187014821328,500,-1377.724999999996,False,134,8,0,False,energy_depleted
shaped,0.7,8565,38,0.826565107974722,500,-1531.4249999999963,False,141,17,0,False,energy_depleted
shaped,0.7,8565,39,0.8224322824348484,500,-1038.7499999999986,False,120,10,0,True,energy_depleted
shaped,0.7,8565,40,0.8183201210226743,500,-1814.7249999999985,False,185,14,0,False,energy_depleted
shaped,0.7,8565,41,0.8142285204175609,500,-1448.0249999999996,False,143,8,0,False,energy_depleted
shaped,0.7,8565,42,0.810157377815473,500,-1179.3999999999994,False,116,16,0,True,energy_depleted
shaped,0.7,8565,43,0.8061065909263957,500,-1578.2999999999981,False,147,18,0,False,energy_depleted
shaped,0.7,8565,44,0.8020760579717637,500,-1221.2999999999968,False,118,4,0,False,energy_depleted
shaped,0.7,8565,45,0.7980656776819048,500,-1554.724999999998,False,149,14,0,False,energy_depleted
shaped,0.7,8565,46,0.7940753492934953,500,-1267.4749999999979,False,119,7,0,False,energy_depleted
shaped,0.7,8565,47,0.7901049725470278,500,-1214.874999999998,False,113,7,0,False,energy_depleted
shaped,0.7,8565,48,0.7861544476842928,500,-1383.749999999999,False,144,2,0,False,energy_depleted
shaped,0.7,8565,49,0.7822236754458712,500,-1785.4749999999988,False,171,19,0,False,energy_depleted
shaped,0.7,17944,0,1.0,500,-1195.3750000000023,False,120,3,0,False,energy_depleted
shaped,0.7,17944,1,0.995,500,-1476.049999999999,False,131,18,0,False,energy_depleted
shaped,0.7,17944,2,0.990025,283,-312.0499999999997,True,57,3,0,True,goal_reached
shaped,0.7,17944,3,0.985074875,500,-1083.5750000000003,False,111,2,2,True,energy_depleted
shaped,0.7,17944,4,0.980149500625,500,-1649.625,False,172,6,0,False,energy_depleted
shaped,0.7,17944,5,0.975248753121875,500,-1172.124999999999,False,133,1,0,True,energy_depleted
shaped,0.7,17944,6,0.9703725093562656,500,-1167.824999999999,False,114,0,0,False,energy_depleted
shaped,0.7,17944,7,0.9655206468094842,500,-1012.975,False,85,5,0,False,energy_depleted
shaped,0.7,17944,8,0.9606930435754368,500,-1245.6499999999987,False,121,5,0,False,energy_depleted
shaped,0.7,17944,9,0.9558895783575596,500,-1340.5250000000003,False,152,4,0,True,energy_depleted
shaped,0.7,17944,10,0.9511101304657719,500,-1043.8000000000006,False,108,1,0,True,energy_depleted
shaped,0.7,17944,11,0.946354579813443,500,-1640.3999999999996,False,142,26,0,False,energy_depleted
shaped,0.7,17944,12,0.9416228069143757,500,-1430.1000000000017,False,134,11,0,False,energy_depleted
shaped,0.7,17944,13,0.9369146928798039,500,-957.975,False,102,12,0,True,energy_depleted
shaped,0.7,17944,14,0.9322301194154049,500,-1220.199999999999,False,117,4,0,False,energy_depleted
shaped,0.7,17944,15,0.9275689688183278,500,-1272.5999999999963,False,126,3,0,False,energy_depleted
shaped,0.7,17944,16,0.9229311239742362,500,-998.7000000000004,False,102,9,0,True,energy_depleted
shaped,0.7,17944,17,0.918316468354365,500,-1513.049999999999,False,156,5,0,False,energy_depleted
shaped,0.7,17944,18,0.9137248860125932,500,-1006.9249999999998,False,82,8,0,False,energy_depleted
shaped,0.7,17944,19,0.9091562615825302,500,-1408.8499999999983,False,137,8,0,False,energy_depleted
shaped,0.7,17944,20,0.9046104802746175,381,-671.0499999999998,True,91,6,0,True,goal_reached
shaped,0.7,17944,21,0.9000874278732445,500,-1693.9249999999977,False,169,13,0,False,energy_depleted
shaped,0.7,17944,22,0.8955869907338783,500,-1323.575000000004,False,140,17,0,True,energy_depleted
shaped,0.7,17944,23,0.8911090557802088,500,-1037.1749999999988,False,111,8,0,True,energy_depleted
shaped,0.7,17944,24,0.8866535105013078,500,-1159.3749999999995,False,112,4,4,False,energy_depleted
shaped,0.7,17944,25,0.8822202429488012,500,-1385.0749999999975,False,134,8,0,False,energy_depleted
shaped,0.7,17944,26,0.8778091417340572,500,-1393.6249999999993,False,156,6,0,True,energy_depleted
shaped,0.7,17944,27,0.873420096025387,500,-968.7750000000008,False,100,13,0,True,energy_depleted
shaped,0.7,17944,28,0.86905299554526,500,-1141.2999999999984,False,115,0,0,False,energy_depleted
shaped,0.7,17944,29,0.8647077305675337,500,-1338.799999999999,False,136,3,0,False,energy_depleted
shaped,0.7,17944,30,0.8603841919146961,500,-1305.5750000000007,False,144,12,0,True,energy_depleted
shaped,0.7,17944,31,0.8560822709551226,500,-1452.5749999999969,False,142,9,0,False,energy_depleted
shaped,0.7,17944,32,0.8518018596003469,500,-1290.8999999999999,False,119,9,0,False,energy_depleted
shaped,0.7,17944,33,0.8475428503023452,500,-1924.9749999999985,False,204,10,0,False,energy_depleted
shaped,0.7,17944,34,0.8433051360508335,500,-1108.1999999999994,False,125,8,0,True,energy_depleted
shaped,0.7,17944,35,0.8390886103705792,500,-1775.799999999998,False,168,21,0,False,energy_depleted
shaped,0.7,17944,36,0.8348931673187264,500,-1237.5500000000002,False,127,10,0,True,energy_depleted
shaped,0.7,17944,37,0.8307187014821328,500,-1710.3499999999985,False,198,13,0,True,energy_depleted
shaped,0.7,17944,38,0.826565107974722,500,-1796.5249999999962,False,164,25,0,False,energy_depleted
shaped,0.7,17944,39,0.8224322824348484,500,-1280.3999999999992,False,114,11,0,False,energy_depleted
shaped,0.7,17944,40,0.8183201210226743,500,-1569.8999999999985,False,146,17,0,False,energy_depleted
shaped,0.7,17944,41,0.8142285204175609,500,-1433.6250000000014,False,154,13,0,True,energy_depleted
shaped,0.7,17944,42,0.810157377815473,500,-1197.7749999999994,False,114,4,0,False,energy_depleted
shaped,0.7,17944,43,0.8061065909263957,500,-1282.2749999999971,False,129,2,0,False,energy_depleted
shaped,0.7,17944,44,0.8020760579717637,500,-1451.4749999999976,False,142,9,0,False,energy_depleted
shaped,0.7,17944,45,0.7980656776819048,500,-1462.0499999999975,False,141,9,0,False,energy_depleted
shaped,0.7,17944,46,0.7940753492934953,500,-1263.9999999999995,False,121,6,0,False,energy_depleted
shaped,0.7,17944,47,0.7901049725470278,500,-1435.8749999999952,False,128,15,0,False,energy_depleted
shaped,0.7,17944,48,0.7861544476842928,500,-1729.5999999999972,False,180,8,0,False,energy_depleted
shaped,0.7,17944,49,0.7822236754458712,500,-1690.8499999999985,False,157,21,0,False,energy_depleted
shaped,0.7,81150,0,1.0,500,-1064.9750000000015,False,104,15,0,True,energy_depleted
shaped,0.7,81150,1,0.995,500,-1045.8500000000008,False,112,4,0,True,energy_depleted
shaped,0.7,81150,2,0.990025,500,-1051.9500000000007,False,99,21,0,True,energy_depleted
shaped,0.7,81150,3,0.985074875,500,-973.774999999999,False,97,6,1,True,energy_depleted
shaped,0.7,81150,4,0.980149500625,500,-1425.5499999999986,False,131,13,0,False,energy_depleted
shaped,0.7,81150,5,0.975248753121875,500,-853.750000000001,False,89,4,0,True,energy_depleted
shaped,0.7,81150,6,0.9703725093562656,500,-1317.4750000000008,False,137,13,0,True,energy_depleted
shaped,0.7,81150,7,0.9655206468094842,500,-1082.6999999999978,False,130,14,0,True,energy_depleted
shaped,0.7,81150,8,0.9606930435754368,500,-981.9000000000002,False,110,5,0,True,energy_depleted
shaped,0.7,81150,9,0.9558895783575596,500,-1276.1000000000008,False,138,10,0,True,energy_depleted
shaped,0.7,81150,10,0.9511101304657719,500,-1705.0499999999975,False,164,17,0,False,energy_depleted
shaped,0.7,81150,11,0.946354579813443,500,-1233.7500000000005,False,143,4,0,True,energy_depleted
shaped,0.7,81150,12,0.9416228069143757,500,-1175.050000000001,False,124,6,0,True,energy_depleted
shaped,0.7,81150,13,0.9369146928798039,500,-1463.299999999998,False,147,6,0,False,energy_depleted
shaped,0.7,81150,14,0.9322301194154049,500,-1067.4250000000015,False,116,6,0,True,energy_depleted
shaped,0.7,81150,15,0.9275689688183278,500,-1068.0249999999999,False,110,13,0,True,energy_depleted
shaped,0.7,81150,16,0.9229311239742362,500,-1482.349999999999,False,142,11,0,False,energy_depleted
shaped,0.7,81150,17,0.918316468354365,500,-1749.324999999999,False,168,17,0,False,energy_depleted
shaped,0.7,81150,18,0.9137248860125932,500,-1309.2250000000013,False,151,3,0,True,energy_depleted
shaped,0.7,81150,19,0.9091562615825302,500,-1485.5750000000007,False,148,17,0,True,energy_depleted
shaped,0.7,81150,20,0.9046104802746175,500,-1330.2250000000017,False,131,5,3,False,energy_depleted
shaped,0.7,81150,21,0.9000874278732445,500,-976.5749999999995,False,119,10,0,True,energy_depleted
shaped,0.7,81150,22,0.8955869907338783,500,-1046.899999999999,False,122,8,0,True,energy_depleted
shaped,0.7,81150,23,0.8911090557802088,500,-1159.5749999999966,False,147,2,0,True,energy_depleted
shaped,0.7,81150,24,0.8866535105013078,500,-1177.0499999999972,False,110,6,0,False,energy_depleted
shaped,0.7,81150,25,0.8822202429488012,500,-1587.0749999999957,False,156,12,0,False,energy_depleted
shaped,0.7,81150,26,0.8778091417340572,500,-1180.5499999999995,False,120,16,0,True,energy_depleted
shaped,0.7,81150,27,0.873420096025387,500,-1040.974999999997,False,113,11,0,True,energy_depleted
shaped,0.7,81150,28,0.86905299554526,500,-1133.2750000000021,False,118,12,0,True,energy_depleted
shaped,0.7,81150,29,0.8647077305675337,500,-1514.774999999998,False,159,28,0,True,energy_depleted
shaped,0.7,81150,30,0.8603841919146961,500,-1540.5249999999965,False,152,11,0,False,energy_depleted
shaped,0.7,81150,31,0.8560822709551226,500,-1356.0749999999982,False,134,7,0,False,energy_depleted
shaped,0.7,81150,32,0.8518018596003469,500,-1745.4999999999968,False,169,17,0,False,energy_depleted
shaped,0.7,81150,33,0.8475428503023452,500,-1017.9249999999994,False,93,2,0,False,energy_depleted
shaped,0.7,81150,34,0.8433051360508335,500,-1608.7999999999995,False,156,13,0,False,energy_depleted
shaped,0.7,81150,35,0.8390886103705792,500,-1424.8499999999963,False,151,0,0,False,energy_depleted
shaped,0.7,81150,36,0.8348931673187264,500,-1481.8000000000018,False,173,4,0,True,energy_depleted
shaped,0.7,81150,37,0.8307187014821328,500,-1129.0249999999992,False,98,9,0,False,energy_depleted
shaped,0.7,81150,38,0.826565107974722,500,-1505.5749999999969,False,157,19,0,True,energy_depleted
shaped,0.7,81150,39,0.8224322824348484,500,-1138.149999999997,False,144,6,0,True,energy_depleted
shaped,0.7,81150,40,0.8183201210226743,500,-1379.5249999999971,False,143,3,0,False,energy_depleted
shaped,0.7,81150,41,0.8142285204175609,500,-1288.5250000000005,False,150,3,0,True,energy_depleted
shaped,0.7,81150,42,0.810157377815473,500,-1434.9499999999975,False,152,1,0,False,energy_depleted
shaped,0.7,81150,43,0.8061065909263957,500,-1013.4749999999989,False,87,5,0,False,energy_depleted
shaped,0.7,81150,44,0.8020760579717637,500,-1289.0999999999976,False,131,1,0,False,energy_depleted
shaped,0.7,81150,45,0.7980656776819048,500,-1507.825000000002,False,171,14,0,True,energy_depleted
shaped,0.7,81150,46,0.7940753492934953,500,-1359.6500000000008,False,140,23,0,True,energy_depleted
shaped,0.7,81150,47,0.7901049725470278,500,-1282.849999999999,False,127,5,0,False,energy_depleted
shaped,0.7,81150,48,0.7861544476842928,500,-1391.974999999997,False,139,5,0,False,energy_depleted
shaped,0.7,81150,49,0.7822236754458712,500,-1208.899999999996,False,108,9,0,False,energy_depleted
shaped,0.9,8565,0,1.0,500,-913.9499999999992,False,75,6,0,False,energy_depleted
shaped,0.9,8565,1,0.995,285,-492.14999999999975,True,77,4,0,True,goal_reached
shaped,0.9,8565,2,0.990025,500,-1216.9000000000005,False,124,10,0,True,energy_depleted
shaped,0.9,8565,3,0.985074875,500,-1602.8499999999995,False,165,13,0,True,energy_depleted
shaped,0.9,8565,4,0.980149500625,500,-1186.5999999999985,False,108,7,0,False,energy_depleted
shaped,0.9,8565,5,0.975248753121875,500,-1223.1500000000017,False,114,7,0,False,energy_depleted
shaped,0.9,8565,6,0.9703725093562656,500,-1376.0999999999997,False,109,24,1,False,energy_depleted
shaped,0.9,8565,7,0.9655206468094842,500,-1431.6,False,146,20,0,True,energy_depleted
shaped,0.9,8565,8,0.9606930435754368,500,-1175.9500000000003,False,126,0,0,False,energy_depleted
shaped,0.9,8565,9,0.9558895783575596,500,-1068.3749999999993,False,103,0,0,False,energy_depleted
shaped,0.9,8565,10,0.9511101304657719,500,-1448.699999999998,False,147,6,0,False,energy_depleted
shaped,0.9,8565,11,0.946354579813443,500,-1107.3750000000002,False,123,10,0,True,energy_depleted
shaped,0.9,8565,12,0.9416228069143757,500,-1232.5749999999998,False,114,7,0,False,energy_depleted
shaped,0.9,8565,13,0.9369146928798039,500,-1145.9750000000013,False,117,14,0,True,energy_depleted
shaped,0.9,8565,14,0.9322301194154049,500,-1441.7249999999947,False,125,21,0,False,energy_depleted
shaped,0.9,8565,15,0.9275689688183278,500,-1389.5749999999987,False,125,15,0,False,energy_depleted
shaped,0.9,8565,16,0.9229311239742362,500,-1403.299999999996,False,126,16,0,False,energy_depleted
shaped,0.9,8565,17,0.918316468354365,500,-1320.750000000001,False,147,9,0,True,energy_depleted
shaped,0.9,8565,18,0.9137248860125932,500,-1138.0999999999979,False,111,2,0,False,energy_depleted
shaped,0.9,8565,19,0.9091562615825302,500,-1232.8999999999992,False,145,2,0,True,energy_depleted
shaped,0.9,8565,20,0.9046104802746175,500,-1097.6999999999998,False,137,4,0,True,energy_depleted
shaped,0.9,8565,21,0.9000874278732445,500,-1316.8249999999985,False,136,26,0,True,energy_depleted
shaped,0.9,8565,22,0.8955869907338783,500,-1663.549999999996,False,159,17,0,False,energy_depleted
shaped,0.9,8565,23,0.8911090557802088,500,-1388.7499999999995,False,134,8,0,False,energy_depleted
shaped,0.9,8565,24,0.8866535105013078,500,-1522.6999999999982,False,151,9,0,False,energy_depleted
shaped,0.9,8565,25,0.8822202429488012,500,-1158.2000000000007,False,112,7,0,True,energy_depleted
shaped,0.9,8565,26,0.8778091417340572,500,-1297.5249999999974,False,122,8,0,False,energy_depleted
shaped,0.9,8565,27,0.873420096025387,500,-1582.2749999999985,False,158,16,0,True,energy_depleted
shaped,0.9,8565,28,0.86905299554526,500,-1145.099999999999,False,115,0,0,False,energy_depleted
shaped,0.9,8565,29,0.8647077305675337,500,-1614.3749999999984,False,168,6,0,False,energy_depleted
shaped,0.9,8565,30,0.8603841919146961,500,-996.7499999999991,False,123,5,0,True,energy_depleted
shaped,0.9,8565,31,0.8560822709551226,500,-1373.7750000000012,False,141,13,0,True,energy_depleted
shaped,0.9,8565,32,0.8518018596003469,500,-1561.3749999999955,False,160,7,0,False,energy_depleted
shaped,0.9,8565,33,0.8475428503023452,500,-1344.8749999999993,False,141,7,0,True,energy_depleted
shaped,0.9,8565,34,0.8433051360508335,500,-2069.474999999999,False,217,15,0,False,energy_depleted
shaped,0.9,8565,35,0.8390886103705792,500,-1555.024999999998,False,184,13,0,True,energy_depleted
shaped,0.9,8565,36,0.8348931673187264,500,-1268.6999999999982,False,120,6,0,False,energy_depleted
shaped,0.9,8565,37,0.8307187014821328,500,-1350.8249999999966,False,138,3,0,False,energy_depleted
shaped,0.9,8565,38,0.826565107974722,500,-1511.8749999999968,False,131,22,0,False,energy_depleted
shaped,0.9,8565,39,0.8224322824348484,500,-1385.0499999999988,False,136,6,0,False,energy_depleted
shaped,0.9,8565,40,0.8183201210226743,500,-1359.9500000000025,False,158,4,0,True,energy_depleted
shaped,0.9,8565,41,0.8142285204175609,500,-1478.924999999999,False,147,8,0,False,energy_depleted
shaped,0.9,8565,42,0.810157377815473,500,-1169.9249999999993,False,116,15,0,True,energy_depleted
shaped,0.9,8565,43,0.8061065909263957,500,-1642.9749999999976,False,155,19,0,False,energy_depleted
shaped,0.9,8565,44,0.8020760579717637,500,-1192.9999999999977,False,114,4,0,False,energy_depleted
shaped,0.9,8565,45,0.7980656776819048,500,-1559.0999999999974,False,147,16,0,False,energy_depleted
shaped,0.9,8565,46,0.7940753492934953,500,-1276.1499999999976,False,117,9,0,False,energy_depleted
shaped,0.9,8565,47,0.7901049725470278,500,-1305.849999999997,False,127,6,0,False,energy_depleted
shaped,0.9,8565,48,0.7861544476842928,500,-1334.0499999999993,False,130,7,0,False,energy_depleted
shaped,0.9,8565,49,0.7822236754458712,500,-1748.1999999999975,False,151,29,0,False,energy_depleted
shaped,0.9,17944,0,1.0,500,-1195.3750000000023,False,120,3,0,False,energy_depleted
shaped,0.9,17944,1,0.995,500,-1476.049999999999,False,131,18,0,False,energy_depleted
shaped,0.9,17944,2,0.990025,283,-312.0499999999997,True,57,3,0,True,goal_reached
shaped,0.9,17944,3,0.985074875,500,-1083.5750000000003,False,111,2,2,True,energy_depleted
shaped,0.9,17944,4,0.980149500625,500,-1649.625,False,172,6,0,False,energy_depleted
shaped,0.9,17944,5,0.975248753121875,500,-1172.124999999999,False,133,1,0,True,energy_depleted
shaped,0.9,17944,6,0.9703725093562656,500,-1167.824999999999,False,114,0,0,False,energy_depleted
shaped,0.9,17944,7,0.9655206468094842,500,-1012.975,False,85,5,0,False,energy_depleted
shaped,0.9,17944,8,0.9606930435754368,500,-1245.6499999999987,False,121,5,0,False,energy_depleted
shaped,0.9,17944,9,0.9558895783575596,500,-1340.5250000000003,False,152,4,0,True,energy_depleted
shaped,0.9,17944,10,0.9511101304657719,500,-1043.8000000000006,False,108,1,0,True,energy_depleted
shaped,0.9,17944,11,0.946354579813443,500,-1640.3999999999996,False,142,26,0,False,energy_depleted
shaped,0.9,17944,12,0.9416228069143757,500,-1430.1000000000017,False,134,11,0,False,energy_depleted
shaped,0.9,17944,13,0.9369146928798039,500,-956.9250000000002,False,102,12,0,True,energy_depleted
shaped,0.9,17944,14,0.9322301194154049,500,-1220.449999999999,False,117,4,0,False,energy_depleted
shaped,0.9,17944,15,0.9275689688183278,500,-1287.249999999996,False,128,3,0,False,energy_depleted
shaped,0.9,17944,16,0.9229311239742362,500,-998.7000000000004,False,102,9,0,True,energy_depleted
shaped,0.9,17944,17,0.918316468354365,500,-1513.049999999999,False,156,5,0,False,energy_depleted
shaped,0.9,17944,18,0.9137248860125932,500,-1049.8499999999997,False,92,5,0,False,energy_depleted
shaped,0.9,17944,19,0.9091562615825302,500,-1408.8499999999983,False,137,8,0,False,energy_depleted
shaped,0.9,17944,20,0.9046104802746175,381,-700.475,True,95,6,0,True,goal_reached
shaped,0.9,17944,21,0.9000874278732445,500,-1708.9749999999976,False,171,13,0,False,energy_depleted
shaped,0.9,17944,22,0.8955869907338783,500,-1323.575000000004,False,140,17,0,True,energy_depleted
shaped,0.9,17944,23,0.8911090557802088,500,-1037.1749999999988,False,111,8,0,True,energy_depleted
shaped,0.9,17944,24,0.8866535105013078,500,-1174.4250000000002,False,114,4,4,False,energy_depleted
shaped,0.9,17944,25,0.8822202429488012,500,-1385.0749999999975,False,134,8,0,False,energy_depleted
shaped,0.9,17944,26,0.8778091417340572,500,-1408.1749999999995,False,158,6,0,True,energy_depleted
shaped,0.9,17944,27,0.873420096025387,500,-968.7250000000007,False,100,13,0,True,energy_depleted
shaped,0.9,17944,28,0.86905299554526,500,-1156.3499999999983,False,117,0,0,False,energy_depleted
shaped,0.9,17944,29,0.8647077305675337,500,-1307.8749999999989,False,132,3,0,False,energy_depleted
shaped,0.9,17944,30,0.8603841919146961,500,-1290.1750000000013,False,146,9,0,True,energy_depleted
shaped,0.9,17944,31,0.8560822709551226,500,-1310.9999999999986,False,132,4,0,False,energy_depleted
shaped,0.9,17944,32,0.8518018596003469,500,-1305.7249999999997,False,121,9,0,False,energy_depleted
shaped,0.9,17944,33,0.8475428503023452,500,-1956.0249999999987,False,200,15,0,False,energy_depleted
shaped,0.9,17944,34,0.8433051360508335,500,-1138.0499999999981,False,129,8,0,True,energy_depleted
shaped,0.9,17944,35,0.8390886103705792,500,-1775.799999999998,False,168,21,0,False,energy_depleted
shaped,0.9,17944,36,0.8348931673187264,500,-1298.9500000000005,False,135,10,0,True,energy_depleted
shaped,0.9,17944,37,0.8307187014821328,500,-1724.9249999999972,False,170,15,0,False,energy_depleted
shaped,0.9,17944,38,0.826565107974722,500,-1675.6249999999957,False,145,27,0,False,energy_depleted
shaped,0.9,17944,39,0.8224322824348484,500,-1384.6999999999982,False,132,9,0,False,energy_depleted
shaped,0.9,17944,40,0.8183201210226743,500,-1303.674999999999,False,124,8,0,False,energy_depleted
shaped,0.9,17944,41,0.8142285204175609,500,-1420.2500000000014,False,152,13,0,True,energy_depleted
shaped,0.9,17944,42,0.810157377815473,500,-1316.449999999998,False,130,4,0,False,energy_depleted
shaped,0.9,17944,43,0.8061065909263957,500,-1215.0499999999972,False,121,1,0,False,energy_depleted
shaped,0.9,17944,44,0.8020760579717637,500,-1450.2499999999973,False,142,9,0,False,energy_depleted
shaped,0.9,17944,45,0.7980656776819048,500,-1206.7499999999977,False,104,12,0,False,energy_depleted
shaped,0.9,17944,46,0.7940753492934953,500,-983.9249999999989,False,130,6,0,True,energy_depleted
shaped,0.9,17944,47,0.7901049725470278,500,-1392.8999999999967,False,130,10,0,False,energy_depleted
shaped,0.9,17944,48,0.7861544476842928,500,-1699.574999999997,False,165,15,0,False,energy_depleted
shaped,0.9,17944,49,0.7822236754458712,500,-1181.9500000000025,False,122,2,0,False,energy_depleted
shaped,0.9,81150,0,1.0,500,-1064.9750000000015,False,104,15,0,True,energy_depleted
shaped,0.9,81150,1,0.995,500,-1045.8500000000008,False,112,4,0,True,energy_depleted
shaped,0.9,81150,2,0.990025,500,-1051.9500000000007,False,99,21,0,True,energy_depleted
shaped,0.9,81150,3,0.985074875,500,-973.774999999999,False,97,6,1,True,energy_depleted
shaped,0.9,81150,4,0.980149500625,500,-1425.5499999999986,False,131,13,0,False,energy_depleted
shaped,0.9,81150,5,0.975248753121875,500,-853.750000000001,False,89,4,0,True,energy_depleted
shaped,0.9,81150,6,0.9703725093562656,500,-1317.4750000000008,False,137,13,0,True,energy_depleted
shaped,0.9,81150,7,0.9655206468094842,500,-1082.6999999999978,False,130,14,0,True,energy_depleted
shaped,0.9,81150,8,0.9606930435754368,500,-995.6500000000003,False,112,5,0,True,energy_depleted
shaped,0.9,81150,9,0.9558895783575596,500,-1276.1000000000008,False,138,10,0,True,energy_depleted
shaped,0.9,81150,10,0.9511101304657719,500,-1705.0499999999975,False,164,17,0,False,energy_depleted
shaped,0.9,81150,11,0.946354579813443,500,-1233.7500000000005,False,143,4,0,True,energy_depleted
shaped,0.9,81150,12,0.9416228069143757,500,-1175.050000000001,False,124,6,0,True,energy_depleted
shaped,0.9,81150,13,0.9369146928798039,500,-1477.624999999998,False,149,6,0,False,energy_depleted
shaped,0.9,81150,14,0.9322301194154049,500,-1122.4000000000015,False,123,6,0,True,energy_depleted
shaped,0.9,81150,15,0.9275689688183278,500,-1082.775,False,112,13,0,True,energy_depleted
shaped,0.9,81150,16,0.9229311239742362,500,-1482.349999999999,False,142,11,0,False,energy_depleted
shaped,0.9,81150,17,0.918316468354365,500,-1749.324999999999,False,168,17,0,False,energy_depleted
shaped,0.9,81150,18,0.9137248860125932,500,-1309.2250000000013,False,151,3,0,True,energy_depleted
shaped,0.9,81150,19,0.9091562615825302,500,-1485.5750000000007,False,148,17,0,True,energy_depleted
shaped,0.9,81150,20,0.9046104802746175,500,-1330.2250000000017,False,131,5,3,False,energy_depleted
shaped,0.9,81150,21,0.9000874278732445,500,-976.5749999999995,False,119,10,0,True,energy_depleted
shaped,0.9,81150,22,0.8955869907338783,500,-1046.899999999999,False,122,8,0,True,energy_depleted
shaped,0.9,81150,23,0.8911090557802088,500,-1177.774999999997,False,149,2,0,True,energy_depleted
shaped,0.9,81150,24,0.8866535105013078,500,-1177.0499999999972,False,110,6,0,False,energy_depleted
shaped,0.9,81150,25,0.8822202429488012,500,-1587.3749999999957,False,156,12,0,False,energy_depleted
shaped,0.9,81150,26,0.8778091417340572,500,-1180.5499999999995,False,120,16,0,True,energy_depleted
shaped,0.9,81150,27,0.873420096025387,500,-1052.8749999999966,False,115,11,0,True,energy_depleted
shaped,0.9,81150,28,0.86905299554526,500,-1149.325000000002,False,120,12,0,True,energy_depleted
shaped,0.9,81150,29,0.8647077305675337,500,-1514.674999999998,False,159,28,0,True,energy_depleted
shaped,0.9,81150,30,0.8603841919146961,500,-1436.7999999999968,False,138,11,0,False,energy_depleted
shaped,0.9,81150,31,0.8560822709551226,500,-1356.0749999999982,False,134,7,0,False,energy_depleted
shaped,0.9,81150,32,0.8518018596003469,500,-1745.4999999999968,False,169,17,0,False,energy_depleted
shaped,0.9,81150,33,0.8475428503023452,500,-991.2499999999991,False,89,2,0,False,energy_depleted
shaped,0.9,81150,34,0.8433051360508335,500,-1289.8250000000007,False,118,9,0,False,energy_depleted
shaped,0.9,81150,35,0.8390886103705792,500,-1319.449999999998,False,166,8,0,True,energy_depleted
shaped,0.9,81150,36,0.8348931673187264,500,-1300.499999999999,False,158,5,0,True,energy_depleted
shaped,0.9,81150,37,0.8307187014821328,500,-1114.7249999999992,False,96,9,0,False,energy_depleted
shaped,0.9,81150,38,0.826565107974722,500,-1505.5749999999969,False,157,19,0,True,energy_depleted
shaped,0.9,81150,39,0.8224322824348484,500,-1090.4249999999977,False,138,6,0,True,energy_depleted
shaped,0.9,81150,40,0.8183201210226743,500,-1379.2999999999972,False,143,3,0,False,energy_depleted
shaped,0.9,81150,41,0.8142285204175609,500,-1355.9500000000003,False,160,3,0,True,energy_depleted
shaped,0.9,81150,42,0.810157377815473,500,-1507.899999999999,False,162,1,0,False,energy_depleted
shaped,0.9,81150,43,0.8061065909263957,500,-1070.4999999999986,False,95,5,0,False,energy_depleted
shaped,0.9,81150,44,0.8020760579717637,500,-1318.0499999999977,False,135,1,0,False,energy_depleted
shaped,0.9,81150,45,0.7980656776819048,500,-1462.8000000000022,False,165,14,0,True,energy_depleted
shaped,0.9,81150,46,0.7940753492934953,500,-1344.9250000000004,False,138,23,0,True,energy_depleted
shaped,0.9,81150,47,0.7901049725470278,500,-1346.1749999999986,False,143,0,0,False,energy_depleted
shaped,0.9,81150,48,0.7861544476842928,500,-1326.549999999997,False,132,4,0,False,energy_depleted
shaped,0.9,81150,49,0.7822236754458712,500,-1364.2249999999963,False,121,15,0,False,energy_depleted
sparse,0.0,8565,0,1.0,500,-860.0,False,75,6,0,False,energy_depleted
sparse,0.0,8565,1,0.995,285,-383.0,True,77,4,0,True,goal_reached
sparse,0.0,8565,2,0.990025,500,-1046.0,False,124,10,0,True,energy_depleted
sparse,0.0,8565,3,0.985074875,500,-1240.0,False,165,13,0,True,energy_depleted
sparse,0.0,8565,4,0.980149500625,500,-1002.0,False,108,7,0,False,energy_depleted
sparse,0.0,8565,5,0.975248753121875,500,-1026.0,False,114,7,0,False,energy_depleted
sparse,0.0,8565,6,0.9703725093562656,500,-1180.0,False,109,24,1,False,energy_depleted
sparse,0.0,8565,7,0.9655206468094842,500,-1234.0,False,146,20,0,True,energy_depleted
sparse,0.0,8565,8,0.9606930435754368,500,-1004.0,False,126,0,0,False,energy_depleted
sparse,0.0,8565,9,0.9558895783575596,500,-912.0,False,103,0,0,False,energy_depleted
sparse,0.0,8565,10,0.9511101304657719,500,-1148.0,False,147,6,0,False,energy_depleted
sparse,0.0,8565,11,0.946354579813443,500,-1042.0,False,123,10,0,True,energy_depleted
sparse,0.0,8565,12,0.9416228069143757,500,-1026.0,False,114,7,0,False,energy_depleted
sparse,0.0,8565,13,0.9369146928798039,500,-1058.0,False,117,14,0,True,energy_depleted
sparse,0.0,8565,14,0.9322301194154049,500,-1210.0,False,125,21,0,False,energy_depleted
sparse,0.0,8565,15,0.9275689688183278,500,-1150.0,False,125,15,0,False,energy_depleted
sparse,0.0,8565,16,0.9229311239742362,500,-1164.0,False,126,16,0,False,energy_depleted
sparse,0.0,8565,17,0.918316468354365,500,-1128.0,False,147,9,0,True,energy_depleted
sparse,0.0,8565,18,0.9137248860125932,500,-964.0,False,111,2,0,False,energy_depleted
sparse,0.0,8565,19,0.9091562615825302,500,-1050.0,False,145,2,0,True,energy_depleted
sparse,0.0,8565,20,0.9046104802746175,500,-1038.0,False,137,4,0,True,energy_depleted
sparse,0.0,8565,21,0.9000874278732445,500,-1254.0,False,136,26,0,True,energy_depleted
sparse,0.0,8565,22,0.8955869907338783,500,-1306.0,False,159,17,0,False,energy_depleted
sparse,0.0,8565,23,0.8911090557802088,500,-1116.0,False,134,8,0,False,energy_depleted
sparse,0.0,8565,24,0.8866535105013078,500,-1194.0,False,151,9,0,False,energy_depleted
sparse,0.0,8565,25,0.8822202429488012,500,-960.0,False,110,7,0,True,energy_depleted
sparse,0.0,8565,26,0.8778091417340572,500,-1068.0,False,122,8,0,False,energy_depleted
sparse,0.0,8565,27,0.873420096025387,500,-1242.0,False,158,16,0,True,energy_depleted
sparse,0.0,8565,28,0.86905299554526,500,-964.0,False,116,0,0,False,energy_depleted
sparse,0.0,8565,29,0.8647077305675337,500,-1232.0,False,168,6,0,False,energy_depleted
sparse,0.0,8565,30,0.8603841919146961,500,-1000.0,False,125,5,0,True,energy_depleted
sparse,0.0,8565,31,0.8560822709551226,500,-1128.0,False,137,13,0,True,energy_depleted
sparse,0.0,8565,32,0.8518018596003469,500,-1210.0,False,160,7,0,False,energy_depleted
sparse,0.0,8565,33,0.8475428503023452,500,-1092.0,False,143,7,0,True,energy_depleted
sparse,0.0,8565,34,0.8433051360508335,500,-1522.0,False,223,13,0,False,energy_depleted
sparse,0.0,8565,35,0.8390886103705792,500,-1316.0,False,184,13,0,True,energy_depleted
sparse,0.0,8565,36,0.8348931673187264,500,-1068.0,False,117,10,0,False,energy_depleted
sparse,0.0,8565,37,0.8307187014821328,500,-1082.0,False,138,3,0,False,energy_depleted
sparse,0.0,8565,38,0.826565107974722,500,-1278.0,False,147,19,0,False,energy_depleted
sparse,0.0,8565,39,0.8224322824348484,500,-1196.0,False,164,4,0,False,energy_depleted
sparse,0.0,8565,40,0.8183201210226743,500,-1082.0,False,148,4,0,True,energy_depleted
sparse,0.0,8565,41,0.8142285204175609,500,-1152.0,False,143,8,0,False,energy_depleted
sparse,0.0,8565,42,0.810157377815473,500,-1056.0,False,114,15,0,True,energy_depleted
sparse,0.0,8565,43,0.8061065909263957,500,-1308.0,False,157,18,0,False,energy_depleted
sparse,0.0,8565,44,0.8020760579717637,500,-984.0,False,106,6,0,False,energy_depleted
sparse,0.0,8565,45,0.7980656776819048,500,-1218.0,False,147,13,0,False,energy_depleted
sparse,0.0,8565,46,0.7940753492934953,500,-1038.0,False,117,7,0,False,energy_depleted
sparse,0.0,8565,47,0.7901049725470278,500,-1078.0,False,127,7,0,False,energy_depleted
sparse,0.0,8565,48,0.7861544476842928,500,-1122.0,False,138,7,0,False,energy_depleted
sparse,0.0,8565,49,0.7822236754458712,500,-1312.0,False,143,24,0,False,energy_depleted
sparse,0.0,17944,0,1.0,500,-1010.0,False,120,3,0,False,energy_depleted
sparse,0.0,17944,1,0.995,500,-1204.0,False,131,18,0,False,energy_depleted
sparse,0.0,17944,2,0.990025,283,-291.0,True,57,3,0,True,goal_reached
sparse,0.0,17944,3,0.985074875,500,-922.0,False,111,2,2,True,energy_depleted
sparse,0.0,17944,4,0.980149500625,500,-1248.0,False,172,6,0,False,energy_depleted
sparse,0.0,17944,5,0.975248753121875,500,-992.0,False,133,1,0,True,energy_depleted
sparse,0.0,17944,6,0.9703725093562656,500,-956.0,False,114,0,0,False,energy_depleted
sparse,0.0,17944,7,0.9655206468094842,500,-890.0,False,85,5,0,False,energy_depleted
sparse,0.0,17944,8,0.9606930435754368,500,-1034.0,False,121,5,0,False,energy_depleted
sparse,0.0,17944,9,0.9558895783575596,500,-1098.0,False,152,4,0,True,energy_depleted
sparse,0.0,17944,10,0.9511101304657719,500,-892.0,False,108,1,0,True,energy_depleted
sparse,0.0,17944,11,0.946354579813443,500,-1328.0,False,142,26,0,False,energy_depleted
sparse,0.0,17944,12,0.9416228069143757,500,-1146.0,False,134,11,0,False,energy_depleted
sparse,0.0,17944,13,0.9369146928798039,500,-978.0,False,102,12,0,True,energy_depleted
sparse,0.0,17944,14,0.9322301194154049,500,-1016.0,False,119,4,0,False,energy_depleted
sparse,0.0,17944,15,0.9275689688183278,500,-1042.0,False,128,3,0,False,energy_depleted
sparse,0.0,17944,16,0.9229311239742362,500,-948.0,False,102,9,0,True,energy_depleted
sparse,0.0,17944,17,0.918316468354365,500,-1174.0,False,156,5,0,False,energy_depleted
sparse,0.0,17944,18,0.9137248860125932,500,-918.0,False,92,5,0,False,energy_depleted
sparse,0.0,17944,19,0.9091562615825302,500,-1128.0,False,137,8,0,False,energy_depleted
sparse,0.0,17944,20,0.9046104802746175,381,-571.0,True,95,6,0,True,goal_reached
sparse,0.0,17944,21,0.9000874278732445,500,-1314.0,False,171,13,0,False,energy_depleted
sparse,0.0,17944,22,0.8955869907338783,500,-1180.0,False,140,17,0,True,energy_depleted
sparse,0.0,17944,23,0.8911090557802088,500,-974.0,False,111,8,0,True,energy_depleted
sparse,0.0,17944,24,0.8866535105013078,500,-1012.0,False,114,4,4,False,energy_depleted
sparse,0.0,17944,25,0.8822202429488012,500,-1116.0,False,134,8,0,False,energy_depleted
sparse,0.0,17944,26,0.8778091417340572,500,-1142.0,False,158,6,0,True,energy_depleted
sparse,0.0,17944,27,0.873420096025387,500,-996.0,False,104,13,0,True,energy_depleted
sparse,0.0,17944,28,0.86905299554526,500,-960.0,False,115,0,0,False,energy_depleted
sparse,0.0,17944,29,0.8647077305675337,500,-1058.0,False,132,3,0,False,energy_depleted
sparse,0.0,17944,30,0.8603841919146961,500,-1116.0,False,144,9,0,True,energy_depleted
sparse,0.0,17944,31,0.8560822709551226,500,-1068.0,False,132,4,0,False,energy_depleted
sparse,0.0,17944,32,0.8518018596003469,500,-1074.0,False,121,9,0,False,energy_depleted
sparse,0.0,17944,33,0.8475428503023452,500,-1450.0,False,200,15,0,False,energy_depleted
sparse,0.0,17944,34,0.8433051360508335,500,-1054.0,False,131,8,0,True,energy_depleted
sparse,0.0,17944,35,0.8390886103705792,500,-1382.0,False,168,21,0,False,energy_depleted
sparse,0.0,17944,36,0.8348931673187264,500,-1082.0,False,133,10,0,True,energy_depleted
sparse,0.0,17944,37,0.8307187014821328,500,-1322.0,False,168,15,0,False,energy_depleted
sparse,0.0,17944,38,0.826565107974722,500,-1358.0,False,147,27,0,False,energy_depleted
sparse,0.0,17944,39,0.8224322824348484,500,-1142.0,False,138,9,0,False,energy_depleted
sparse,0.0,17944,40,0.8183201210226743,500,-1036.0,False,114,8,0,False,energy_depleted
sparse,0.0,17944,41,0.8142285204175609,500,-1196.0,False,154,13,0,True,energy_depleted
sparse,0.0,17944,42,0.810157377815473,500,-1052.0,False,128,4,0,False,energy_depleted
sparse,0.0,17944,43,0.8061065909263957,500,-994.0,False,121,1,0,False,energy_depleted
sparse,0.0,17944,44,0.8020760579717637,500,-1150.0,False,140,9,0,False,energy_depleted
sparse,0.0,17944,45,0.7980656776819048,500,-1060.0,False,110,12,0,False,energy_depleted
sparse,0.0,17944,46,0.7940753492934953,500,-1012.0,False,128,5,0,True,energy_depleted
sparse,0.0,17944,47,0.7901049725470278,500,-1066.0,False,124,7,0,False,energy_depleted
sparse,0.0,17944,48,0.7861544476842928,500,-1362.0,False,183,13,0,False,energy_depleted
sparse,0.0,17944,49,0.7822236754458712,500,-1242.0,False,143,17,0,False,energy_depleted
sparse,0.0,81150,0,1.0,500,-1016.0,False,104,15,0,True,energy_depleted
sparse,0.0,81150,1,0.995,500,-938.0,False,112,4,0,True,energy_depleted
sparse,0.0,81150,2,0.990025,500,-1056.0,False,99,21,0,True,energy_depleted
sparse,0.0,81150,3,0.985074875,500,-902.0,False,97,6,1,True,energy_depleted
sparse,0.0,81150,4,0.980149500625,500,-1154.0,False,131,13,0,False,energy_depleted
sparse,0.0,81150,5,0.975248753121875,500,-846.0,False,89,4,0,True,energy_depleted
sparse,0.0,81150,6,0.9703725093562656,500,-1128.0,False,137,13,0,True,energy_depleted
sparse,0.0,81150,7,0.9655206468094842,500,-1110.0,False,130,14,0,True,energy_depleted
sparse,0.0,81150,8,0.9606930435754368,500,-948.0,False,112,5,0,True,energy_depleted
sparse,0.0,81150,9,0.9558895783575596,500,-1102.0,False,138,10,0,True,energy_depleted
sparse,0.0,81150,10,0.9511101304657719,500,-1326.0,False,164,17,0,False,energy_depleted
sparse,0.0,81150,11,0.946354579813443,500,-1062.0,False,143,4,0,True,energy_depleted
sparse,0.0,81150,12,0.9416228069143757,500,-1006.0,False,124,6,0,True,energy_depleted
sparse,0.0,81150,13,0.9369146928798039,500,-1148.0,False,147,6,0,False,energy_depleted
sparse,0.0,81150,14,0.9322301194154049,500,-1002.0,False,123,6,0,True,energy_depleted
sparse,0.0,81150,15,0.9275689688183278,500,-1028.0,False,112,13,0,True,energy_depleted
sparse,0.0,81150,16,0.9229311239742362,500,-1178.0,False,142,11,0,False,energy_depleted
sparse,0.0,81150,17,0.918316468354365,500,-1342.0,False,168,17,0,False,energy_depleted
sparse,0.0,81150,18,0.9137248860125932,500,-1084.0,False,151,3,0,True,energy_depleted
sparse,0.0,81150,19,0.9091562615825302,500,-1212.0,False,148,17,0,True,energy_depleted
sparse,0.0,81150,20,0.9046104802746175,500,-1094.0,False,133,5,3,False,energy_depleted
sparse,0.0,81150,21,0.9000874278732445,500,-1026.0,False,119,10,0,True,energy_depleted
sparse,0.0,81150,22,0.8955869907338783,500,-1018.0,False,122,8,0,True,energy_depleted
sparse,0.0,81150,23,0.8911090557802088,500,-1066.0,False,149,2,0,True,energy_depleted
sparse,0.0,81150,24,0.8866535105013078,500,-1000.0,False,110,6,0,False,energy_depleted
sparse,0.0,81150,25,0.8822202429488012,500,-1244.0,False,156,12,0,False,energy_depleted
sparse,0.0,81150,26,0.8778091417340572,500,-1098.0,False,122,16,0,True,energy_depleted
sparse,0.0,81150,27,0.873420096025387,500,-1132.0,False,143,11,0,True,energy_depleted
sparse,0.0,81150,28,0.86905299554526,500,-1102.0,False,118,13,0,False,energy_depleted
sparse,0.0,81150,29,0.8647077305675337,500,-1370.0,False,160,28,0,True,energy_depleted
sparse,0.0,81150,30,0.8603841919146961,500,-1162.0,False,138,11,0,False,energy_depleted
sparse,0.0,81150,31,0.8560822709551226,500,-1114.0,False,136,7,0,False,energy_depleted
sparse,0.0,81150,32,0.8518018596003469,500,-1348.0,False,167,18,0,False,energy_depleted
sparse,0.0,81150,33,0.8475428503023452,500,-884.0,False,91,2,0,False,energy_depleted
sparse,0.0,81150,34,0.8433051360508335,500,-1254.0,False,156,13,0,False,energy_depleted
sparse,0.0,81150,35,0.8390886103705792,500,-1168.0,False,152,6,0,False,energy_depleted
sparse,0.0,81150,36,0.8348931673187264,500,-1146.0,False,144,7,0,False,energy_depleted
sparse,0.0,81150,37,0.8307187014821328,500,-974.0,False,96,9,0,False,energy_depleted
sparse,0.0,81150,38,0.826565107974722,500,-1196.0,False,159,11,0,True,energy_depleted
sparse,0.0,81150,39,0.8224322824348484,500,-1082.0,False,143,6,0,True,energy_depleted
sparse,0.0,81150,40,0.8183201210226743,500,-1134.0,False,151,3,0,False,energy_depleted
sparse,0.0,81150,41,0.8142285204175609,500,-1140.0,False,140,8,0,False,energy_depleted
sparse,0.0,81150,42,0.810157377815473,500,-1074.0,False,136,3,0,False,energy_depleted
sparse,0.0,81150,43,0.8061065909263957,500,-914.0,False,101,1,0,False,energy_depleted
sparse,0.0,81150,44,0.8020760579717637,500,-1050.0,False,135,1,0,False,energy_depleted
sparse,0.0,81150,45,0.7980656776819048,500,-1266.0,False,169,14,0,True,energy_depleted
sparse,0.0,81150,46,0.7940753492934953,500,-1254.0,False,151,20,0,True,energy_depleted
sparse,0.0,81150,47,0.7901049725470278,500,-1036.0,False,124,4,0,False,energy_depleted
sparse,0.0,81150,48,0.7861544476842928,500,-1096.0,False,139,4,0,False,energy_depleted
sparse,0.0,81150,49,0.7822236754458712,500,-1010.0,False,100,11,0,False,energy_depleted
sparse,0.3,8565,0,1.0,500,-860.0,False,75,6,0,False,energy_depleted
sparse,0.3,8565,1,0.995,285,-383.0,True,77,4,0,True,goal_reached
sparse,0.3,8565,2,0.990025,500,-1046.0,False,124,10,0,True,energy_depleted
sparse,0.3,8565,3,0.985074875,500,-1240.0,False,165,13,0,True,energy_depleted
sparse,0.3,8565,4,0.980149500625,500,-1002.0,False,108,7,0,False,energy_depleted
sparse,0.3,8565,5,0.975248753121875,500,-1026.0,False,114,7,0,False,energy_depleted
sparse,0.3,8565,6,0.9703725093562656,500,-1180.0,False,109,24,1,False,energy_depleted
sparse,0.3,8565,7,0.9655206468094842,500,-1234.0,False,146,20,0,True,energy_depleted
sparse,0.3,8565,8,0.9606930435754368,500,-1004.0,False,126,0,0,False,energy_depleted
sparse,0.3,8565,9,0.9558895783575596,500,-912.0,False,103,0,0,False,energy_depleted
sparse,0.3,8565,10,0.9511101304657719,500,-1148.0,False,147,6,0,False,energy_depleted
sparse,0.3,8565,11,0.946354579813443,500,-1042.0,False,123,10,0,True,energy_depleted
sparse,0.3,8565,12,0.9416228069143757,500,-1026.0,False,114,7,0,False,energy_depleted
sparse,0.3,8565,13,0.9369146928798039,500,-1058.0,False,117,14,0,True,energy_depleted
sparse,0.3,8565,14,0.9322301194154049,500,-1210.0,False,125,21,0,False,energy_depleted
sparse,0.3,8565,15,0.9275689688183278,500,-1150.0,False,125,15,0,False,energy_depleted
sparse,0.3,8565,16,0.9229311239742362,500,-1164.0,False,126,16,0,False,energy_depleted
sparse,0.3,8565,17,0.918316468354365,500,-1128.0,False,147,9,0,True,energy_depleted
sparse,0.3,8565,18,0.9137248860125932,500,-964.0,False,111,2,0,False,energy_depleted
sparse,0.3,8565,19,0.9091562615825302,500,-1050.0,False,145,2,0,True,energy_depleted
sparse,0.3,8565,20,0.9046104802746175,500,-1038.0,False,137,4,0,True,energy_depleted
sparse,0.3,8565,21,0.9000874278732445,500,-1254.0,False,136,26,0,True,energy_depleted
sparse,0.3,8565,22,0.8955869907338783,500,-1306.0,False,159,17,0,False,energy_depleted
sparse,0.3,8565,23,0.8911090557802088,500,-1116.0,False,134,8,0,False,energy_depleted
sparse,0.3,8565,24,0.8866535105013078,500,-1194.0,False,151,9,0,False,energy_depleted
sparse,0.3,8565,25,0.8822202429488012,500,-968.0,False,112,7,0,True,energy_depleted
sparse,0.3,8565,26,0.8778091417340572,500,-1068.0,False,122,8,0,False,energy_depleted
sparse,0.3,8565,27,0.873420096025387,500,-1242.0,False,158,16,0,True,energy_depleted
sparse,0.3,8565,28,0.86905299554526,500,-964.0,False,116,0,0,False,energy_depleted
sparse,0.3,8565,29,0.8647077305675337,500,-1232.0,False,168,6,0,False,energy_depleted
sparse,0.3,8565,30,0.8603841919146961,500,-992.0,False,123,5,0,True,energy_depleted
sparse,0.3,8565,31,0.8560822709551226,500,-1152.0,False,143,13,0,True,energy_depleted
sparse,0.3,8565,32,0.8518018596003469,500,-1210.0,False,160,7,0,False,energy_depleted
sparse,0.3,8565,33,0.8475428503023452,500,-1084.0,False,141,7,0,True,energy_depleted
sparse,0.3,8565,34,0.8433051360508335,500,-1526.0,False,219,15,0,False,energy_depleted
sparse,0.3,8565,35,0.8390886103705792,500,-1316.0,False,184,13,0,True,energy_depleted
sparse,0.3,8565,36,0.8348931673187264,500,-1028.0,False,117,6,0,False,energy_depleted
sparse,0.3,8565,37,0.8307187014821328,500,-1082.0,False,138,3,0,False,energy_depleted
sparse,0.3,8565,38,0.826565107974722,500,-1278.0,False,147,19,0,False,energy_depleted
sparse,0.3,8565,39,0.8224322824348484,500,-1172.0,False,158,4,0,False,energy_depleted
sparse,0.3,8565,40,0.8183201210226743,500,-1122.0,False,158,4,0,True,energy_depleted
sparse,0.3,8565,41,0.8142285204175609,500,-1168.0,False,147,8,0,False,energy_depleted
sparse,0.3,8565,42,0.810157377815473,500,-1072.0,False,148,3,0,True,energy_depleted
sparse,0.3,8565,43,0.8061065909263957,500,-1316.0,False,159,18,0,False,energy_depleted
sparse,0.3,8565,44,0.8020760579717637,500,-994.0,False,116,3,0,False,energy_depleted
sparse,0.3,8565,45,0.7980656776819048,500,-1222.0,False,143,15,0,False,energy_depleted
sparse,0.3,8565,46,0.7940753492934953,500,-1046.0,False,119,7,0,False,energy_depleted
sparse,0.3,8565,47,0.7901049725470278,500,-1054.0,False,121,7,0,False,energy_depleted
sparse,0.3,8565,48,0.7861544476842928,500,-1038.0,False,142,2,0,True,energy_depleted
sparse,0.3,8565,49,0.7822236754458712,500,-1386.0,False,149,29,0,False,energy_depleted
sparse,0.3,17944,0,1.0,500,-1010.0,False,120,3,0,False,energy_depleted
sparse,0.3,17944,1,0.995,500,-1204.0,False,131,18,0,False,energy_depleted
sparse,0.3,17944,2,0.990025,283,-291.0,True,57,3,0,True,goal_reached
sparse,0.3,17944,3,0.985074875,500,-922.0,False,111,2,2,True,energy_depleted
sparse,0.3,17944,4,0.980149500625,500,-1248.0,False,172,6,0,False,energy_depleted
sparse,0.3,17944,5,0.975248753121875,500,-992.0,False,133,1,0,True,energy_depleted
sparse,0.3,17944,6,0.9703725093562656,500,-956.0,False,114,0,0,False,energy_depleted
sparse,0.3,17944,7,0.9655206468094842,500,-890.0,False,85,5,0,False,energy_depleted
sparse,0.3,17944,8,0.9606930435754368,500,-1034.0,False,121,5,0,False,energy_depleted
sparse,0.3,17944,9,0.9558895783575596,500,-1098.0,False,152,4,0,True,energy_depleted
sparse,0.3,17944,10,0.9511101304657719,500,-892.0,False,108,1,0,True,energy_depleted
sparse,0.3,17944,11,0.946354579813443,500,-1328.0,False,142,26,0,False,energy_depleted
sparse,0.3,17944,12,0.9416228069143757,500,-1146.0,False,134,11,0,False,energy_depleted
sparse,0.3,17944,13,0.9369146928798039,500,-978.0,False,102,12,0,True,energy_depleted
sparse,0.3,17944,14,0.9322301194154049,500,-1016.0,False,119,4,0,False,energy_depleted
sparse,0.3,17944,15,0.9275689688183278,500,-1042.0,False,128,3,0,False,energy_depleted
sparse,0.3,17944,16,0.9229311239742362,500,-948.0,False,102,9,0,True,energy_depleted
sparse,0.3,17944,17,0.918316468354365,500,-1174.0,False,156,5,0,False,energy_depleted
sparse,0.3,17944,18,0.9137248860125932,500,-918.0,False,92,5,0,False,energy_depleted
sparse,0.3,17944,19,0.9091562615825302,500,-1128.0,False,137,8,0,False,energy_depleted
sparse,0.3,17944,20,0.9046104802746175,381,-571.0,True,95,6,0,True,goal_reached
sparse,0.3,17944,21,0.9000874278732445,500,-1314.0,False,171,13,0,False,energy_depleted
sparse,0.3,17944,22,0.8955869907338783,500,-1180.0,False,140,17,0,True,energy_depleted
sparse,0.3,17944,23,0.8911090557802088,500,-974.0,False,111,8,0,True,energy_depleted
sparse,0.3,17944,24,0.8866535105013078,500,-1012.0,False,114,4,4,False,energy_depleted
sparse,0.3,17944,25,0.8822202429488012,500,-1116.0,False,134,8,0,False,energy_depleted
sparse,0.3,17944,26,0.8778091417340572,500,-1142.0,False,158,6,0,True,energy_depleted
sparse,0.3,17944,27,0.873420096025387,500,-988.0,False,102,13,0,True,energy_depleted
sparse,0.3,17944,28,0.86905299554526,500,-968.0,False,117,0,0,False,energy_depleted
sparse,0.3,17944,29,0.8647077305675337,500,-1058.0,False,132,3,0,False,energy_depleted
sparse,0.3,17944,30,0.8603841919146961,500,-1124.0,False,146,9,0,True,energy_depleted
sparse,0.3,17944,31,0.8560822709551226,500,-1068.0,False,132,4,0,False,energy_depleted
sparse,0.3,17944,32,0.8518018596003469,500,-1130.0,False,125,13,0,False,energy_depleted
sparse,0.3,17944,33,0.8475428503023452,500,-1450.0,False,200,15,0,False,energy_depleted
sparse,0.3,17944,34,0.8433051360508335,500,-1046.0,False,129,8,0,True,energy_depleted
sparse,0.3,17944,35,0.8390886103705792,500,-1382.0,False,168,21,0,False,energy_depleted
sparse,0.3,17944,36,0.8348931673187264,500,-1058.0,False,127,10,0,True,energy_depleted
sparse,0.3,17944,37,0.8307187014821328,500,-1322.0,False,168,15,0,False,energy_depleted
sparse,0.3,17944,38,0.826565107974722,500,-1358.0,False,147,27,0,False,energy_depleted
sparse,0.3,17944,39,0.8224322824348484,500,-1142.0,False,138,9,0,False,energy_depleted
sparse,0.3,17944,40,0.8183201210226743,500,-1036.0,False,114,8,0,False,energy_depleted
sparse,0.3,17944,41,0.8142285204175609,500,-1188.0,False,152,13,0,True,energy_depleted
sparse,0.3,17944,42,0.810157377815473,500,-1044.0,False,126,4,0,False,energy_depleted
sparse,0.3,17944,43,0.8061065909263957,500,-986.0,False,119,1,0,False,energy_depleted
sparse,0.3,17944,44,0.8020760579717637,500,-1142.0,False,138,9,0,False,energy_depleted
sparse,0.3,17944,45,0.7980656776819048,500,-1128.0,False,132,10,0,False,energy_depleted
sparse,0.3,17944,46,0.7940753492934953,500,-1012.0,False,128,5,0,True,energy_depleted
sparse,0.3,17944,47,0.7901049725470278,500,-1066.0,False,124,7,0,False,energy_depleted
sparse,0.3,17944,48,0.7861544476842928,500,-1330.0,False,175,13,0,False,energy_depleted
sparse,0.3,17944,49,0.7822236754458712,500,-1250.0,False,145,17,0,False,energy_depleted
sparse,0.3,81150,0,1.0,500,-1016.0,False,104,15,0,True,energy_depleted
sparse,0.3,81150,1,0.995,500,-938.0,False,112,4,0,True,energy_depleted
sparse,0.3,81150,2,0.990025,500,-1056.0,False,99,21,0,True,energy_depleted
sparse,0.3,81150,3,0.985074875,500,-902.0,False,97,6,1,True,energy_depleted
sparse,0.3,81150,4,0.980149500625,500,-1154.0,False,131,13,0,False,energy_depleted
sparse,0.3,81150,5,0.975248753121875,500,-846.0,False,89,4,0,True,energy_depleted
sparse,0.3,81150,6,0.9703725093562656,500,-1128.0,False,137,13,0,True,energy_depleted
sparse,0.3,81150,7,0.9655206468094842,500,-1110.0,False,130,14,0,True,energy_depleted
sparse,0.3,81150,8,0.9606930435754368,500,-948.0,False,112,5,0,True,energy_depleted
sparse,0.3,81150,9,0.9558895783575596,500,-1102.0,False,138,10,0,True,energy_depleted
sparse,0.3,81150,10,0.9511101304657719,500,-1326.0,False,164,17,0,False,energy_depleted
sparse,0.3,81150,11,0.946354579813443,500,-1062.0,False,143,4,0,True,energy_depleted
sparse,0.3,81150,12,0.9416228069143757,500,-1006.0,False,124,6,0,True,energy_depleted
sparse,0.3,81150,13,0.9369146928798039,500,-1148.0,False,147,6,0,False,energy_depleted
sparse,0.3,81150,14,0.9322301194154049,500,-1002.0,False,123,6,0,True,energy_depleted
sparse,0.3,81150,15,0.9275689688183278,500,-1028.0,False,112,13,0,True,energy_depleted
sparse,0.3,81150,16,0.9229311239742362,500,-1178.0,False,142,11,0,False,energy_depleted
sparse,0.3,81150,17,0.918316468354365,500,-1342.0,False,168,17,0,False,energy_depleted
sparse,0.3,81150,18,0.9137248860125932,500,-1084.0,False,151,3,0,True,energy_depleted
sparse,0.3,81150,19,0.9091562615825302,500,-1212.0,False,148,17,0,True,energy_depleted
sparse,0.3,81150,20,0.9046104802746175,500,-1086.0,False,131,5,3,False,energy_depleted
sparse,0.3,81150,21,0.9000874278732445,500,-1026.0,False,119,10,0,True,energy_depleted
sparse,0.3,81150,22,0.8955869907338783,500,-1018.0,False,122,8,0,True,energy_depleted
sparse,0.3,81150,23,0.8911090557802088,500,-1066.0,False,149,2,0,True,energy_depleted
sparse,0.3,81150,24,0.8866535105013078,500,-1000.0,False,110,6,0,False,energy_depleted
sparse,0.3,81150,25,0.8822202429488012,500,-1244.0,False,156,12,0,False,energy_depleted
sparse,0.3,81150,26,0.8778091417340572,500,-1098.0,False,122,16,0,True,energy_depleted
sparse,0.3,81150,27,0.873420096025387,500,-1132.0,False,143,11,0,True,energy_depleted
sparse,0.3,81150,28,0.86905299554526,500,-1102.0,False,118,13,0,False,energy_depleted
sparse,0.3,81150,29,0.8647077305675337,500,-1370.0,False,160,28,0,True,energy_depleted
sparse,0.3,81150,30,0.8603841919146961,500,-1154.0,False,136,11,0,False,energy_depleted
sparse,0.3,81150,31,0.8560822709551226,500,-1106.0,False,134,7,0,False,energy_depleted
sparse,0.3,81150,32,0.8518018596003469,500,-1346.0,False,169,17,0,False,energy_depleted
sparse,0.3,81150,33,0.8475428503023452,500,-900.0,False,95,2,0,False,energy_depleted
sparse,0.3,81150,34,0.8433051360508335,500,-1254.0,False,156,13,0,False,energy_depleted
sparse,0.3,81150,35,0.8390886103705792,500,-1168.0,False,152,6,0,False,energy_depleted
sparse,0.3,81150,36,0.8348931673187264,500,-1146.0,False,144,7,0,False,energy_depleted
sparse,0.3,81150,37,0.8307187014821328,500,-974.0,False,96,9,0,False,energy_depleted
sparse,0.3,81150,38,0.826565107974722,500,-1178.0,False,167,6,0,True,energy_depleted
sparse,0.3,81150,39,0.8224322824348484,500,-1074.0,False,141,6,0,True,energy_depleted
sparse,0.3,81150,40,0.8183201210226743,500,-1126.0,False,149,3,0,False,energy_depleted
sparse,0.3,81150,41,0.8142285204175609,500,-1118.0,False,162,2,0,True,energy_depleted
sparse,0.3,81150,42,0.810157377815473,500,-1070.0,False,140,1,0,False,energy_depleted
sparse,0.3,81150,43,0.8061065909263957,500,-914.0,False,101,1,0,False,energy_depleted
sparse,0.3,81150,44,0.8020760579717637,500,-1058.0,False,137,1,0,False,energy_depleted
sparse,0.3,81150,45,0.7980656776819048,500,-1214.0,False,171,8,0,True,energy_depleted
sparse,0.3,81150,46,0.7940753492934953,500,-1298.0,False,172,16,0,True,energy_depleted
sparse,0.3,81150,47,0.7901049725470278,500,-1046.0,False,124,5,0,False,energy_depleted
sparse,0.3,81150,48,0.7861544476842928,500,-1100.0,False,145,2,0,False,energy_depleted
sparse,0.3,81150,49,0.7822236754458712,500,-1020.0,False,100,12,0,False,energy_depleted
sparse,0.7,8565,0,1.0,500,-860.0,False,75,6,0,False,energy_depleted
sparse,0.7,8565,1,0.995,285,-383.0,True,77,4,0,True,goal_reached
sparse,0.7,8565,2,0.990025,500,-1046.0,False,124,10,0,True,energy_depleted
sparse,0.7,8565,3,0.985074875,500,-1240.0,False,165,13,0,True,energy_depleted
sparse,0.7,8565,4,0.980149500625,500,-1002.0,False,108,7,0,False,energy_depleted
sparse,0.7,8565,5,0.975248753121875,500,-1026.0,False,114,7,0,False,energy_depleted
sparse,0.7,8565,6,0.9703725093562656,500,-1180.0,False,109,24,1,False,energy_depleted
sparse,0.7,8565,7,0.9655206468094842,500,-1234.0,False,146,20,0,True,energy_depleted
sparse,0.7,8565,8,0.9606930435754368,500,-1004.0,False,126,0,0,False,energy_depleted
sparse,0.7,8565,9,0.9558895783575596,500,-912.0,False,103,0,0,False,energy_depleted
sparse,0.7,8565,10,0.9511101304657719,500,-1148.0,False,147,6,0,False,energy_depleted
sparse,0.7,8565,11,0.946354579813443,500,-1042.0,False,123,10,0,True,energy_depleted
sparse,0.7,8565,12,0.9416228069143757,500,-1026.0,False,114,7,0,False,energy_depleted
sparse,0.7,8565,13,0.9369146928798039,500,-1058.0,False,117,14,0,True,energy_depleted
sparse,0.7,8565,14,0.9322301194154049,500,-1210.0,False,125,21,0,False,energy_depleted
sparse,0.7,8565,15,0.9275689688183278,500,-1150.0,False,125,15,0,False,energy_depleted
sparse,0.7,8565,16,0.9229311239742362,500,-1164.0,False,126,16,0,False,energy_depleted
sparse,0.7,8565,17,0.918316468354365,500,-1128.0,False,147,9,0,True,energy_depleted
sparse,0.7,8565,18,0.9137248860125932,500,-964.0,False,111,2,0,False,energy_depleted
sparse,0.7,8565,19,0.9091562615825302,500,-1050.0,False,145,2,0,True,energy_depleted
sparse,0.7,8565,20,0.9046104802746175,500,-1038.0,False,137,4,0,True,energy_depleted
sparse,0.7,8565,21,0.9000874278732445,500,-1254.0,False,136,26,0,True,energy_depleted
sparse,0.7,8565,22,0.8955869907338783,500,-1306.0,False,159,17,0,False,energy_depleted
sparse,0.7,8565,23,0.8911090557802088,500,-1116.0,False,134,8,0,False,energy_depleted
sparse,0.7,8565,24,0.8866535105013078,500,-1194.0,False,151,9,0,False,energy_depleted
sparse,0.7,8565,25,0.8822202429488012,500,-968.0,False,112,7,0,True,energy_depleted
sparse,0.7,8565,26,0.8778091417340572,500,-1068.0,False,122,8,0,False,energy_depleted
sparse,0.7,8565,27,0.873420096025387,500,-1242.0,False,158,16,0,True,energy_depleted
sparse,0.7,8565,28,0.86905299554526,500,-964.0,False,116,0,0,False,energy_depleted
sparse,0.7,8565,29,0.8647077305675337,500,-1232.0,False,168,6,0,False,energy_depleted
sparse,0.7,8565,30,0.8603841919146961,500,-992.0,False,123,5,0,True,energy_depleted
sparse,0.7,8565,31,0.8560822709551226,500,-1144.0,False,141,13,0,True,energy_depleted
sparse,0.7,8565,32,0.8518018596003469,500,-1210.0,False,160,7,0,False,energy_depleted
sparse,0.7,8565,33,0.8475428503023452,500,-1084.0,False,141,7,0,True,energy_depleted
sparse,0.7,8565,34,0.8433051360508335,500,-1518.0,False,217,15,0,False,energy_depleted
sparse,0.7,8565,35,0.8390886103705792,500,-1316.0,False,184,13,0,True,energy_depleted
sparse,0.7,8565,36,0.8348931673187264,500,-1028.0,False,117,6,0,False,energy_depleted
sparse,0.7,8565,37,0.8307187014821328,500,-1082.0,False,138,3,0,False,energy_depleted
sparse,0.7,8565,38,0.826565107974722,500,-1272.0,False,163,12,0,False,energy_depleted
sparse,0.7,8565,39,0.8224322824348484,500,-1112.0,False,138,6,0,False,energy_depleted
sparse,0.7,8565,40,0.8183201210226743,500,-1122.0,False,158,4,0,True,energy_depleted
sparse,0.7,8565,41,0.8142285204175609,500,-1168.0,False,147,8,0,False,energy_depleted
sparse,0.7,8565,42,0.810157377815473,500,-1056.0,False,114,15,0,True,energy_depleted
sparse,0.7,8565,43,0.8061065909263957,500,-1342.0,False,163,19,0,False,energy_depleted
sparse,0.7,8565,44,0.8020760579717637,500,-1004.0,False,116,4,0,False,energy_depleted
sparse,0.7,8565,45,0.7980656776819048,500,-1256.0,False,149,16,0,False,energy_depleted
sparse,0.7,8565,46,0.7940753492934953,500,-1058.0,False,117,9,0,False,energy_depleted
sparse,0.7,8565,47,0.7901049725470278,500,-1068.0,False,127,6,0,False,energy_depleted
sparse,0.7,8565,48,0.7861544476842928,500,-1098.0,False,122,11,0,False,energy_depleted
sparse,0.7,8565,49,0.7822236754458712,500,-1066.0,False,129,10,0,True,energy_depleted
sparse,0.7,17944,0,1.0,500,-1010.0,False,120,3,0,False,energy_depleted
sparse,0.7,17944,1,0.995,500,-1204.0,False,131,18,0,False,energy_depleted
sparse,0.7,17944,2,0.990025,283,-291.0,True,57,3,0,True,goal_reached
sparse,0.7,17944,3,0.985074875,500,-922.0,False,111,2,2,True,energy_depleted
sparse,0.7,17944,4,0.980149500625,500,-1248.0,False,172,6,0,False,energy_depleted
sparse,0.7,17944,5,0.975248753121875,500,-992.0,False,133,1,0,True,energy_depleted
sparse,0.7,17944,6,0.9703725093562656,500,-956.0,False,114,0,0,False,energy_depleted
sparse,0.7,17944,7,0.9655206468094842,500,-890.0,False,85,5,0,False,energy_depleted
sparse,0.7,17944,8,0.9606930435754368,500,-1034.0,False,121,5,0,False,energy_depleted
sparse,0.7,17944,9,0.9558895783575596,500,-1098.0,False,152,4,0,True,energy_depleted
sparse,0.7,17944,10,0.9511101304657719,500,-892.0,False,108,1,0,True,energy_depleted
sparse,0.7,17944,11,0.946354579813443,500,-1328.0,False,142,26,0,False,energy_depleted
sparse,0.7,17944,12,0.9416228069143757,500,-1146.0,False,134,11,0,False,energy_depleted
sparse,0.7,17944,13,0.9369146928798039,500,-978.0,False,102,12,0,True,energy_depleted
sparse,0.7,17944,14,0.9322301194154049,500,-1016.0,False,119,4,0,False,energy_depleted
sparse,0.7,17944,15,0.9275689688183278,500,-1042.0,False,128,3,0,False,energy_depleted
sparse,0.7,17944,16,0.9229311239742362,500,-948.0,False,102,9,0,True,energy_depleted
sparse,0.7,17944,17,0.918316468354365,500,-1174.0,False,156,5,0,False,energy_depleted
sparse,0.7,17944,18,0.9137248860125932,500,-918.0,False,92,5,0,False,energy_depleted
sparse,0.7,17944,19,0.9091562615825302,500,-1128.0,False,137,8,0,False,energy_depleted
sparse,0.7,17944,20,0.9046104802746175,381,-571.0,True,95,6,0,True,goal_reached
sparse,0.7,17944,21,0.9000874278732445,500,-1314.0,False,171,13,0,False,energy_depleted
sparse,0.7,17944,22,0.8955869907338783,500,-1180.0,False,140,17,0,True,energy_depleted
sparse,0.7,17944,23,0.8911090557802088,500,-974.0,False,111,8,0,True,energy_depleted
sparse,0.7,17944,24,0.8866535105013078,500,-1012.0,False,114,4,4,False,energy_depleted
sparse,0.7,17944,25,0.8822202429488012,500,-1116.0,False,134,8,0,False,energy_depleted
sparse,0.7,17944,26,0.8778091417340572,500,-1142.0,False,158,6,0,True,energy_depleted
sparse,0.7,17944,27,0.873420096025387,500,-988.0,False,102,13,0,True,energy_depleted
sparse,0.7,17944,28,0.86905299554526,500,-968.0,False,117,0,0,False,energy_depleted
sparse,0.7,17944,29,0.8647077305675337,500,-1058.0,False,132,3,0,False,energy_depleted
sparse,0.7,17944,30,0.8603841919146961,500,-1124.0,False,146,9,0,True,energy_depleted
sparse,0.7,17944,31,0.8560822709551226,500,-1164.0,False,166,5,0,True,energy_depleted
sparse,0.7,17944,32,0.8518018596003469,500,-1094.0,False,131,7,0,False,energy_depleted
sparse,0.7,17944,33,0.8475428503023452,500,-1450.0,False,200,15,0,False,energy_depleted
sparse,0.7,17944,34,0.8433051360508335,500,-1038.0,False,127,8,0,True,energy_depleted
sparse,0.7,17944,35,0.8390886103705792,500,-1382.0,False,168,21,0,False,energy_depleted
sparse,0.7,17944,36,0.8348931673187264,500,-1090.0,False,135,10,0,True,energy_depleted
sparse,0.7,17944,37,0.8307187014821328,500,-1330.0,False,170,15,0,False,energy_depleted
sparse,0.7,17944,38,0.826565107974722,500,-1354.0,False,146,27,0,False,energy_depleted
sparse,0.7,17944,39,0.8224322824348484,500,-1158.0,False,142,9,0,False,energy_depleted
sparse,0.7,17944,40,0.8183201210226743,500,-1076.0,False,124,8,0,False,energy_depleted
sparse,0.7,17944,41,0.8142285204175609,500,-1180.0,False,150,13,0,True,energy_depleted
sparse,0.7,17944,42,0.810157377815473,500,-1044.0,False,126,4,0,False,energy_depleted
sparse,0.7,17944,43,0.8061065909263957,500,-958.0,False,112,1,0,False,energy_depleted
sparse,0.7,17944,44,0.8020760579717637,500,-1214.0,False,166,5,0,False,energy_depleted
sparse,0.7,17944,45,0.7980656776819048,500,-1070.0,False,115,11,0,False,energy_depleted
sparse,0.7,17944,46,0.7940753492934953,500,-1004.0,False,126,5,0,True,energy_depleted
sparse,0.7,17944,47,0.7901049725470278,500,-1128.0,False,132,10,0,False,energy_depleted
sparse,0.7,17944,48,0.7861544476842928,500,-1310.0,False,170,18,0,True,energy_depleted
sparse,0.7,17944,49,0.7822236754458712,500,-984.0,False,116,2,0,False,energy_depleted
sparse,0.7,81150,0,1.0,500,-1016.0,False,104,15,0,True,energy_depleted
sparse,0.7,81150,1,0.995,500,-938.0,False,112,4,0,True,energy_depleted
sparse,0.7,81150,2,0.990025,500,-1056.0,False,99,21,0,True,energy_depleted
sparse,0.7,81150,3,0.985074875,500,-902.0,False,97,6,1,True,energy_depleted
sparse,0.7,81150,4,0.980149500625,500,-1154.0,False,131,13,0,False,energy_depleted
sparse,0.7,81150,5,0.975248753121875,500,-846.0,False,89,4,0,True,energy_depleted
sparse,0.7,81150,6,0.9703725093562656,500,-1128.0,False,137,13,0,True,energy_depleted
sparse,0.7,81150,7,0.9655206468094842,500,-1110.0,False,130,14,0,True,energy_depleted
sparse,0.7,81150,8,0.9606930435754368,500,-948.0,False,112,5,0,True,energy_depleted
sparse,0.7,81150,9,0.9558895783575596,500,-1102.0,False,138,10,0,True,energy_depleted
sparse,0.7,81150,10,0.9511101304657719,500,-1326.0,False,164,17,0,False,energy_depleted
sparse,0.7,81150,11,0.946354579813443,500,-1062.0,False,143,4,0,True,energy_depleted
sparse,0.7,81150,12,0.9416228069143757,500,-1006.0,False,124,6,0,True,energy_depleted
sparse,0.7,81150,13,0.9369146928798039,500,-1148.0,False,147,6,0,False,energy_depleted
sparse,0.7,81150,14,0.9322301194154049,500,-1002.0,False,123,6,0,True,energy_depleted
sparse,0.7,81150,15,0.9275689688183278,500,-1028.0,False,112,13,0,True,energy_depleted
sparse,0.7,81150,16,0.9229311239742362,500,-1178.0,False,142,11,0,False,energy_depleted
sparse,0.7,81150,17,0.918316468354365,500,-1342.0,False,168,17,0,False,energy_depleted
sparse,0.7,81150,18,0.9137248860125932,500,-1084.0,False,151,3,0,True,energy_depleted
sparse,0.7,81150,19,0.9091562615825302,500,-1212.0,False,148,17,0,True,energy_depleted
sparse,0.7,81150,20,0.9046104802746175,500,-1086.0,False,131,5,3,False,energy_depleted
sparse,0.7,81150,21,0.9000874278732445,500,-1026.0,False,119,10,0,True,energy_depleted
sparse,0.7,81150,22,0.8955869907338783,500,-1018.0,False,122,8,0,True,energy_depleted
sparse,0.7,81150,23,0.8911090557802088,500,-1066.0,False,149,2,0,True,energy_depleted
sparse,0.7,81150,24,0.8866535105013078,500,-1000.0,False,110,6,0,False,energy_depleted
sparse,0.7,81150,25,0.8822202429488012,500,-1244.0,False,156,12,0,False,energy_depleted
sparse,0.7,81150,26,0.8778091417340572,500,-1098.0,False,122,16,0,True,energy_depleted
sparse,0.7,81150,27,0.873420096025387,500,-1132.0,False,143,11,0,True,energy_depleted
sparse,0.7,81150,28,0.86905299554526,500,-1050.0,False,120,12,0,True,energy_depleted
sparse,0.7,81150,29,0.8647077305675337,500,-1370.0,False,160,28,0,True,energy_depleted
sparse,0.7,81150,30,0.8603841919146961,500,-1162.0,False,138,11,0,False,energy_depleted
sparse,0.7,81150,31,0.8560822709551226,500,-1106.0,False,134,7,0,False,energy_depleted
sparse,0.7,81150,32,0.8518018596003469,500,-1346.0,False,169,17,0,False,energy_depleted
sparse,0.7,81150,33,0.8475428503023452,500,-884.0,False,91,2,0,False,energy_depleted
sparse,0.7,81150,34,0.8433051360508335,500,-1254.0,False,156,13,0,False,energy_depleted
sparse,0.7,81150,35,0.8390886103705792,500,-1160.0,False,150,6,0,False,energy_depleted
sparse,0.7,81150,36,0.8348931673187264,500,-1202.0,False,178,4,0,True,energy_depleted
sparse,0.7,81150,37,0.8307187014821328,500,-982.0,False,98,9,0,False,energy_depleted
sparse,0.7,81150,38,0.826565107974722,500,-1268.0,False,157,19,0,True,energy_depleted
sparse,0.7,81150,39,0.8224322824348484,500,-1082.0,False,143,6,0,True,energy_depleted
sparse,0.7,81150,40,0.8183201210226743,500,-1102.0,False,143,3,0,False,energy_depleted
sparse,0.7,81150,41,0.8142285204175609,500,-1128.0,False,162,3,0,True,energy_depleted
sparse,0.7,81150,42,0.810157377815473,500,-1126.0,False,154,1,0,False,energy_depleted
sparse,0.7,81150,43,0.8061065909263957,500,-914.0,False,101,1,0,False,energy_depleted
sparse,0.7,81150,44,0.8020760579717637,500,-1042.0,False,133,1,0,False,energy_depleted
sparse,0.7,81150,45,0.7980656776819048,500,-1224.0,False,171,9,0,True,energy_depleted
sparse,0.7,81150,46,0.7940753492934953,500,-1298.0,False,172,16,0,True,energy_depleted
sparse,0.7,81150,47,0.7901049725470278,500,-1080.0,False,125,8,0,False,energy_depleted
sparse,0.7,81150,48,0.7861544476842928,500,-1100.0,False,145,2,0,False,energy_depleted
sparse,0.7,81150,49,0.7822236754458712,500,-1044.0,False,106,12,0,False,energy_depleted
sparse,0.9,8565,0,1.0,500,-860.0,False,75,6,0,False,energy_depleted
sparse,0.9,8565,1,0.995,285,-383.0,True,77,4,0,True,goal_reached
sparse,0.9,8565,2,0.990025,500,-1046.0,False,124,10,0,True,energy_depleted
sparse,0.9,8565,3,0.985074875,500,-1240.0,False,165,13,0,True,energy_depleted
sparse,0.9,8565,4,0.980149500625,500,-1002.0,False,108,7,0,False,energy_depleted
sparse,0.9,8565,5,0.975248753121875,500,-1026.0,False,114,7,0,False,energy_depleted
sparse,0.9,8565,6,0.9703725093562656,500,-1180.0,False,109,24,1,False,energy_depleted
sparse,0.9,8565,7,0.9655206468094842,500,-1234.0,False,146,20,0,True,energy_depleted
sparse,0.9,8565,8,0.9606930435754368,500,-1004.0,False,126,0,0,False,energy_depleted
sparse,0.9,8565,9,0.9558895783575596,500,-912.0,False,103,0,0,False,energy_depleted
sparse,0.9,8565,10,0.9511101304657719,500,-1148.0,False,147,6,0,False,energy_depleted
sparse,0.9,8565,11,0.946354579813443,500,-1042.0,False,123,10,0,True,energy_depleted
sparse,0.9,8565,12,0.9416228069143757,500,-1026.0,False,114,7,0,False,energy_depleted
sparse,0.9,8565,13,0.9369146928798039,500,-1058.0,False,117,14,0,True,energy_depleted
sparse,0.9,8565,14,0.9322301194154049,500,-1210.0,False,125,21,0,False,energy_depleted
sparse,0.9,8565,15,0.9275689688183278,500,-1150.0,False,125,15,0,False,energy_depleted
sparse,0.9,8565,16,0.9229311239742362,500,-1164.0,False,126,16,0,False,energy_depleted
sparse,0.9,8565,17,0.918316468354365,500,-1128.0,False,147,9,0,True,energy_depleted
sparse,0.9,8565,18,0.9137248860125932,500,-964.0,False,111,2,0,False,energy_depleted
sparse,0.9,8565,19,0.9091562615825302,500,-1050.0,False,145,2,0,True,energy_depleted
sparse,0.9,8565,20,0.9046104802746175,500,-1038.0,False,137,4,0,True,energy_depleted
sparse,0.9,8565,21,0.9000874278732445,500,-1254.0,False,136,26,0,True,energy_depleted
sparse,0.9,8565,22,0.8955869907338783,500,-1306.0,False,159,17,0,False,energy_depleted
sparse,0.9,8565,23,0.8911090557802088,500,-1116.0,False,134,8,0,False,energy_depleted
sparse,0.9,8565,24,0.8866535105013078,500,-1194.0,False,151,9,0,False,energy_depleted
sparse,0.9,8565,25,0.8822202429488012,500,-968.0,False,112,7,0,True,energy_depleted
sparse,0.9,8565,26,0.8778091417340572,500,-1068.0,False,122,8,0,False,energy_depleted
sparse,0.9,8565,27,0.873420096025387,500,-1242.0,False,158,16,0,True,energy_depleted
sparse,0.9,8565,28,0.86905299554526,500,-964.0,False,116,0,0,False,energy_depleted
sparse,0.9,8565,29,0.8647077305675337,500,-1232.0,False,168,6,0,False,energy_depleted
sparse,0.9,8565,30,0.8603841919146961,500,-1000.0,False,125,5,0,True,energy_depleted
sparse,0.9,8565,31,0.8560822709551226,500,-1152.0,False,143,13,0,True,energy_depleted
sparse,0.9,8565,32,0.8518018596003469,500,-1218.0,False,162,7,0,False,energy_depleted
sparse,0.9,8565,33,0.8475428503023452,500,-1092.0,False,143,7,0,True,energy_depleted
sparse,0.9,8565,34,0.8433051360508335,500,-1518.0,False,217,15,0,False,energy_depleted
sparse,0.9,8565,35,0.8390886103705792,500,-1316.0,False,184,13,0,True,energy_depleted
sparse,0.9,8565,36,0.8348931673187264,500,-1044.0,False,121,6,0,False,energy_depleted
sparse,0.9,8565,37,0.8307187014821328,500,-1082.0,False,138,3,0,False,energy_depleted
sparse,0.9,8565,38,0.826565107974722,500,-1244.0,False,131,22,0,False,energy_depleted
sparse,0.9,8565,39,0.8224322824348484,500,-1128.0,False,142,6,0,False,energy_depleted
sparse,0.9,8565,40,0.8183201210226743,500,-1098.0,False,152,4,0,True,energy_depleted
sparse,0.9,8565,41,0.8142285204175609,500,-1168.0,False,147,8,0,False,energy_depleted
sparse,0.9,8565,42,0.810157377815473,500,-1056.0,False,114,15,0,True,energy_depleted
sparse,0.9,8565,43,0.8061065909263957,500,-1310.0,False,155,19,0,False,energy_depleted
sparse,0.9,8565,44,0.8020760579717637,500,-1012.0,False,118,4,0,False,energy_depleted
sparse,0.9,8565,45,0.7980656776819048,500,-1248.0,False,147,16,0,False,energy_depleted
sparse,0.9,8565,46,0.7940753492934953,500,-1036.0,False,119,6,0,False,energy_depleted
sparse,0.9,8565,47,0.7901049725470278,500,-1076.0,False,129,6,0,False,energy_depleted
sparse,0.9,8565,48,0.7861544476842928,500,-1078.0,False,122,9,0,False,energy_depleted
sparse,0.9,8565,49,0.7822236754458712,500,-1100.0,False,135,11,0,True,energy_depleted
sparse,0.9,17944,0,1.0,500,-1010.0,False,120,3,0,False,energy_depleted
sparse,0.9,17944,1,0.995,500,-1204.0,False,131,18,0,False,energy_depleted
sparse,0.9,17944,2,0.990025,283,-291.0,True,57,3,0,True,goal_reached
sparse,0.9,17944,3,0.985074875,500,-922.0,False,111,2,2,True,energy_depleted
sparse,0.9,17944,4,0.980149500625,500,-1248.0,False,172,6,0,False,energy_depleted
sparse,0.9,17944,5,0.975248753121875,500,-992.0,False,133,1,0,True,energy_depleted
sparse,0.9,17944,6,0.9703725093562656,500,-956.0,False,114,0,0,False,energy_depleted
sparse,0.9,17944,7,0.9655206468094842,500,-890.0,False,85,5,0,False,energy_depleted
sparse,0.9,17944,8,0.9606930435754368,500,-1034.0,False,121,5,0,False,energy_depleted
sparse,0.9,17944,9,0.9558895783575596,500,-1098.0,False,152,4,0,True,energy_depleted
sparse,0.9,17944,10,0.9511101304657719,500,-892.0,False,108,1,0,True,energy_depleted
sparse,0.9,17944,11,0.946354579813443,500,-1328.0,False,142,26,0,False,energy_depleted
sparse,0.9,17944,12,0.9416228069143757,500,-1146.0,False,134,11,0,False,energy_depleted
sparse,0.9,17944,13,0.9369146928798039,500,-978.0,False,102,12,0,True,energy_depleted
sparse,0.9,17944,14,0.9322301194154049,500,-1016.0,False,119,4,0,False,energy_depleted
sparse,0.9,17944,15,0.9275689688183278,500,-1042.0,False,128,3,0,False,energy_depleted
sparse,0.9,17944,16,0.9229311239742362,500,-948.0,False,102,9,0,True,energy_depleted
sparse,0.9,17944,17,0.918316468354365,500,-1174.0,False,156,5,0,False,energy_depleted
sparse,0.9,17944,18,0.9137248860125932,500,-918.0,False,92,5,0,False,energy_depleted
sparse,0.9,17944,19,0.9091562615825302,500,-1128.0,False,137,8,0,False,energy_depleted
sparse,0.9,17944,20,0.9046104802746175,381,-571.0,True,95,6,0,True,goal_reached
sparse,0.9,17944,21,0.9000874278732445,500,-1314.0,False,171,13,0,False,energy_depleted
sparse,0.9,17944,22,0.8955869907338783,500,-1180.0,False,140,17,0,True,energy_depleted
sparse,0.9,17944,23,0.8911090557802088,500,-974.0,False,111,8,0,True,energy_depleted
sparse,0.9,17944,24,0.8866535105013078,500,-1012.0,False,114,4,4,False,energy_depleted
sparse,0.9,17944,25,0.8822202429488012,500,-1116.0,False,134,8,0,False,energy_depleted
sparse,0.9,17944,26,0.8778091417340572,500,-1142.0,False,158,6,0,True,energy_depleted
sparse,0.9,17944,27,0.873420096025387,500,-988.0,False,102,13,0,True,energy_depleted
sparse,0.9,17944,28,0.86905299554526,500,-968.0,False,117,0,0,False,energy_depleted
sparse,0.9,17944,29,0.8647077305675337,500,-1058.0,False,132,3,0,False,energy_depleted
sparse,0.9,17944,30,0.8603841919146961,500,-1124.0,False,146,9,0,True,energy_depleted
sparse,0.9,17944,31,0.8560822709551226,500,-1068.0,False,132,4,0,False,energy_depleted
sparse,0.9,17944,32,0.8518018596003469,500,-1074.0,False,121,9,0,False,energy_depleted
sparse,0.9,17944,33,0.8475428503023452,500,-1450.0,False,200,15,0,False,energy_depleted
sparse,0.9,17944,34,0.8433051360508335,500,-1046.0,False,129,8,0,True,energy_depleted
sparse,0.9,17944,35,0.8390886103705792,500,-1382.0,False,168,21,0,False,energy_depleted
sparse,0.9,17944,36,0.8348931673187264,500,-1090.0,False,135,10,0,True,energy_depleted
sparse,0.9,17944,37,0.8307187014821328,500,-1330.0,False,170,15,0,False,energy_depleted
sparse,0.9,17944,38,0.826565107974722,500,-1350.0,False,145,27,0,False,energy_depleted
sparse,0.9,17944,39,0.8224322824348484,500,-1102.0,False,128,9,0,False,energy_depleted
sparse,0.9,17944,40,0.8183201210226743,500,-1076.0,False,124,8,0,False,energy_depleted
sparse,0.9,17944,41,0.8142285204175609,500,-1204.0,False,156,13,0,True,energy_depleted
sparse,0.9,17944,42,0.810157377815473,500,-1052.0,False,128,4,0,False,energy_depleted
sparse,0.9,17944,43,0.8061065909263957,500,-1018.0,False,127,1,0,False,energy_depleted
sparse,0.9,17944,44,0.8020760579717637,500,-1158.0,False,142,9,0,False,energy_depleted
sparse,0.9,17944,45,0.7980656776819048,500,-1060.0,False,110,12,0,False,energy_depleted
sparse,0.9,17944,46,0.7940753492934953,500,-1012.0,False,128,5,0,True,energy_depleted
sparse,0.9,17944,47,0.7901049725470278,500,-1122.0,False,128,11,0,False,energy_depleted
sparse,0.9,17944,48,0.7861544476842928,500,-1324.0,False,171,14,0,False,energy_depleted
sparse,0.9,17944,49,0.7822236754458712,500,-976.0,False,114,2,0,False,energy_depleted
sparse,0.9,81150,0,1.0,500,-1016.0,False,104,15,0,True,energy_depleted
sparse,0.9,81150,1,0.995,500,-938.0,False,112,4,0,True,energy_depleted
sparse,0.9,81150,2,0.990025,500,-1056.0,False,99,21,0,True,energy_depleted
sparse,0.9,81150,3,0.985074875,500,-902.0,False,97,6,1,True,energy_depleted
sparse,0.9,81150,4,0.980149500625,500,-1154.0,False,131,13,0,False,energy_depleted
sparse,0.9,81150,5,0.975248753121875,500,-846.0,False,89,4,0,True,energy_depleted
sparse,0.9,81150,6,0.9703725093562656,500,-1128.0,False,137,13,0,True,energy_depleted
sparse,0.9,81150,7,0.9655206468094842,500,-1110.0,False,130,14,0,True,energy_depleted
sparse,0.9,81150,8,0.9606930435754368,500,-948.0,False,112,5,0,True,energy_depleted
sparse,0.9,81150,9,0.9558895783575596,500,-1102.0,False,138,10,0,True,energy_depleted
sparse,0.9,81150,10,0.9511101304657719,500,-1326.0,False,164,17,0,False,energy_depleted
sparse,0.9,81150,11,0.946354579813443,500,-1062.0,False,143,4,0,True,energy_depleted
sparse,0.9,81150,12,0.9416228069143757,500,-1006.0,False,124,6,0,True,energy_depleted
sparse,0.9,81150,13,0.9369146928798039,500,-1156.0,False,149,6,0,False,energy_depleted
sparse,0.9,81150,14,0.9322301194154049,500,-1002.0,False,123,6,0,True,energy_depleted
sparse,0.9,81150,15,0.9275689688183278,500,-1028.0,False,112,13,0,True,energy_depleted
sparse,0.9,81150,16,0.9229311239742362,500,-1178.0,False,142,11,0,False,energy_depleted
sparse,0.9,81150,17,0.918316468354365,500,-1342.0,False,168,17,0,False,energy_depleted
sparse,0.9,81150,18,0.9137248860125932,500,-1084.0,False,151,3,0,True,energy_depleted
sparse,0.9,81150,19,0.9091562615825302,500,-1212.0,False,148,17,0,True,energy_depleted
sparse,0.9,81150,20,0.9046104802746175,500,-1086.0,False,131,5,3,False,energy_depleted
sparse,0.9,81150,21,0.9000874278732445,500,-1026.0,False,119,10,0,True,energy_depleted
sparse,0.9,81150,22,0.8955869907338783,500,-1018.0,False,122,8,0,True,energy_depleted
sparse,0.9,81150,23,0.8911090557802088,500,-1066.0,False,149,2,0,True,energy_depleted
sparse,0.9,81150,24,0.8866535105013078,500,-1000.0,False,110,6,0,False,energy_depleted
sparse,0.9,81150,25,0.8822202429488012,500,-1244.0,False,156,12,0,False,energy_depleted
sparse,0.9,81150,26,0.8778091417340572,500,-1098.0,False,122,16,0,True,energy_depleted
sparse,0.9,81150,27,0.873420096025387,500,-1140.0,False,145,11,0,True,energy_depleted
sparse,0.9,81150,28,0.86905299554526,500,-1050.0,False,120,12,0,True,energy_depleted
sparse,0.9,81150,29,0.8647077305675337,500,-1370.0,False,160,28,0,True,energy_depleted
sparse,0.9,81150,30,0.8603841919146961,500,-1162.0,False,138,11,0,False,energy_depleted
sparse,0.9,81150,31,0.8560822709551226,500,-1106.0,False,134,7,0,False,energy_depleted
sparse,0.9,81150,32,0.8518018596003469,500,-1330.0,False,165,17,0,False,energy_depleted
sparse,0.9,81150,33,0.8475428503023452,500,-876.0,False,89,2,0,False,energy_depleted
sparse,0.9,81150,34,0.8433051360508335,500,-1062.0,False,118,9,0,False,energy_depleted
sparse,0.9,81150,35,0.8390886103705792,500,-1194.0,False,166,8,0,True,energy_depleted
sparse,0.9,81150,36,0.8348931673187264,500,-1124.0,False,156,5,0,True,energy_depleted
sparse,0.9,81150,37,0.8307187014821328,500,-982.0,False,98,9,0,False,energy_depleted
sparse,0.9,81150,38,0.826565107974722,500,-1306.0,False,149,26,0,True,energy_depleted
sparse,0.9,81150,39,0.8224322824348484,500,-1062.0,False,138,6,0,True,energy_depleted
sparse,0.9,81150,40,0.8183201210226743,500,-1094.0,False,141,3,0,False,energy_depleted
sparse,0.9,81150,41,0.8142285204175609,500,-1088.0,False,152,3,0,True,energy_depleted
sparse,0.9,81150,42,0.810157377815473,500,-1158.0,False,162,1,0,False,energy_depleted
sparse,0.9,81150,43,0.8061065909263957,500,-898.0,False,97,1,0,False,energy_depleted
sparse,0.9,81150,44,0.8020760579717637,500,-1042.0,False,133,1,0,False,energy_depleted
sparse,0.9,81150,45,0.7980656776819048,500,-1274.0,False,171,14,0,True,energy_depleted
sparse,0.9,81150,46,0.7940753492934953,500,-1248.0,False,142,23,0,True,energy_depleted
sparse,0.9,81150,47,0.7901049725470278,500,-1094.0,False,141,3,0,False,energy_depleted
sparse,0.9,81150,48,0.7861544476842928,500,-1094.0,False,141,3,0,False,energy_depleted
sparse,0.9,81150,49,0.7822236754458712,500,-1144.0,False,131,12,0,False,energy_depleted
