episode,step,r,c,has_key,energy,action,E
4900,0,1,1,0,100,1,0.855
4900,1,1,1,0,100,1,0.7310249999999999
4900,1,2,1,0,99,3,0.855
4900,2,1,1,0,100,1,0.6250263749999999
4900,2,2,1,0,99,3,0.7310249999999999
4900,2,1,1,0,98,3,0.855
4900,3,1,1,0,100,1,0.5343975506249999
4900,3,2,1,0,99,3,0.6250263749999999
4900,3,1,1,0,98,3,0.7310249999999999
4900,3,1,2,0,97,1,0.855
4900,4,1,1,0,100,1,0.45690990578437496
4900,4,2,1,0,99,3,0.5343975506249999
4900,4,1,1,0,98,3,0.6250263749999999
4900,4,1,2,0,97,1,0.7310249999999999
4900,4,2,2,0,96,3,0.855
4900,5,1,1,0,100,1,0.3906579694456406
4900,5,2,1,0,99,3,0.45690990578437496
4900,5,1,1,0,98,3,0.5343975506249999
4900,5,1,2,0,97,1,0.6250263749999999
4900,5,2,2,0,96,3,0.7310249999999999
4900,5,2,3,0,95,0,0.855
4900,6,1,1,0,100,1,0.3340125638760227
4900,6,2,1,0,99,3,0.3906579694456406
4900,6,1,1,0,98,3,0.45690990578437496
4900,6,1,2,0,97,1,0.5343975506249999
4900,6,2,2,0,96,3,0.6250263749999999
4900,6,2,3,0,95,0,0.7310249999999999
4900,6,2,2,0,94,1,0.855
4900,7,1,1,0,100,1,0.28558074211399936
4900,7,2,1,0,99,3,0.3340125638760227
4900,7,1,1,0,98,3,0.3906579694456406
4900,7,1,2,0,97,1,0.45690990578437496
4900,7,2,2,0,96,3,0.5343975506249999
4900,7,2,3,0,95,0,0.6250263749999999
4900,7,2,2,0,94,1,0.7310249999999999
4900,7,3,2,0,93,2,0.855
4900,8,1,1,0,100,1,0.24417153450746945
4900,8,2,1,0,99,3,0.28558074211399936
4900,8,1,1,0,98,3,0.3340125638760227
4900,8,1,2,0,97,1,0.3906579694456406
4900,8,2,2,0,96,3,0.45690990578437496
4900,8,2,3,0,95,0,0.5343975506249999
4900,8,2,2,0,94,1,0.6250263749999999
4900,8,3,2,0,93,2,0.7310249999999999
4900,8,2,2,0,92,1,0.855
4900,9,1,1,0,100,1,0.20876666200388638
4900,9,2,1,0,99,3,0.24417153450746945
4900,9,1,1,0,98,3,0.28558074211399936
4900,9,1,2,0,97,1,0.3340125638760227
4900,9,2,2,0,96,3,0.3906579694456406
4900,9,2,3,0,95,0,0.45690990578437496
4900,9,2,2,0,94,1,0.5343975506249999
4900,9,3,2,0,93,2,0.6250263749999999
4900,9,2,2,0,92,1,0.7310249999999999
4900,9,3,2,0,91,0,0.855
4900,10,1,1,0,100,1,0.17849549601332285
4900,10,2,1,0,99,3,0.20876666200388638
4900,10,1,1,0,98,3,0.24417153450746945
4900,10,1,2,0,97,1,0.28558074211399936
4900,10,2,2,0,96,3,0.3340125638760227
4900,10,2,3,0,95,0,0.3906579694456406
4900,10,2,2,0,94,1,0.45690990578437496
4900,10,3,2,0,93,2,0.5343975506249999
4900,10,2,2,0,92,1,0.6250263749999999
4900,10,3,2,0,91,0,0.7310249999999999
4900,10,2,2,0,90,1,0.855
4900,11,1,1,0,100,1,0.15261364909139102
4900,11,2,1,0,99,3,0.17849549601332285
4900,11,1,1,0,98,3,0.20876666200388638
4900,11,1,2,0,97,1,0.24417153450746945
4900,11,2,2,0,96,3,0.28558074211399936
4900,11,2,3,0,95,0,0.3340125638760227
4900,11,2,2,0,94,1,0.3906579694456406
4900,11,3,2,0,93,2,0.45690990578437496
4900,11,2,2,0,92,1,0.5343975506249999
4900,11,3,2,0,91,0,0.6250263749999999
4900,11,2,2,0,90,1,0.7310249999999999
4900,11,3,2,0,89,0,0.855
4900,12,1,1,0,100,1,0.13048466997313932
4900,12,2,1,0,99,3,0.15261364909139102
4900,12,1,1,0,98,3,0.17849549601332285
4900,12,1,2,0,97,1,0.20876666200388638
4900,12,2,2,0,96,3,0.24417153450746945
4900,12,2,3,0,95,0,0.28558074211399936
4900,12,2,2,0,94,1,0.3340125638760227
4900,12,3,2,0,93,2,0.3906579694456406
4900,12,2,2,0,92,1,0.45690990578437496
4900,12,3,2,0,91,0,0.5343975506249999
4900,12,2,2,0,90,1,0.6250263749999999
4900,12,3,2,0,89,0,0.7310249999999999
4900,12,2,2,0,88,1,0.855
4900,13,1,1,0,100,1,0.11156439282703412
4900,13,2,1,0,99,3,0.13048466997313932
4900,13,1,1,0,98,3,0.15261364909139102
4900,13,1,2,0,97,1,0.17849549601332285
4900,13,2,2,0,96,3,0.20876666200388638
4900,13,2,3,0,95,0,0.24417153450746945
4900,13,2,2,0,94,1,0.28558074211399936
4900,13,3,2,0,93,2,0.3340125638760227
4900,13,2,2,0,92,1,0.3906579694456406
4900,13,3,2,0,91,0,0.45690990578437496
4900,13,2,2,0,90,1,0.5343975506249999
4900,13,3,2,0,89,0,0.6250263749999999
4900,13,2,2,0,88,1,0.7310249999999999
4900,13,3,2,0,87,3,0.855
4900,14,1,1,0,100,1,0.09538755586711417
4900,14,2,1,0,99,3,0.11156439282703412
4900,14,1,1,0,98,3,0.13048466997313932
4900,14,1,2,0,97,1,0.15261364909139102
4900,14,2,2,0,96,3,0.17849549601332285
4900,14,2,3,0,95,0,0.20876666200388638
4900,14,2,2,0,94,1,0.24417153450746945
4900,14,3,2,0,93,2,0.28558074211399936
4900,14,2,2,0,92,1,0.3340125638760227
4900,14,3,2,0,91,0,0.3906579694456406
4900,14,2,2,0,90,1,0.45690990578437496
4900,14,3,2,0,89,0,0.5343975506249999
4900,14,2,2,0,88,1,0.6250263749999999
4900,14,3,2,0,87,3,0.7310249999999999
4900,14,3,3,0,86,1,0.855
4900,15,1,1,0,100,1,0.08155636026638262
4900,15,2,1,0,99,3,0.09538755586711417
4900,15,1,1,0,98,3,0.11156439282703412
4900,15,1,2,0,97,1,0.13048466997313932
4900,15,2,2,0,96,3,0.15261364909139102
4900,15,2,3,0,95,0,0.17849549601332285
4900,15,2,2,0,94,1,0.20876666200388638
4900,15,3,2,0,93,2,0.24417153450746945
4900,15,2,2,0,92,1,0.28558074211399936
4900,15,3,2,0,91,0,0.3340125638760227
4900,15,2,2,0,90,1,0.3906579694456406
4900,15,3,2,0,89,0,0.45690990578437496
4900,15,2,2,0,88,1,0.5343975506249999
4900,15,3,2,0,87,3,0.6250263749999999
4900,15,3,3,0,86,1,0.7310249999999999
4900,15,4,3,0,85,1,0.855
4900,16,1,1,0,100,1,0.06973068802775714
4900,16,2,1,0,99,3,0.08155636026638262
4900,16,1,1,0,98,3,0.09538755586711417
4900,16,1,2,0,97,1,0.11156439282703412
4900,16,2,2,0,96,3,0.13048466997313932
4900,16,2,3,0,95,0,0.15261364909139102
4900,16,2,2,0,94,1,0.17849549601332285
4900,16,3,2,0,93,2,0.20876666200388638
4900,16,2,2,0,92,1,0.24417153450746945
4900,16,3,2,0,91,0,0.28558074211399936
4900,16,2,2,0,90,1,0.3340125638760227
4900,16,3,2,0,89,0,0.3906579694456406
4900,16,2,2,0,88,1,0.45690990578437496
4900,16,3,2,0,87,3,0.5343975506249999
4900,16,3,3,0,86,1,0.6250263749999999
4900,16,4,3,0,85,1,0.7310249999999999
4900,16,5,3,0,84,0,0.855
4900,17,1,1,0,100,1,0.059619738263732354
4900,17,2,1,0,99,3,0.06973068802775714
4900,17,1,1,0,98,3,0.08155636026638262
4900,17,1,2,0,97,1,0.09538755586711417
4900,17,2,2,0,96,3,0.11156439282703412
4900,17,2,3,0,95,0,0.13048466997313932
4900,17,2,2,0,94,1,0.15261364909139102
4900,17,3,2,0,93,2,0.17849549601332285
4900,17,2,2,0,92,1,0.20876666200388638
4900,17,3,2,0,91,0,0.24417153450746945
4900,17,2,2,0,90,1,0.28558074211399936
4900,17,3,2,0,89,0,0.3340125638760227
4900,17,2,2,0,88,1,0.3906579694456406
4900,17,3,2,0,87,3,0.45690990578437496
4900,17,3,3,0,86,1,0.5343975506249999
4900,17,4,3,0,85,1,0.6250263749999999
4900,17,5,3,0,84,0,0.7310249999999999
4900,17,5,4,0,83,3,0.855
4900,18,1,1,0,100,1,0.05097487621549116
4900,18,2,1,0,99,3,0.059619738263732354
4900,18,1,1,0,98,3,0.06973068802775714
4900,18,1,2,0,97,1,0.08155636026638262
4900,18,2,2,0,96,3,0.09538755586711417
4900,18,2,3,0,95,0,0.11156439282703412
4900,18,2,2,0,94,1,0.13048466997313932
4900,18,3,2,0,93,2,0.15261364909139102
4900,18,2,2,0,92,1,0.17849549601332285
4900,18,3,2,0,91,0,0.20876666200388638
4900,18,2,2,0,90,1,0.24417153450746945
4900,18,3,2,0,89,0,0.28558074211399936
4900,18,2,2,0,88,1,0.3340125638760227
4900,18,3,2,0,87,3,0.3906579694456406
4900,18,3,3,0,86,1,0.45690990578437496
4900,18,4,3,0,85,1,0.5343975506249999
4900,18,5,3,0,84,0,0.6250263749999999
4900,18,5,4,0,83,3,0.7310249999999999
4900,18,5,5,0,82,1,0.855
4900,19,1,1,0,100,1,0.043583519164244945
4900,19,2,1,0,99,3,0.05097487621549116
4900,19,1,1,0,98,3,0.059619738263732354
4900,19,1,2,0,97,1,0.06973068802775714
4900,19,2,2,0,96,3,0.08155636026638262
4900,19,2,3,0,95,0,0.09538755586711417
4900,19,2,2,0,94,1,0.11156439282703412
4900,19,3,2,0,93,2,0.13048466997313932
4900,19,2,2,0,92,1,0.15261364909139102
4900,19,3,2,0,91,0,0.17849549601332285
4900,19,2,2,0,90,1,0.20876666200388638
4900,19,3,2,0,89,0,0.24417153450746945
4900,19,2,2,0,88,1,0.28558074211399936
4900,19,3,2,0,87,3,0.3340125638760227
4900,19,3,3,0,86,1,0.3906579694456406
4900,19,4,3,0,85,1,0.45690990578437496
4900,19,5,3,0,84,0,0.5343975506249999
4900,19,5,4,0,83,3,0.6250263749999999
4900,19,5,5,0,82,1,0.7310249999999999
4900,19,6,5,0,81,1,0.855
4900,20,1,1,0,100,1,0.03726390888542943
4900,20,2,1,0,99,3,0.043583519164244945
4900,20,1,1,0,98,3,0.05097487621549116
4900,20,1,2,0,97,1,0.059619738263732354
4900,20,2,2,0,96,3,0.06973068802775714
4900,20,2,3,0,95,0,0.08155636026638262
4900,20,2,2,0,94,1,0.09538755586711417
4900,20,3,2,0,93,2,0.11156439282703412
4900,20,2,2,0,92,1,0.13048466997313932
4900,20,3,2,0,91,0,0.15261364909139102
4900,20,2,2,0,90,1,0.17849549601332285
4900,20,3,2,0,89,0,0.20876666200388638
4900,20,2,2,0,88,1,0.24417153450746945
4900,20,3,2,0,87,3,0.28558074211399936
4900,20,3,3,0,86,1,0.3340125638760227
4900,20,4,3,0,85,1,0.3906579694456406
4900,20,5,3,0,84,0,0.45690990578437496
4900,20,5,4,0,83,3,0.5343975506249999
4900,20,5,5,0,82,1,0.6250263749999999
4900,20,6,5,0,81,1,0.7310249999999999
4900,20,6,6,1,80,3,0.855
4900,21,1,1,0,100,1,0.03186064209704216
4900,21,2,1,0,99,3,0.03726390888542943
4900,21,1,1,0,98,3,0.043583519164244945
4900,21,1,2,0,97,1,0.05097487621549116
4900,21,2,2,0,96,3,0.059619738263732354
4900,21,2,3,0,95,0,0.06973068802775714
4900,21,2,2,0,94,1,0.08155636026638262
4900,21,3,2,0,93,2,0.09538755586711417
4900,21,2,2,0,92,1,0.11156439282703412
4900,21,3,2,0,91,0,0.13048466997313932
4900,21,2,2,0,90,1,0.15261364909139102
4900,21,3,2,0,89,0,0.17849549601332285
4900,21,2,2,0,88,1,0.20876666200388638
4900,21,3,2,0,87,3,0.24417153450746945
4900,21,3,3,0,86,1,0.28558074211399936
4900,21,4,3,0,85,1,0.3340125638760227
4900,21,5,3,0,84,0,0.3906579694456406
4900,21,5,4,0,83,3,0.45690990578437496
4900,21,5,5,0,82,1,0.5343975506249999
4900,21,6,5,0,81,1,0.6250263749999999
4900,21,6,6,1,80,3,0.7310249999999999
4900,21,6,7,1,79,3,0.855
4900,22,1,1,0,100,1,0.027240848992971047
4900,22,2,1,0,99,3,0.03186064209704216
4900,22,1,1,0,98,3,0.03726390888542943
4900,22,1,2,0,97,1,0.043583519164244945
4900,22,2,2,0,96,3,0.05097487621549116
4900,22,2,3,0,95,0,0.059619738263732354
4900,22,2,2,0,94,1,0.06973068802775714
4900,22,3,2,0,93,2,0.08155636026638262
4900,22,2,2,0,92,1,0.09538755586711417
4900,22,3,2,0,91,0,0.11156439282703412
4900,22,2,2,0,90,1,0.13048466997313932
4900,22,3,2,0,89,0,0.15261364909139102
4900,22,2,2,0,88,1,0.17849549601332285
4900,22,3,2,0,87,3,0.20876666200388638
4900,22,3,3,0,86,1,0.24417153450746945
4900,22,4,3,0,85,1,0.28558074211399936
4900,22,5,3,0,84,0,0.3340125638760227
4900,22,5,4,0,83,3,0.3906579694456406
4900,22,5,5,0,82,1,0.45690990578437496
4900,22,6,5,0,81,1,0.5343975506249999
4900,22,6,6,1,80,3,0.6250263749999999
4900,22,6,7,1,79,3,0.7310249999999999
4900,22,6,8,1,78,3,0.855
4900,23,1,1,0,100,1,0.023290925888990247
4900,23,2,1,0,99,3,0.027240848992971047
4900,23,1,1,0,98,3,0.03186064209704216
4900,23,1,2,0,97,1,0.03726390888542943
4900,23,2,2,0,96,3,0.043583519164244945
4900,23,2,3,0,95,0,0.05097487621549116
4900,23,2,2,0,94,1,0.059619738263732354
4900,23,3,2,0,93,2,0.06973068802775714
4900,23,2,2,0,92,1,0.08155636026638262
4900,23,3,2,0,91,0,0.09538755586711417
4900,23,2,2,0,90,1,0.11156439282703412
4900,23,3,2,0,89,0,0.13048466997313932
4900,23,2,2,0,88,1,0.15261364909139102
4900,23,3,2,0,87,3,0.17849549601332285
4900,23,3,3,0,86,1,0.20876666200388638
4900,23,4,3,0,85,1,0.24417153450746945
4900,23,5,3,0,84,0,0.28558074211399936
4900,23,5,4,0,83,3,0.3340125638760227
4900,23,5,5,0,82,1,0.3906579694456406
4900,23,6,5,0,81,1,0.45690990578437496
4900,23,6,6,1,80,3,0.5343975506249999
4900,23,6,7,1,79,3,0.6250263749999999
4900,23,6,8,1,78,3,0.7310249999999999
4900,23,6,9,1,77,0,0.855
4900,24,1,1,0,100,1,0.01991374163508666
4900,24,2,1,0,99,3,0.023290925888990247
4900,24,1,1,0,98,3,0.027240848992971047
4900,24,1,2,0,97,1,0.03186064209704216
4900,24,2,2,0,96,3,0.03726390888542943
4900,24,2,3,0,95,0,0.043583519164244945
4900,24,2,2,0,94,1,0.05097487621549116
4900,24,3,2,0,93,2,0.059619738263732354
4900,24,2,2,0,92,1,0.06973068802775714
4900,24,3,2,0,91,0,0.08155636026638262
4900,24,2,2,0,90,1,0.09538755586711417
4900,24,3,2,0,89,0,0.11156439282703412
4900,24,2,2,0,88,1,0.13048466997313932
4900,24,3,2,0,87,3,0.15261364909139102
4900,24,3,3,0,86,1,0.17849549601332285
4900,24,4,3,0,85,1,0.20876666200388638
4900,24,5,3,0,84,0,0.24417153450746945
4900,24,5,4,0,83,3,0.28558074211399936
4900,24,5,5,0,82,1,0.3340125638760227
4900,24,6,5,0,81,1,0.3906579694456406
4900,24,6,6,1,80,3,0.45690990578437496
4900,24,6,7,1,79,3,0.5343975506249999
4900,24,6,8,1,78,3,0.6250263749999999
4900,24,6,9,1,77,0,0.7310249999999999
4900,24,5,9,1,76,3,0.855
4900,25,1,1,0,100,1,0.01702624909799909
4900,25,2,1,0,99,3,0.01991374163508666
4900,25,1,1,0,98,3,0.023290925888990247
4900,25,1,2,0,97,1,0.027240848992971047
4900,25,2,2,0,96,3,0.03186064209704216
4900,25,2,3,0,95,0,0.03726390888542943
4900,25,2,2,0,94,1,0.043583519164244945
4900,25,3,2,0,93,2,0.05097487621549116
4900,25,2,2,0,92,1,0.059619738263732354
4900,25,3,2,0,91,0,0.06973068802775714
4900,25,2,2,0,90,1,0.08155636026638262
4900,25,3,2,0,89,0,0.09538755586711417
4900,25,2,2,0,88,1,0.11156439282703412
4900,25,3,2,0,87,3,0.13048466997313932
4900,25,3,3,0,86,1,0.15261364909139102
4900,25,4,3,0,85,1,0.17849549601332285
4900,25,5,3,0,84,0,0.20876666200388638
4900,25,5,4,0,83,3,0.24417153450746945
4900,25,5,5,0,82,1,0.28558074211399936
4900,25,6,5,0,81,1,0.3340125638760227
4900,25,6,6,1,80,3,0.3906579694456406
4900,25,6,7,1,79,3,0.45690990578437496
4900,25,6,8,1,78,3,0.5343975506249999
4900,25,6,9,1,77,0,0.6250263749999999
4900,25,5,9,1,76,3,0.7310249999999999
4900,25,5,10,1,75,0,0.855
4900,26,1,1,0,100,1,0.014557442978789224
4900,26,2,1,0,99,3,0.01702624909799909
4900,26,1,1,0,98,3,0.01991374163508666
4900,26,1,2,0,97,1,0.023290925888990247
4900,26,2,2,0,96,3,0.027240848992971047
4900,26,2,3,0,95,0,0.03186064209704216
4900,26,2,2,0,94,1,0.03726390888542943
4900,26,3,2,0,93,2,0.043583519164244945
4900,26,2,2,0,92,1,0.05097487621549116
4900,26,3,2,0,91,0,0.059619738263732354
4900,26,2,2,0,90,1,0.06973068802775714
4900,26,3,2,0,89,0,0.08155636026638262
4900,26,2,2,0,88,1,0.09538755586711417
4900,26,3,2,0,87,3,0.11156439282703412
4900,26,3,3,0,86,1,0.13048466997313932
4900,26,4,3,0,85,1,0.15261364909139102
4900,26,5,3,0,84,0,0.17849549601332285
4900,26,5,4,0,83,3,0.20876666200388638
4900,26,5,5,0,82,1,0.24417153450746945
4900,26,6,5,0,81,1,0.28558074211399936
4900,26,6,6,1,80,3,0.3340125638760227
4900,26,6,7,1,79,3,0.3906579694456406
4900,26,6,8,1,78,3,0.45690990578437496
4900,26,6,9,1,77,0,0.5343975506249999
4900,26,5,9,1,76,3,0.6250263749999999
4900,26,5,10,1,75,0,0.7310249999999999
4900,26,4,10,1,74,0,0.855
4900,27,1,1,0,100,1,0.012446613746864786
4900,27,2,1,0,99,3,0.014557442978789224
4900,27,1,1,0,98,3,0.01702624909799909
4900,27,1,2,0,97,1,0.01991374163508666
4900,27,2,2,0,96,3,0.023290925888990247
4900,27,2,3,0,95,0,0.027240848992971047
4900,27,2,2,0,94,1,0.03186064209704216
4900,27,3,2,0,93,2,0.03726390888542943
4900,27,2,2,0,92,1,0.043583519164244945
4900,27,3,2,0,91,0,0.05097487621549116
4900,27,2,2,0,90,1,0.059619738263732354
4900,27,3,2,0,89,0,0.06973068802775714
4900,27,2,2,0,88,1,0.08155636026638262
4900,27,3,2,0,87,3,0.09538755586711417
4900,27,3,3,0,86,1,0.11156439282703412
4900,27,4,3,0,85,1,0.13048466997313932
4900,27,5,3,0,84,0,0.15261364909139102
4900,27,5,4,0,83,3,0.17849549601332285
4900,27,5,5,0,82,1,0.20876666200388638
4900,27,6,5,0,81,1,0.24417153450746945
4900,27,6,6,1,80,3,0.28558074211399936
4900,27,6,7,1,79,3,0.3340125638760227
4900,27,6,8,1,78,3,0.3906579694456406
4900,27,6,9,1,77,0,0.45690990578437496
4900,27,5,9,1,76,3,0.5343975506249999
4900,27,5,10,1,75,0,0.6250263749999999
4900,27,4,10,1,74,0,0.7310249999999999
4900,27,3,10,1,73,0,0.855
4900,28,1,1,0,100,1,0.010641854753569392
4900,28,2,1,0,99,3,0.012446613746864786
4900,28,1,1,0,98,3,0.014557442978789224
4900,28,1,2,0,97,1,0.01702624909799909
4900,28,2,2,0,96,3,0.01991374163508666
4900,28,2,3,0,95,0,0.023290925888990247
4900,28,2,2,0,94,1,0.027240848992971047
4900,28,3,2,0,93,2,0.03186064209704216
4900,28,2,2,0,92,1,0.03726390888542943
4900,28,3,2,0,91,0,0.043583519164244945
4900,28,2,2,0,90,1,0.05097487621549116
4900,28,3,2,0,89,0,0.059619738263732354
4900,28,2,2,0,88,1,0.06973068802775714
4900,28,3,2,0,87,3,0.08155636026638262
4900,28,3,3,0,86,1,0.09538755586711417
4900,28,4,3,0,85,1,0.11156439282703412
4900,28,5,3,0,84,0,0.13048466997313932
4900,28,5,4,0,83,3,0.15261364909139102
4900,28,5,5,0,82,1,0.17849549601332285
4900,28,6,5,0,81,1,0.20876666200388638
4900,28,6,6,1,80,3,0.24417153450746945
4900,28,6,7,1,79,3,0.28558074211399936
4900,28,6,8,1,78,3,0.3340125638760227
4900,28,6,9,1,77,0,0.3906579694456406
4900,28,5,9,1,76,3,0.45690990578437496
4900,28,5,10,1,75,0,0.5343975506249999
4900,28,4,10,1,74,0,0.6250263749999999
4900,28,3,10,1,73,0,0.7310249999999999
4900,28,3,11,1,72,3,0.855
4900,29,1,1,0,100,1,0.00909878581430183
4900,29,2,1,0,99,3,0.010641854753569392
4900,29,1,1,0,98,3,0.012446613746864786
4900,29,1,2,0,97,1,0.014557442978789224
4900,29,2,2,0,96,3,0.01702624909799909
4900,29,2,3,0,95,0,0.01991374163508666
4900,29,2,2,0,94,1,0.023290925888990247
4900,29,3,2,0,93,2,0.027240848992971047
4900,29,2,2,0,92,1,0.03186064209704216
4900,29,3,2,0,91,0,0.03726390888542943
4900,29,2,2,0,90,1,0.043583519164244945
4900,29,3,2,0,89,0,0.05097487621549116
4900,29,2,2,0,88,1,0.059619738263732354
4900,29,3,2,0,87,3,0.06973068802775714
4900,29,3,3,0,86,1,0.08155636026638262
4900,29,4,3,0,85,1,0.09538755586711417
4900,29,5,3,0,84,0,0.11156439282703412
4900,29,5,4,0,83,3,0.13048466997313932
4900,29,5,5,0,82,1,0.15261364909139102
4900,29,6,5,0,81,1,0.17849549601332285
4900,29,6,6,1,80,3,0.20876666200388638
4900,29,6,7,1,79,3,0.24417153450746945
4900,29,6,8,1,78,3,0.28558074211399936
4900,29,6,9,1,77,0,0.3340125638760227
4900,29,5,9,1,76,3,0.3906579694456406
4900,29,5,10,1,75,0,0.45690990578437496
4900,29,4,10,1,74,0,0.5343975506249999
4900,29,3,10,1,73,0,0.6250263749999999
4900,29,3,11,1,72,3,0.7310249999999999
4900,29,3,12,1,71,3,0.855
4900,30,1,1,0,100,1,0.007779461871228065
4900,30,2,1,0,99,3,0.00909878581430183
4900,30,1,1,0,98,3,0.010641854753569392
4900,30,1,2,0,97,1,0.012446613746864786
4900,30,2,2,0,96,3,0.014557442978789224
4900,30,2,3,0,95,0,0.01702624909799909
4900,30,2,2,0,94,1,0.01991374163508666
4900,30,3,2,0,93,2,0.023290925888990247
4900,30,2,2,0,92,1,0.027240848992971047
4900,30,3,2,0,91,0,0.03186064209704216
4900,30,2,2,0,90,1,0.03726390888542943
4900,30,3,2,0,89,0,0.043583519164244945
4900,30,2,2,0,88,1,0.05097487621549116
4900,30,3,2,0,87,3,0.059619738263732354
4900,30,3,3,0,86,1,0.06973068802775714
4900,30,4,3,0,85,1,0.08155636026638262
4900,30,5,3,0,84,0,0.09538755586711417
4900,30,5,4,0,83,3,0.11156439282703412
4900,30,5,5,0,82,1,0.13048466997313932
4900,30,6,5,0,81,1,0.15261364909139102
4900,30,6,6,1,80,3,0.17849549601332285
4900,30,6,7,1,79,3,0.20876666200388638
4900,30,6,8,1,78,3,0.24417153450746945
4900,30,6,9,1,77,0,0.28558074211399936
4900,30,5,9,1,76,3,0.3340125638760227
4900,30,5,10,1,75,0,0.3906579694456406
4900,30,4,10,1,74,0,0.45690990578437496
4900,30,3,10,1,73,0,0.5343975506249999
4900,30,3,11,1,72,3,0.6250263749999999
4900,30,3,12,1,71,3,0.7310249999999999
4900,30,3,13,1,70,2,0.855
4900,31,1,1,0,100,1,0.006651439899899995
4900,31,2,1,0,99,3,0.007779461871228065
4900,31,1,1,0,98,3,0.00909878581430183
4900,31,1,2,0,97,1,0.010641854753569392
4900,31,2,2,0,96,3,0.012446613746864786
4900,31,2,3,0,95,0,0.014557442978789224
4900,31,2,2,0,94,1,0.01702624909799909
4900,31,3,2,0,93,2,0.01991374163508666
4900,31,2,2,0,92,1,0.023290925888990247
4900,31,3,2,0,91,0,0.027240848992971047
4900,31,2,2,0,90,1,0.03186064209704216
4900,31,3,2,0,89,0,0.03726390888542943
4900,31,2,2,0,88,1,0.043583519164244945
4900,31,3,2,0,87,3,0.05097487621549116
4900,31,3,3,0,86,1,0.059619738263732354
4900,31,4,3,0,85,1,0.06973068802775714
4900,31,5,3,0,84,0,0.08155636026638262
4900,31,5,4,0,83,3,0.09538755586711417
4900,31,5,5,0,82,1,0.11156439282703412
4900,31,6,5,0,81,1,0.13048466997313932
4900,31,6,6,1,80,3,0.15261364909139102
4900,31,6,7,1,79,3,0.17849549601332285
4900,31,6,8,1,78,3,0.20876666200388638
4900,31,6,9,1,77,0,0.24417153450746945
4900,31,5,9,1,76,3,0.28558074211399936
4900,31,5,10,1,75,0,0.3340125638760227
4900,31,4,10,1,74,0,0.3906579694456406
4900,31,3,10,1,73,0,0.45690990578437496
4900,31,3,11,1,72,3,0.5343975506249999
4900,31,3,12,1,71,3,0.6250263749999999
4900,31,3,13,1,70,2,0.7310249999999999
4900,31,3,12,1,69,1,0.855
4900,32,1,1,0,100,1,0.005686981114414496
4900,32,2,1,0,99,3,0.006651439899899995
4900,32,1,1,0,98,3,0.007779461871228065
4900,32,1,2,0,97,1,0.00909878581430183
4900,32,2,2,0,96,3,0.010641854753569392
4900,32,2,3,0,95,0,0.012446613746864786
4900,32,2,2,0,94,1,0.014557442978789224
4900,32,3,2,0,93,2,0.01702624909799909
4900,32,2,2,0,92,1,0.01991374163508666
4900,32,3,2,0,91,0,0.023290925888990247
4900,32,2,2,0,90,1,0.027240848992971047
4900,32,3,2,0,89,0,0.03186064209704216
4900,32,2,2,0,88,1,0.03726390888542943
4900,32,3,2,0,87,3,0.043583519164244945
4900,32,3,3,0,86,1,0.05097487621549116
4900,32,4,3,0,85,1,0.059619738263732354
4900,32,5,3,0,84,0,0.06973068802775714
4900,32,5,4,0,83,3,0.08155636026638262
4900,32,5,5,0,82,1,0.09538755586711417
4900,32,6,5,0,81,1,0.11156439282703412
4900,32,6,6,1,80,3,0.13048466997313932
4900,32,6,7,1,79,3,0.15261364909139102
4900,32,6,8,1,78,3,0.17849549601332285
4900,32,6,9,1,77,0,0.20876666200388638
4900,32,5,9,1,76,3,0.24417153450746945
4900,32,5,10,1,75,0,0.28558074211399936
4900,32,4,10,1,74,0,0.3340125638760227
4900,32,3,10,1,73,0,0.3906579694456406
4900,32,3,11,1,72,3,0.45690990578437496
4900,32,3,12,1,71,3,0.5343975506249999
4900,32,3,13,1,70,2,0.6250263749999999
4900,32,3,12,1,69,1,0.7310249999999999
4900,32,4,12,1,68,0,0.855
4900,33,1,1,0,100,1,0.004862368852824394
4900,33,2,1,0,99,3,0.005686981114414496
4900,33,1,1,0,98,3,0.006651439899899995
4900,33,1,2,0,97,1,0.007779461871228065
4900,33,2,2,0,96,3,0.00909878581430183
4900,33,2,3,0,95,0,0.010641854753569392
4900,33,2,2,0,94,1,0.012446613746864786
4900,33,3,2,0,93,2,0.014557442978789224
4900,33,2,2,0,92,1,0.01702624909799909
4900,33,3,2,0,91,0,0.01991374163508666
4900,33,2,2,0,90,1,0.023290925888990247
4900,33,3,2,0,89,0,0.027240848992971047
4900,33,2,2,0,88,1,0.03186064209704216
4900,33,3,2,0,87,3,0.03726390888542943
4900,33,3,3,0,86,1,0.043583519164244945
4900,33,4,3,0,85,1,0.05097487621549116
4900,33,5,3,0,84,0,0.059619738263732354
4900,33,5,4,0,83,3,0.06973068802775714
4900,33,5,5,0,82,1,0.08155636026638262
4900,33,6,5,0,81,1,0.09538755586711417
4900,33,6,6,1,80,3,0.11156439282703412
4900,33,6,7,1,79,3,0.13048466997313932
4900,33,6,8,1,78,3,0.15261364909139102
4900,33,6,9,1,77,0,0.17849549601332285
4900,33,5,9,1,76,3,0.20876666200388638
4900,33,5,10,1,75,0,0.24417153450746945
4900,33,4,10,1,74,0,0.28558074211399936
4900,33,3,10,1,73,0,0.3340125638760227
4900,33,3,11,1,72,3,0.3906579694456406
4900,33,3,12,1,71,3,0.45690990578437496
4900,33,3,13,1,70,2,0.5343975506249999
4900,33,3,12,1,69,1,0.6250263749999999
4900,33,4,12,1,68,0,0.7310249999999999
4900,33,3,12,1,67,1,0.855
4900,34,1,1,0,100,1,0.004157325369164857
4900,34,2,1,0,99,3,0.004862368852824394
4900,34,1,1,0,98,3,0.005686981114414496
4900,34,1,2,0,97,1,0.006651439899899995
4900,34,2,2,0,96,3,0.007779461871228065
4900,34,2,3,0,95,0,0.00909878581430183
4900,34,2,2,0,94,1,0.010641854753569392
4900,34,3,2,0,93,2,0.012446613746864786
4900,34,2,2,0,92,1,0.014557442978789224
4900,34,3,2,0,91,0,0.01702624909799909
4900,34,2,2,0,90,1,0.01991374163508666
4900,34,3,2,0,89,0,0.023290925888990247
4900,34,2,2,0,88,1,0.027240848992971047
4900,34,3,2,0,87,3,0.03186064209704216
4900,34,3,3,0,86,1,0.03726390888542943
4900,34,4,3,0,85,1,0.043583519164244945
4900,34,5,3,0,84,0,0.05097487621549116
4900,34,5,4,0,83,3,0.059619738263732354
4900,34,5,5,0,82,1,0.06973068802775714
4900,34,6,5,0,81,1,0.08155636026638262
4900,34,6,6,1,80,3,0.09538755586711417
4900,34,6,7,1,79,3,0.11156439282703412
4900,34,6,8,1,78,3,0.13048466997313932
4900,34,6,9,1,77,0,0.15261364909139102
4900,34,5,9,1,76,3,0.17849549601332285
4900,34,5,10,1,75,0,0.20876666200388638
4900,34,4,10,1,74,0,0.24417153450746945
4900,34,3,10,1,73,0,0.28558074211399936
4900,34,3,11,1,72,3,0.3340125638760227
4900,34,3,12,1,71,3,0.3906579694456406
4900,34,3,13,1,70,2,0.45690990578437496
4900,34,3,12,1,69,1,0.5343975506249999
4900,34,4,12,1,68,0,0.6250263749999999
4900,34,3,12,1,67,1,0.7310249999999999
4900,34,4,12,1,66,1,0.855
4900,35,1,1,0,100,1,0.0035545131906359524
4900,35,2,1,0,99,3,0.004157325369164857
4900,35,1,1,0,98,3,0.004862368852824394
4900,35,1,2,0,97,1,0.005686981114414496
4900,35,2,2,0,96,3,0.006651439899899995
4900,35,2,3,0,95,0,0.007779461871228065
4900,35,2,2,0,94,1,0.00909878581430183
4900,35,3,2,0,93,2,0.010641854753569392
4900,35,2,2,0,92,1,0.012446613746864786
4900,35,3,2,0,91,0,0.014557442978789224
4900,35,2,2,0,90,1,0.01702624909799909
4900,35,3,2,0,89,0,0.01991374163508666
4900,35,2,2,0,88,1,0.023290925888990247
4900,35,3,2,0,87,3,0.027240848992971047
4900,35,3,3,0,86,1,0.03186064209704216
4900,35,4,3,0,85,1,0.03726390888542943
4900,35,5,3,0,84,0,0.043583519164244945
4900,35,5,4,0,83,3,0.05097487621549116
4900,35,5,5,0,82,1,0.059619738263732354
4900,35,6,5,0,81,1,0.06973068802775714
4900,35,6,6,1,80,3,0.08155636026638262
4900,35,6,7,1,79,3,0.09538755586711417
4900,35,6,8,1,78,3,0.11156439282703412
4900,35,6,9,1,77,0,0.13048466997313932
4900,35,5,9,1,76,3,0.15261364909139102
4900,35,5,10,1,75,0,0.17849549601332285
4900,35,4,10,1,74,0,0.20876666200388638
4900,35,3,10,1,73,0,0.24417153450746945
4900,35,3,11,1,72,3,0.28558074211399936
4900,35,3,12,1,71,3,0.3340125638760227
4900,35,3,13,1,70,2,0.3906579694456406
4900,35,3,12,1,69,1,0.45690990578437496
4900,35,4,12,1,68,0,0.5343975506249999
4900,35,3,12,1,67,1,0.6250263749999999
4900,35,4,12,1,66,1,0.7310249999999999
4900,35,5,12,1,65,0,0.855
4900,36,1,1,0,100,1,0.0030391087779937393
4900,36,2,1,0,99,3,0.0035545131906359524
4900,36,1,1,0,98,3,0.004157325369164857
4900,36,1,2,0,97,1,0.004862368852824394
4900,36,2,2,0,96,3,0.005686981114414496
4900,36,2,3,0,95,0,0.006651439899899995
4900,36,2,2,0,94,1,0.007779461871228065
4900,36,3,2,0,93,2,0.00909878581430183
4900,36,2,2,0,92,1,0.010641854753569392
4900,36,3,2,0,91,0,0.012446613746864786
4900,36,2,2,0,90,1,0.014557442978789224
4900,36,3,2,0,89,0,0.01702624909799909
4900,36,2,2,0,88,1,0.01991374163508666
4900,36,3,2,0,87,3,0.023290925888990247
4900,36,3,3,0,86,1,0.027240848992971047
4900,36,4,3,0,85,1,0.03186064209704216
4900,36,5,3,0,84,0,0.03726390888542943
4900,36,5,4,0,83,3,0.043583519164244945
4900,36,5,5,0,82,1,0.05097487621549116
4900,36,6,5,0,81,1,0.059619738263732354
4900,36,6,6,1,80,3,0.06973068802775714
4900,36,6,7,1,79,3,0.08155636026638262
4900,36,6,8,1,78,3,0.09538755586711417
4900,36,6,9,1,77,0,0.11156439282703412
4900,36,5,9,1,76,3,0.13048466997313932
4900,36,5,10,1,75,0,0.15261364909139102
4900,36,4,10,1,74,0,0.17849549601332285
4900,36,3,10,1,73,0,0.20876666200388638
4900,36,3,11,1,72,3,0.24417153450746945
4900,36,3,12,1,71,3,0.28558074211399936
4900,36,3,13,1,70,2,0.3340125638760227
4900,36,3,12,1,69,1,0.3906579694456406
4900,36,4,12,1,68,0,0.45690990578437496
4900,36,3,12,1,67,1,0.5343975506249999
4900,36,4,12,1,66,1,0.6250263749999999
4900,36,5,12,1,65,0,0.7310249999999999
4900,36,4,12,1,64,3,0.855
4900,37,1,1,0,100,1,0.002598438005184647
4900,37,2,1,0,99,3,0.0030391087779937393
4900,37,1,1,0,98,3,0.0035545131906359524
4900,37,1,2,0,97,1,0.004157325369164857
4900,37,2,2,0,96,3,0.004862368852824394
4900,37,2,3,0,95,0,0.005686981114414496
4900,37,2,2,0,94,1,0.006651439899899995
4900,37,3,2,0,93,2,0.007779461871228065
4900,37,2,2,0,92,1,0.00909878581430183
4900,37,3,2,0,91,0,0.010641854753569392
4900,37,2,2,0,90,1,0.012446613746864786
4900,37,3,2,0,89,0,0.014557442978789224
4900,37,2,2,0,88,1,0.01702624909799909
4900,37,3,2,0,87,3,0.01991374163508666
4900,37,3,3,0,86,1,0.023290925888990247
4900,37,4,3,0,85,1,0.027240848992971047
4900,37,5,3,0,84,0,0.03186064209704216
4900,37,5,4,0,83,3,0.03726390888542943
4900,37,5,5,0,82,1,0.043583519164244945
4900,37,6,5,0,81,1,0.05097487621549116
4900,37,6,6,1,80,3,0.059619738263732354
4900,37,6,7,1,79,3,0.06973068802775714
4900,37,6,8,1,78,3,0.08155636026638262
4900,37,6,9,1,77,0,0.09538755586711417
4900,37,5,9,1,76,3,0.11156439282703412
4900,37,5,10,1,75,0,0.13048466997313932
4900,37,4,10,1,74,0,0.15261364909139102
4900,37,3,10,1,73,0,0.17849549601332285
4900,37,3,11,1,72,3,0.20876666200388638
4900,37,3,12,1,71,3,0.24417153450746945
4900,37,3,13,1,70,2,0.28558074211399936
4900,37,3,12,1,69,1,0.3340125638760227
4900,37,4,12,1,68,0,0.3906579694456406
4900,37,3,12,1,67,1,0.45690990578437496
4900,37,4,12,1,66,1,0.5343975506249999
4900,37,5,12,1,65,0,0.6250263749999999
4900,37,4,12,1,64,3,0.7310249999999999
4900,37,4,12,1,63,1,0.855
4900,38,1,1,0,100,1,0.0022216644944328735
4900,38,2,1,0,99,3,0.002598438005184647
4900,38,1,1,0,98,3,0.0030391087779937393
4900,38,1,2,0,97,1,0.0035545131906359524
4900,38,2,2,0,96,3,0.004157325369164857
4900,38,2,3,0,95,0,0.004862368852824394
4900,38,2,2,0,94,1,0.005686981114414496
4900,38,3,2,0,93,2,0.006651439899899995
4900,38,2,2,0,92,1,0.007779461871228065
4900,38,3,2,0,91,0,0.00909878581430183
4900,38,2,2,0,90,1,0.010641854753569392
4900,38,3,2,0,89,0,0.012446613746864786
4900,38,2,2,0,88,1,0.014557442978789224
4900,38,3,2,0,87,3,0.01702624909799909
4900,38,3,3,0,86,1,0.01991374163508666
4900,38,4,3,0,85,1,0.023290925888990247
4900,38,5,3,0,84,0,0.027240848992971047
4900,38,5,4,0,83,3,0.03186064209704216
4900,38,5,5,0,82,1,0.03726390888542943
4900,38,6,5,0,81,1,0.043583519164244945
4900,38,6,6,1,80,3,0.05097487621549116
4900,38,6,7,1,79,3,0.059619738263732354
4900,38,6,8,1,78,3,0.06973068802775714
4900,38,6,9,1,77,0,0.08155636026638262
4900,38,5,9,1,76,3,0.09538755586711417
4900,38,5,10,1,75,0,0.11156439282703412
4900,38,4,10,1,74,0,0.13048466997313932
4900,38,3,10,1,73,0,0.15261364909139102
4900,38,3,11,1,72,3,0.17849549601332285
4900,38,3,12,1,71,3,0.20876666200388638
4900,38,3,13,1,70,2,0.24417153450746945
4900,38,3,12,1,69,1,0.28558074211399936
4900,38,4,12,1,68,0,0.3340125638760227
4900,38,3,12,1,67,1,0.3906579694456406
4900,38,4,12,1,66,1,0.45690990578437496
4900,38,5,12,1,65,0,0.5343975506249999
4900,38,4,12,1,64,3,0.6250263749999999
4900,38,4,12,1,63,1,0.7310249999999999
4900,38,5,12,1,62,1,0.855
4900,39,1,1,0,100,1,0.0018995231427401068
4900,39,2,1,0,99,3,0.0022216644944328735
4900,39,1,1,0,98,3,0.002598438005184647
4900,39,1,2,0,97,1,0.0030391087779937393
4900,39,2,2,0,96,3,0.0035545131906359524
4900,39,2,3,0,95,0,0.004157325369164857
4900,39,2,2,0,94,1,0.004862368852824394
4900,39,3,2,0,93,2,0.005686981114414496
4900,39,2,2,0,92,1,0.006651439899899995
4900,39,3,2,0,91,0,0.007779461871228065
4900,39,2,2,0,90,1,0.00909878581430183
4900,39,3,2,0,89,0,0.010641854753569392
4900,39,2,2,0,88,1,0.012446613746864786
4900,39,3,2,0,87,3,0.014557442978789224
4900,39,3,3,0,86,1,0.01702624909799909
4900,39,4,3,0,85,1,0.01991374163508666
4900,39,5,3,0,84,0,0.023290925888990247
4900,39,5,4,0,83,3,0.027240848992971047
4900,39,5,5,0,82,1,0.03186064209704216
4900,39,6,5,0,81,1,0.03726390888542943
4900,39,6,6,1,80,3,0.043583519164244945
4900,39,6,7,1,79,3,0.05097487621549116
4900,39,6,8,1,78,3,0.059619738263732354
4900,39,6,9,1,77,0,0.06973068802775714
4900,39,5,9,1,76,3,0.08155636026638262
4900,39,5,10,1,75,0,0.09538755586711417
4900,39,4,10,1,74,0,0.11156439282703412
4900,39,3,10,1,73,0,0.13048466997313932
4900,39,3,11,1,72,3,0.15261364909139102
4900,39,3,12,1,71,3,0.17849549601332285
4900,39,3,13,1,70,2,0.20876666200388638
4900,39,3,12,1,69,1,0.24417153450746945
4900,39,4,12,1,68,0,0.28558074211399936
4900,39,3,12,1,67,1,0.3340125638760227
4900,39,4,12,1,66,1,0.3906579694456406
4900,39,5,12,1,65,0,0.45690990578437496
4900,39,4,12,1,64,3,0.5343975506249999
4900,39,4,12,1,63,1,0.6250263749999999
4900,39,5,12,1,62,1,0.7310249999999999
4900,39,5,11,1,61,1,0.855
4900,40,1,1,0,100,1,0.0016240922870427914
4900,40,2,1,0,99,3,0.0018995231427401068
4900,40,1,1,0,98,3,0.0022216644944328735
4900,40,1,2,0,97,1,0.002598438005184647
4900,40,2,2,0,96,3,0.0030391087779937393
4900,40,2,3,0,95,0,0.0035545131906359524
4900,40,2,2,0,94,1,0.004157325369164857
4900,40,3,2,0,93,2,0.004862368852824394
4900,40,2,2,0,92,1,0.005686981114414496
4900,40,3,2,0,91,0,0.006651439899899995
4900,40,2,2,0,90,1,0.007779461871228065
4900,40,3,2,0,89,0,0.00909878581430183
4900,40,2,2,0,88,1,0.010641854753569392
4900,40,3,2,0,87,3,0.012446613746864786
4900,40,3,3,0,86,1,0.014557442978789224
4900,40,4,3,0,85,1,0.01702624909799909
4900,40,5,3,0,84,0,0.01991374163508666
4900,40,5,4,0,83,3,0.023290925888990247
4900,40,5,5,0,82,1,0.027240848992971047
4900,40,6,5,0,81,1,0.03186064209704216
4900,40,6,6,1,80,3,0.03726390888542943
4900,40,6,7,1,79,3,0.043583519164244945
4900,40,6,8,1,78,3,0.05097487621549116
4900,40,6,9,1,77,0,0.059619738263732354
4900,40,5,9,1,76,3,0.06973068802775714
4900,40,5,10,1,75,0,0.08155636026638262
4900,40,4,10,1,74,0,0.09538755586711417
4900,40,3,10,1,73,0,0.11156439282703412
4900,40,3,11,1,72,3,0.13048466997313932
4900,40,3,12,1,71,3,0.15261364909139102
4900,40,3,13,1,70,2,0.17849549601332285
4900,40,3,12,1,69,1,0.20876666200388638
4900,40,4,12,1,68,0,0.24417153450746945
4900,40,3,12,1,67,1,0.28558074211399936
4900,40,4,12,1,66,1,0.3340125638760227
4900,40,5,12,1,65,0,0.3906579694456406
4900,40,4,12,1,64,3,0.45690990578437496
4900,40,4,12,1,63,1,0.5343975506249999
4900,40,5,12,1,62,1,0.6250263749999999
4900,40,5,11,1,61,1,0.7310249999999999
4900,40,6,11,1,60,0,0.855
4900,41,1,1,0,100,1,0.0013885989054215867
4900,41,2,1,0,99,3,0.0016240922870427914
4900,41,1,1,0,98,3,0.0018995231427401068
4900,41,1,2,0,97,1,0.0022216644944328735
4900,41,2,2,0,96,3,0.002598438005184647
4900,41,2,3,0,95,0,0.0030391087779937393
4900,41,2,2,0,94,1,0.0035545131906359524
4900,41,3,2,0,93,2,0.004157325369164857
4900,41,2,2,0,92,1,0.004862368852824394
4900,41,3,2,0,91,0,0.005686981114414496
4900,41,2,2,0,90,1,0.006651439899899995
4900,41,3,2,0,89,0,0.007779461871228065
4900,41,2,2,0,88,1,0.00909878581430183
4900,41,3,2,0,87,3,0.010641854753569392
4900,41,3,3,0,86,1,0.012446613746864786
4900,41,4,3,0,85,1,0.014557442978789224
4900,41,5,3,0,84,0,0.01702624909799909
4900,41,5,4,0,83,3,0.01991374163508666
4900,41,5,5,0,82,1,0.023290925888990247
4900,41,6,5,0,81,1,0.027240848992971047
4900,41,6,6,1,80,3,0.03186064209704216
4900,41,6,7,1,79,3,0.03726390888542943
4900,41,6,8,1,78,3,0.043583519164244945
4900,41,6,9,1,77,0,0.05097487621549116
4900,41,5,9,1,76,3,0.059619738263732354
4900,41,5,10,1,75,0,0.06973068802775714
4900,41,4,10,1,74,0,0.08155636026638262
4900,41,3,10,1,73,0,0.09538755586711417
4900,41,3,11,1,72,3,0.11156439282703412
4900,41,3,12,1,71,3,0.13048466997313932
4900,41,3,13,1,70,2,0.15261364909139102
4900,41,3,12,1,69,1,0.17849549601332285
4900,41,4,12,1,68,0,0.20876666200388638
4900,41,3,12,1,67,1,0.24417153450746945
4900,41,4,12,1,66,1,0.28558074211399936
4900,41,5,12,1,65,0,0.3340125638760227
4900,41,4,12,1,64,3,0.3906579694456406
4900,41,4,12,1,63,1,0.45690990578437496
4900,41,5,12,1,62,1,0.5343975506249999
4900,41,5,11,1,61,1,0.6250263749999999
4900,41,6,11,1,60,0,0.7310249999999999
4900,41,5,11,1,59,2,0.855
4900,42,1,1,0,100,1,0.0011872520641354567
4900,42,2,1,0,99,3,0.0013885989054215867
4900,42,1,1,0,98,3,0.0016240922870427914
4900,42,1,2,0,97,1,0.0018995231427401068
4900,42,2,2,0,96,3,0.0022216644944328735
4900,42,2,3,0,95,0,0.002598438005184647
4900,42,2,2,0,94,1,0.0030391087779937393
4900,42,3,2,0,93,2,0.0035545131906359524
4900,42,2,2,0,92,1,0.004157325369164857
4900,42,3,2,0,91,0,0.004862368852824394
4900,42,2,2,0,90,1,0.005686981114414496
4900,42,3,2,0,89,0,0.006651439899899995
4900,42,2,2,0,88,1,0.007779461871228065
4900,42,3,2,0,87,3,0.00909878581430183
4900,42,3,3,0,86,1,0.010641854753569392
4900,42,4,3,0,85,1,0.012446613746864786
4900,42,5,3,0,84,0,0.014557442978789224
4900,42,5,4,0,83,3,0.01702624909799909
4900,42,5,5,0,82,1,0.01991374163508666
4900,42,6,5,0,81,1,0.023290925888990247
4900,42,6,6,1,80,3,0.027240848992971047
4900,42,6,7,1,79,3,0.03186064209704216
4900,42,6,8,1,78,3,0.03726390888542943
4900,42,6,9,1,77,0,0.043583519164244945
4900,42,5,9,1,76,3,0.05097487621549116
4900,42,5,10,1,75,0,0.059619738263732354
4900,42,4,10,1,74,0,0.06973068802775714
4900,42,3,10,1,73,0,0.08155636026638262
4900,42,3,11,1,72,3,0.09538755586711417
4900,42,3,12,1,71,3,0.11156439282703412
4900,42,3,13,1,70,2,0.13048466997313932
4900,42,3,12,1,69,1,0.15261364909139102
4900,42,4,12,1,68,0,0.17849549601332285
4900,42,3,12,1,67,1,0.20876666200388638
4900,42,4,12,1,66,1,0.24417153450746945
4900,42,5,12,1,65,0,0.28558074211399936
4900,42,4,12,1,64,3,0.3340125638760227
4900,42,4,12,1,63,1,0.3906579694456406
4900,42,5,12,1,62,1,0.45690990578437496
4900,42,5,11,1,61,1,0.5343975506249999
4900,42,6,11,1,60,0,0.6250263749999999
4900,42,5,11,1,59,2,0.7310249999999999
4900,42,4,11,1,58,3,0.855
4900,43,1,1,0,100,1,0.0010151005148358154
4900,43,2,1,0,99,3,0.0011872520641354567
4900,43,1,1,0,98,3,0.0013885989054215867
4900,43,1,2,0,97,1,0.0016240922870427914
4900,43,2,2,0,96,3,0.0018995231427401068
4900,43,2,3,0,95,0,0.0022216644944328735
4900,43,2,2,0,94,1,0.002598438005184647
4900,43,3,2,0,93,2,0.0030391087779937393
4900,43,2,2,0,92,1,0.0035545131906359524
4900,43,3,2,0,91,0,0.004157325369164857
4900,43,2,2,0,90,1,0.004862368852824394
4900,43,3,2,0,89,0,0.005686981114414496
4900,43,2,2,0,88,1,0.006651439899899995
4900,43,3,2,0,87,3,0.007779461871228065
4900,43,3,3,0,86,1,0.00909878581430183
4900,43,4,3,0,85,1,0.010641854753569392
4900,43,5,3,0,84,0,0.012446613746864786
4900,43,5,4,0,83,3,0.014557442978789224
4900,43,5,5,0,82,1,0.01702624909799909
4900,43,6,5,0,81,1,0.01991374163508666
4900,43,6,6,1,80,3,0.023290925888990247
4900,43,6,7,1,79,3,0.027240848992971047
4900,43,6,8,1,78,3,0.03186064209704216
4900,43,6,9,1,77,0,0.03726390888542943
4900,43,5,9,1,76,3,0.043583519164244945
4900,43,5,10,1,75,0,0.05097487621549116
4900,43,4,10,1,74,0,0.059619738263732354
4900,43,3,10,1,73,0,0.06973068802775714
4900,43,3,11,1,72,3,0.08155636026638262
4900,43,3,12,1,71,3,0.09538755586711417
4900,43,3,13,1,70,2,0.11156439282703412
4900,43,3,12,1,69,1,0.13048466997313932
4900,43,4,12,1,68,0,0.15261364909139102
4900,43,3,12,1,67,1,0.17849549601332285
4900,43,4,12,1,66,1,0.20876666200388638
4900,43,5,12,1,65,0,0.24417153450746945
4900,43,4,12,1,64,3,0.28558074211399936
4900,43,4,12,1,63,1,0.3340125638760227
4900,43,5,12,1,62,1,0.3906579694456406
4900,43,5,11,1,61,1,0.45690990578437496
4900,43,6,11,1,60,0,0.5343975506249999
4900,43,5,11,1,59,2,0.6250263749999999
4900,43,4,11,1,58,3,0.7310249999999999
4900,43,4,12,1,57,2,0.855
4900,44,1,1,0,100,1,0.0008679109401846222
4900,44,2,1,0,99,3,0.0010151005148358154
4900,44,1,1,0,98,3,0.0011872520641354567
4900,44,1,2,0,97,1,0.0013885989054215867
4900,44,2,2,0,96,3,0.0016240922870427914
4900,44,2,3,0,95,0,0.0018995231427401068
4900,44,2,2,0,94,1,0.0022216644944328735
4900,44,3,2,0,93,2,0.002598438005184647
4900,44,2,2,0,92,1,0.0030391087779937393
4900,44,3,2,0,91,0,0.0035545131906359524
4900,44,2,2,0,90,1,0.004157325369164857
4900,44,3,2,0,89,0,0.004862368852824394
4900,44,2,2,0,88,1,0.005686981114414496
4900,44,3,2,0,87,3,0.006651439899899995
4900,44,3,3,0,86,1,0.007779461871228065
4900,44,4,3,0,85,1,0.00909878581430183
4900,44,5,3,0,84,0,0.010641854753569392
4900,44,5,4,0,83,3,0.012446613746864786
4900,44,5,5,0,82,1,0.014557442978789224
4900,44,6,5,0,81,1,0.01702624909799909
4900,44,6,6,1,80,3,0.01991374163508666
4900,44,6,7,1,79,3,0.023290925888990247
4900,44,6,8,1,78,3,0.027240848992971047
4900,44,6,9,1,77,0,0.03186064209704216
4900,44,5,9,1,76,3,0.03726390888542943
4900,44,5,10,1,75,0,0.043583519164244945
4900,44,4,10,1,74,0,0.05097487621549116
4900,44,3,10,1,73,0,0.059619738263732354
4900,44,3,11,1,72,3,0.06973068802775714
4900,44,3,12,1,71,3,0.08155636026638262
4900,44,3,13,1,70,2,0.09538755586711417
4900,44,3,12,1,69,1,0.11156439282703412
4900,44,4,12,1,68,0,0.13048466997313932
4900,44,3,12,1,67,1,0.15261364909139102
4900,44,4,12,1,66,1,0.17849549601332285
4900,44,5,12,1,65,0,0.20876666200388638
4900,44,4,12,1,64,3,0.24417153450746945
4900,44,4,12,1,63,1,0.28558074211399936
4900,44,5,12,1,62,1,0.3340125638760227
4900,44,5,11,1,61,1,0.3906579694456406
4900,44,6,11,1,60,0,0.45690990578437496
4900,44,5,11,1,59,2,0.5343975506249999
4900,44,4,11,1,58,3,0.6250263749999999
4900,44,4,12,1,57,2,0.7310249999999999
4900,44,3,12,1,56,2,0.855
4900,45,1,1,0,100,1,0.0007420638538578519
4900,45,2,1,0,99,3,0.0008679109401846222
4900,45,1,1,0,98,3,0.0010151005148358154
4900,45,1,2,0,97,1,0.0011872520641354567
4900,45,2,2,0,96,3,0.0013885989054215867
4900,45,2,3,0,95,0,0.0016240922870427914
4900,45,2,2,0,94,1,0.0018995231427401068
4900,45,3,2,0,93,2,0.0022216644944328735
4900,45,2,2,0,92,1,0.002598438005184647
4900,45,3,2,0,91,0,0.0030391087779937393
4900,45,2,2,0,90,1,0.0035545131906359524
4900,45,3,2,0,89,0,0.004157325369164857
4900,45,2,2,0,88,1,0.004862368852824394
4900,45,3,2,0,87,3,0.005686981114414496
4900,45,3,3,0,86,1,0.006651439899899995
4900,45,4,3,0,85,1,0.007779461871228065
4900,45,5,3,0,84,0,0.00909878581430183
4900,45,5,4,0,83,3,0.010641854753569392
4900,45,5,5,0,82,1,0.012446613746864786
4900,45,6,5,0,81,1,0.014557442978789224
4900,45,6,6,1,80,3,0.01702624909799909
4900,45,6,7,1,79,3,0.01991374163508666
4900,45,6,8,1,78,3,0.023290925888990247
4900,45,6,9,1,77,0,0.027240848992971047
4900,45,5,9,1,76,3,0.03186064209704216
4900,45,5,10,1,75,0,0.03726390888542943
4900,45,4,10,1,74,0,0.043583519164244945
4900,45,3,10,1,73,0,0.05097487621549116
4900,45,3,11,1,72,3,0.059619738263732354
4900,45,3,12,1,71,3,0.06973068802775714
4900,45,3,13,1,70,2,0.08155636026638262
4900,45,3,12,1,69,1,0.09538755586711417
4900,45,4,12,1,68,0,0.11156439282703412
4900,45,3,12,1,67,1,0.13048466997313932
4900,45,4,12,1,66,1,0.15261364909139102
4900,45,5,12,1,65,0,0.17849549601332285
4900,45,4,12,1,64,3,0.20876666200388638
4900,45,4,12,1,63,1,0.24417153450746945
4900,45,5,12,1,62,1,0.28558074211399936
4900,45,5,11,1,61,1,0.3340125638760227
4900,45,6,11,1,60,0,0.3906579694456406
4900,45,5,11,1,59,2,0.45690990578437496
4900,45,4,11,1,58,3,0.5343975506249999
4900,45,4,12,1,57,2,0.6250263749999999
4900,45,3,12,1,56,2,0.7310249999999999
4900,45,3,11,1,55,1,0.855
4900,46,1,1,0,100,1,0.0006344645950484634
4900,46,2,1,0,99,3,0.0007420638538578519
4900,46,1,1,0,98,3,0.0008679109401846222
4900,46,1,2,0,97,1,0.0010151005148358154
4900,46,2,2,0,96,3,0.0011872520641354567
4900,46,2,3,0,95,0,0.0013885989054215867
4900,46,2,2,0,94,1,0.0016240922870427914
4900,46,3,2,0,93,2,0.0018995231427401068
4900,46,2,2,0,92,1,0.0022216644944328735
4900,46,3,2,0,91,0,0.002598438005184647
4900,46,2,2,0,90,1,0.0030391087779937393
4900,46,3,2,0,89,0,0.0035545131906359524
4900,46,2,2,0,88,1,0.004157325369164857
4900,46,3,2,0,87,3,0.004862368852824394
4900,46,3,3,0,86,1,0.005686981114414496
4900,46,4,3,0,85,1,0.006651439899899995
4900,46,5,3,0,84,0,0.007779461871228065
4900,46,5,4,0,83,3,0.00909878581430183
4900,46,5,5,0,82,1,0.010641854753569392
4900,46,6,5,0,81,1,0.012446613746864786
4900,46,6,6,1,80,3,0.014557442978789224
4900,46,6,7,1,79,3,0.01702624909799909
4900,46,6,8,1,78,3,0.01991374163508666
4900,46,6,9,1,77,0,0.023290925888990247
4900,46,5,9,1,76,3,0.027240848992971047
4900,46,5,10,1,75,0,0.03186064209704216
4900,46,4,10,1,74,0,0.03726390888542943
4900,46,3,10,1,73,0,0.043583519164244945
4900,46,3,11,1,72,3,0.05097487621549116
4900,46,3,12,1,71,3,0.059619738263732354
4900,46,3,13,1,70,2,0.06973068802775714
4900,46,3,12,1,69,1,0.08155636026638262
4900,46,4,12,1,68,0,0.09538755586711417
4900,46,3,12,1,67,1,0.11156439282703412
4900,46,4,12,1,66,1,0.13048466997313932
4900,46,5,12,1,65,0,0.15261364909139102
4900,46,4,12,1,64,3,0.17849549601332285
4900,46,4,12,1,63,1,0.20876666200388638
4900,46,5,12,1,62,1,0.24417153450746945
4900,46,5,11,1,61,1,0.28558074211399936
4900,46,6,11,1,60,0,0.3340125638760227
4900,46,5,11,1,59,2,0.3906579694456406
4900,46,4,11,1,58,3,0.45690990578437496
4900,46,4,12,1,57,2,0.5343975506249999
4900,46,3,12,1,56,2,0.6250263749999999
4900,46,3,11,1,55,1,0.7310249999999999
4900,46,4,11,1,54,2,0.855
4900,47,1,1,0,100,1,0.0005424672287664362
4900,47,2,1,0,99,3,0.0006344645950484634
4900,47,1,1,0,98,3,0.0007420638538578519
4900,47,1,2,0,97,1,0.0008679109401846222
4900,47,2,2,0,96,3,0.0010151005148358154
4900,47,2,3,0,95,0,0.0011872520641354567
4900,47,2,2,0,94,1,0.0013885989054215867
4900,47,3,2,0,93,2,0.0016240922870427914
4900,47,2,2,0,92,1,0.0018995231427401068
4900,47,3,2,0,91,0,0.0022216644944328735
4900,47,2,2,0,90,1,0.002598438005184647
4900,47,3,2,0,89,0,0.0030391087779937393
4900,47,2,2,0,88,1,0.0035545131906359524
4900,47,3,2,0,87,3,0.004157325369164857
4900,47,3,3,0,86,1,0.004862368852824394
4900,47,4,3,0,85,1,0.005686981114414496
4900,47,5,3,0,84,0,0.006651439899899995
4900,47,5,4,0,83,3,0.007779461871228065
4900,47,5,5,0,82,1,0.00909878581430183
4900,47,6,5,0,81,1,0.010641854753569392
4900,47,6,6,1,80,3,0.012446613746864786
4900,47,6,7,1,79,3,0.014557442978789224
4900,47,6,8,1,78,3,0.01702624909799909
4900,47,6,9,1,77,0,0.01991374163508666
4900,47,5,9,1,76,3,0.023290925888990247
4900,47,5,10,1,75,0,0.027240848992971047
4900,47,4,10,1,74,0,0.03186064209704216
4900,47,3,10,1,73,0,0.03726390888542943
4900,47,3,11,1,72,3,0.043583519164244945
4900,47,3,12,1,71,3,0.05097487621549116
4900,47,3,13,1,70,2,0.059619738263732354
4900,47,3,12,1,69,1,0.06973068802775714
4900,47,4,12,1,68,0,0.08155636026638262
4900,47,3,12,1,67,1,0.09538755586711417
4900,47,4,12,1,66,1,0.11156439282703412
4900,47,5,12,1,65,0,0.13048466997313932
4900,47,4,12,1,64,3,0.15261364909139102
4900,47,4,12,1,63,1,0.17849549601332285
4900,47,5,12,1,62,1,0.20876666200388638
4900,47,5,11,1,61,1,0.24417153450746945
4900,47,6,11,1,60,0,0.28558074211399936
4900,47,5,11,1,59,2,0.3340125638760227
4900,47,4,11,1,58,3,0.3906579694456406
4900,47,4,12,1,57,2,0.45690990578437496
4900,47,3,12,1,56,2,0.5343975506249999
4900,47,3,11,1,55,1,0.6250263749999999
4900,47,4,11,1,54,2,0.7310249999999999
4900,47,4,10,1,53,1,0.855
4900,48,1,1,0,100,1,0.0004638094805953029
4900,48,2,1,0,99,3,0.0005424672287664362
4900,48,1,1,0,98,3,0.0006344645950484634
4900,48,1,2,0,97,1,0.0007420638538578519
4900,48,2,2,0,96,3,0.0008679109401846222
4900,48,2,3,0,95,0,0.0010151005148358154
4900,48,2,2,0,94,1,0.0011872520641354567
4900,48,3,2,0,93,2,0.0013885989054215867
4900,48,2,2,0,92,1,0.0016240922870427914
4900,48,3,2,0,91,0,0.0018995231427401068
4900,48,2,2,0,90,1,0.0022216644944328735
4900,48,3,2,0,89,0,0.002598438005184647
4900,48,2,2,0,88,1,0.0030391087779937393
4900,48,3,2,0,87,3,0.0035545131906359524
4900,48,3,3,0,86,1,0.004157325369164857
4900,48,4,3,0,85,1,0.004862368852824394
4900,48,5,3,0,84,0,0.005686981114414496
4900,48,5,4,0,83,3,0.006651439899899995
4900,48,5,5,0,82,1,0.007779461871228065
4900,48,6,5,0,81,1,0.00909878581430183
4900,48,6,6,1,80,3,0.010641854753569392
4900,48,6,7,1,79,3,0.012446613746864786
4900,48,6,8,1,78,3,0.014557442978789224
4900,48,6,9,1,77,0,0.01702624909799909
4900,48,5,9,1,76,3,0.01991374163508666
4900,48,5,10,1,75,0,0.023290925888990247
4900,48,4,10,1,74,0,0.027240848992971047
4900,48,3,10,1,73,0,0.03186064209704216
4900,48,3,11,1,72,3,0.03726390888542943
4900,48,3,12,1,71,3,0.043583519164244945
4900,48,3,13,1,70,2,0.05097487621549116
4900,48,3,12,1,69,1,0.059619738263732354
4900,48,4,12,1,68,0,0.06973068802775714
4900,48,3,12,1,67,1,0.08155636026638262
4900,48,4,12,1,66,1,0.09538755586711417
4900,48,5,12,1,65,0,0.11156439282703412
4900,48,4,12,1,64,3,0.13048466997313932
4900,48,4,12,1,63,1,0.15261364909139102
4900,48,5,12,1,62,1,0.17849549601332285
4900,48,5,11,1,61,1,0.20876666200388638
4900,48,6,11,1,60,0,0.24417153450746945
4900,48,5,11,1,59,2,0.28558074211399936
4900,48,4,11,1,58,3,0.3340125638760227
4900,48,4,12,1,57,2,0.3906579694456406
4900,48,3,12,1,56,2,0.45690990578437496
4900,48,3,11,1,55,1,0.5343975506249999
4900,48,4,11,1,54,2,0.6250263749999999
4900,48,4,10,1,53,1,0.7310249999999999
4900,48,5,10,1,52,3,0.855
4900,49,1,1,0,100,1,0.00039655710590898397
4900,49,2,1,0,99,3,0.0004638094805953029
4900,49,1,1,0,98,3,0.0005424672287664362
4900,49,1,2,0,97,1,0.0006344645950484634
4900,49,2,2,0,96,3,0.0007420638538578519
4900,49,2,3,0,95,0,0.0008679109401846222
4900,49,2,2,0,94,1,0.0010151005148358154
4900,49,3,2,0,93,2,0.0011872520641354567
4900,49,2,2,0,92,1,0.0013885989054215867
4900,49,3,2,0,91,0,0.0016240922870427914
4900,49,2,2,0,90,1,0.0018995231427401068
4900,49,3,2,0,89,0,0.0022216644944328735
4900,49,2,2,0,88,1,0.002598438005184647
4900,49,3,2,0,87,3,0.0030391087779937393
4900,49,3,3,0,86,1,0.0035545131906359524
4900,49,4,3,0,85,1,0.004157325369164857
4900,49,5,3,0,84,0,0.004862368852824394
4900,49,5,4,0,83,3,0.005686981114414496
4900,49,5,5,0,82,1,0.006651439899899995
4900,49,6,5,0,81,1,0.007779461871228065
4900,49,6,6,1,80,3,0.00909878581430183
4900,49,6,7,1,79,3,0.010641854753569392
4900,49,6,8,1,78,3,0.012446613746864786
4900,49,6,9,1,77,0,0.014557442978789224
4900,49,5,9,1,76,3,0.01702624909799909
4900,49,5,10,1,75,0,0.01991374163508666
4900,49,4,10,1,74,0,0.023290925888990247
4900,49,3,10,1,73,0,0.027240848992971047
4900,49,3,11,1,72,3,0.03186064209704216
4900,49,3,12,1,71,3,0.03726390888542943
4900,49,3,13,1,70,2,0.043583519164244945
4900,49,3,12,1,69,1,0.05097487621549116
4900,49,4,12,1,68,0,0.059619738263732354
4900,49,3,12,1,67,1,0.06973068802775714
4900,49,4,12,1,66,1,0.08155636026638262
4900,49,5,12,1,65,0,0.09538755586711417
4900,49,4,12,1,64,3,0.11156439282703412
4900,49,4,12,1,63,1,0.13048466997313932
4900,49,5,12,1,62,1,0.15261364909139102
4900,49,5,11,1,61,1,0.17849549601332285
4900,49,6,11,1,60,0,0.20876666200388638
4900,49,5,11,1,59,2,0.24417153450746945
4900,49,4,11,1,58,3,0.28558074211399936
4900,49,4,12,1,57,2,0.3340125638760227
4900,49,3,12,1,56,2,0.3906579694456406
4900,49,3,11,1,55,1,0.45690990578437496
4900,49,4,11,1,54,2,0.5343975506249999
4900,49,4,10,1,53,1,0.6250263749999999
4900,49,5,10,1,52,3,0.7310249999999999
4900,49,5,11,1,51,2,0.855
4900,50,1,1,0,100,1,0.0003390563255521813
4900,50,2,1,0,99,3,0.00039655710590898397
4900,50,1,1,0,98,3,0.0004638094805953029
4900,50,1,2,0,97,1,0.0005424672287664362
4900,50,2,2,0,96,3,0.0006344645950484634
4900,50,2,3,0,95,0,0.0007420638538578519
4900,50,2,2,0,94,1,0.0008679109401846222
4900,50,3,2,0,93,2,0.0010151005148358154
4900,50,2,2,0,92,1,0.0011872520641354567
4900,50,3,2,0,91,0,0.0013885989054215867
4900,50,2,2,0,90,1,0.0016240922870427914
4900,50,3,2,0,89,0,0.0018995231427401068
4900,50,2,2,0,88,1,0.0022216644944328735
4900,50,3,2,0,87,3,0.002598438005184647
4900,50,3,3,0,86,1,0.0030391087779937393
4900,50,4,3,0,85,1,0.0035545131906359524
4900,50,5,3,0,84,0,0.004157325369164857
4900,50,5,4,0,83,3,0.004862368852824394
4900,50,5,5,0,82,1,0.005686981114414496
4900,50,6,5,0,81,1,0.006651439899899995
4900,50,6,6,1,80,3,0.007779461871228065
4900,50,6,7,1,79,3,0.00909878581430183
4900,50,6,8,1,78,3,0.010641854753569392
4900,50,6,9,1,77,0,0.012446613746864786
4900,50,5,9,1,76,3,0.014557442978789224
4900,50,5,10,1,75,0,0.01702624909799909
4900,50,4,10,1,74,0,0.01991374163508666
4900,50,3,10,1,73,0,0.023290925888990247
4900,50,3,11,1,72,3,0.027240848992971047
4900,50,3,12,1,71,3,0.03186064209704216
4900,50,3,13,1,70,2,0.03726390888542943
4900,50,3,12,1,69,1,0.043583519164244945
4900,50,4,12,1,68,0,0.05097487621549116
4900,50,3,12,1,67,1,0.059619738263732354
4900,50,4,12,1,66,1,0.06973068802775714
4900,50,5,12,1,65,0,0.08155636026638262
4900,50,4,12,1,64,3,0.09538755586711417
4900,50,4,12,1,63,1,0.11156439282703412
4900,50,5,12,1,62,1,0.13048466997313932
4900,50,5,11,1,61,1,0.15261364909139102
4900,50,6,11,1,60,0,0.17849549601332285
4900,50,5,11,1,59,2,0.20876666200388638
4900,50,4,11,1,58,3,0.24417153450746945
4900,50,4,12,1,57,2,0.28558074211399936
4900,50,3,12,1,56,2,0.3340125638760227
4900,50,3,11,1,55,1,0.3906579694456406
4900,50,4,11,1,54,2,0.45690990578437496
4900,50,4,10,1,53,1,0.5343975506249999
4900,50,5,10,1,52,3,0.6250263749999999
4900,50,5,11,1,51,2,0.7310249999999999
4900,50,4,11,1,50,3,0.855
4900,51,1,1,0,100,1,0.00028989315834711504
4900,51,2,1,0,99,3,0.0003390563255521813
4900,51,1,1,0,98,3,0.00039655710590898397
4900,51,1,2,0,97,1,0.0004638094805953029
4900,51,2,2,0,96,3,0.0005424672287664362
4900,51,2,3,0,95,0,0.0006344645950484634
4900,51,2,2,0,94,1,0.0007420638538578519
4900,51,3,2,0,93,2,0.0008679109401846222
4900,51,2,2,0,92,1,0.0010151005148358154
4900,51,3,2,0,91,0,0.0011872520641354567
4900,51,2,2,0,90,1,0.0013885989054215867
4900,51,3,2,0,89,0,0.0016240922870427914
4900,51,2,2,0,88,1,0.0018995231427401068
4900,51,3,2,0,87,3,0.0022216644944328735
4900,51,3,3,0,86,1,0.002598438005184647
4900,51,4,3,0,85,1,0.0030391087779937393
4900,51,5,3,0,84,0,0.0035545131906359524
4900,51,5,4,0,83,3,0.004157325369164857
4900,51,5,5,0,82,1,0.004862368852824394
4900,51,6,5,0,81,1,0.005686981114414496
4900,51,6,6,1,80,3,0.006651439899899995
4900,51,6,7,1,79,3,0.007779461871228065
4900,51,6,8,1,78,3,0.00909878581430183
4900,51,6,9,1,77,0,0.010641854753569392
4900,51,5,9,1,76,3,0.012446613746864786
4900,51,5,10,1,75,0,0.014557442978789224
4900,51,4,10,1,74,0,0.01702624909799909
4900,51,3,10,1,73,0,0.01991374163508666
4900,51,3,11,1,72,3,0.023290925888990247
4900,51,3,12,1,71,3,0.027240848992971047
4900,51,3,13,1,70,2,0.03186064209704216
4900,51,3,12,1,69,1,0.03726390888542943
4900,51,4,12,1,68,0,0.043583519164244945
4900,51,3,12,1,67,1,0.05097487621549116
4900,51,4,12,1,66,1,0.059619738263732354
4900,51,5,12,1,65,0,0.06973068802775714
4900,51,4,12,1,64,3,0.08155636026638262
4900,51,4,12,1,63,1,0.09538755586711417
4900,51,5,12,1,62,1,0.11156439282703412
4900,51,5,11,1,61,1,0.13048466997313932
4900,51,6,11,1,60,0,0.15261364909139102
4900,51,5,11,1,59,2,0.17849549601332285
4900,51,4,11,1,58,3,0.20876666200388638
4900,51,4,12,1,57,2,0.24417153450746945
4900,51,3,12,1,56,2,0.28558074211399936
4900,51,3,11,1,55,1,0.3340125638760227
4900,51,4,11,1,54,2,0.3906579694456406
4900,51,4,10,1,53,1,0.45690990578437496
4900,51,5,10,1,52,3,0.5343975506249999
4900,51,5,11,1,51,2,0.6250263749999999
4900,51,4,11,1,50,3,0.7310249999999999
4900,51,4,12,1,49,0,0.855
4900,52,1,1,0,100,1,0.0002478586503867834
4900,52,2,1,0,99,3,0.00028989315834711504
4900,52,1,1,0,98,3,0.0003390563255521813
4900,52,1,2,0,97,1,0.00039655710590898397
4900,52,2,2,0,96,3,0.0004638094805953029
4900,52,2,3,0,95,0,0.0005424672287664362
4900,52,2,2,0,94,1,0.0006344645950484634
4900,52,3,2,0,93,2,0.0007420638538578519
4900,52,2,2,0,92,1,0.0008679109401846222
4900,52,3,2,0,91,0,0.0010151005148358154
4900,52,2,2,0,90,1,0.0011872520641354567
4900,52,3,2,0,89,0,0.0013885989054215867
4900,52,2,2,0,88,1,0.0016240922870427914
4900,52,3,2,0,87,3,0.0018995231427401068
4900,52,3,3,0,86,1,0.0022216644944328735
4900,52,4,3,0,85,1,0.002598438005184647
4900,52,5,3,0,84,0,0.0030391087779937393
4900,52,5,4,0,83,3,0.0035545131906359524
4900,52,5,5,0,82,1,0.004157325369164857
4900,52,6,5,0,81,1,0.004862368852824394
4900,52,6,6,1,80,3,0.005686981114414496
4900,52,6,7,1,79,3,0.006651439899899995
4900,52,6,8,1,78,3,0.007779461871228065
4900,52,6,9,1,77,0,0.00909878581430183
4900,52,5,9,1,76,3,0.010641854753569392
4900,52,5,10,1,75,0,0.012446613746864786
4900,52,4,10,1,74,0,0.014557442978789224
4900,52,3,10,1,73,0,0.01702624909799909
4900,52,3,11,1,72,3,0.01991374163508666
4900,52,3,12,1,71,3,0.023290925888990247
4900,52,3,13,1,70,2,0.027240848992971047
4900,52,3,12,1,69,1,0.03186064209704216
4900,52,4,12,1,68,0,0.03726390888542943
4900,52,3,12,1,67,1,0.043583519164244945
4900,52,4,12,1,66,1,0.05097487621549116
4900,52,5,12,1,65,0,0.059619738263732354
4900,52,4,12,1,64,3,0.06973068802775714
4900,52,4,12,1,63,1,0.08155636026638262
4900,52,5,12,1,62,1,0.09538755586711417
4900,52,5,11,1,61,1,0.11156439282703412
4900,52,6,11,1,60,0,0.13048466997313932
4900,52,5,11,1,59,2,0.15261364909139102
4900,52,4,11,1,58,3,0.17849549601332285
4900,52,4,12,1,57,2,0.20876666200388638
4900,52,3,12,1,56,2,0.24417153450746945
4900,52,3,11,1,55,1,0.28558074211399936
4900,52,4,11,1,54,2,0.3340125638760227
4900,52,4,10,1,53,1,0.3906579694456406
4900,52,5,10,1,52,3,0.45690990578437496
4900,52,5,11,1,51,2,0.5343975506249999
4900,52,4,11,1,50,3,0.6250263749999999
4900,52,4,12,1,49,0,0.7310249999999999
4900,52,3,12,1,48,2,0.855
4900,53,1,1,0,100,1,0.00021191914608069978
4900,53,2,1,0,99,3,0.0002478586503867834
4900,53,1,1,0,98,3,0.00028989315834711504
4900,53,1,2,0,97,1,0.0003390563255521813
4900,53,2,2,0,96,3,0.00039655710590898397
4900,53,2,3,0,95,0,0.0004638094805953029
4900,53,2,2,0,94,1,0.0005424672287664362
4900,53,3,2,0,93,2,0.0006344645950484634
4900,53,2,2,0,92,1,0.0007420638538578519
4900,53,3,2,0,91,0,0.0008679109401846222
4900,53,2,2,0,90,1,0.0010151005148358154
4900,53,3,2,0,89,0,0.0011872520641354567
4900,53,2,2,0,88,1,0.0013885989054215867
4900,53,3,2,0,87,3,0.0016240922870427914
4900,53,3,3,0,86,1,0.0018995231427401068
4900,53,4,3,0,85,1,0.0022216644944328735
4900,53,5,3,0,84,0,0.002598438005184647
4900,53,5,4,0,83,3,0.0030391087779937393
4900,53,5,5,0,82,1,0.0035545131906359524
4900,53,6,5,0,81,1,0.004157325369164857
4900,53,6,6,1,80,3,0.004862368852824394
4900,53,6,7,1,79,3,0.005686981114414496
4900,53,6,8,1,78,3,0.006651439899899995
4900,53,6,9,1,77,0,0.007779461871228065
4900,53,5,9,1,76,3,0.00909878581430183
4900,53,5,10,1,75,0,0.010641854753569392
4900,53,4,10,1,74,0,0.012446613746864786
4900,53,3,10,1,73,0,0.014557442978789224
4900,53,3,11,1,72,3,0.01702624909799909
4900,53,3,12,1,71,3,0.01991374163508666
4900,53,3,13,1,70,2,0.023290925888990247
4900,53,3,12,1,69,1,0.027240848992971047
4900,53,4,12,1,68,0,0.03186064209704216
4900,53,3,12,1,67,1,0.03726390888542943
4900,53,4,12,1,66,1,0.043583519164244945
4900,53,5,12,1,65,0,0.05097487621549116
4900,53,4,12,1,64,3,0.059619738263732354
4900,53,4,12,1,63,1,0.06973068802775714
4900,53,5,12,1,62,1,0.08155636026638262
4900,53,5,11,1,61,1,0.09538755586711417
4900,53,6,11,1,60,0,0.11156439282703412
4900,53,5,11,1,59,2,0.13048466997313932
4900,53,4,11,1,58,3,0.15261364909139102
4900,53,4,12,1,57,2,0.17849549601332285
4900,53,3,12,1,56,2,0.20876666200388638
4900,53,3,11,1,55,1,0.24417153450746945
4900,53,4,11,1,54,2,0.28558074211399936
4900,53,4,10,1,53,1,0.3340125638760227
4900,53,5,10,1,52,3,0.3906579694456406
4900,53,5,11,1,51,2,0.45690990578437496
4900,53,4,11,1,50,3,0.5343975506249999
4900,53,4,12,1,49,0,0.6250263749999999
4900,53,3,12,1,48,2,0.7310249999999999
4900,53,3,11,1,47,3,0.855
4900,54,1,1,0,100,1,0.0001811908698989983
4900,54,2,1,0,99,3,0.00021191914608069978
4900,54,1,1,0,98,3,0.0002478586503867834
4900,54,1,2,0,97,1,0.00028989315834711504
4900,54,2,2,0,96,3,0.0003390563255521813
4900,54,2,3,0,95,0,0.00039655710590898397
4900,54,2,2,0,94,1,0.0004638094805953029
4900,54,3,2,0,93,2,0.0005424672287664362
4900,54,2,2,0,92,1,0.0006344645950484634
4900,54,3,2,0,91,0,0.0007420638538578519
4900,54,2,2,0,90,1,0.0008679109401846222
4900,54,3,2,0,89,0,0.0010151005148358154
4900,54,2,2,0,88,1,0.0011872520641354567
4900,54,3,2,0,87,3,0.0013885989054215867
4900,54,3,3,0,86,1,0.0016240922870427914
4900,54,4,3,0,85,1,0.0018995231427401068
4900,54,5,3,0,84,0,0.0022216644944328735
4900,54,5,4,0,83,3,0.002598438005184647
4900,54,5,5,0,82,1,0.0030391087779937393
4900,54,6,5,0,81,1,0.0035545131906359524
4900,54,6,6,1,80,3,0.004157325369164857
4900,54,6,7,1,79,3,0.004862368852824394
4900,54,6,8,1,78,3,0.005686981114414496
4900,54,6,9,1,77,0,0.006651439899899995
4900,54,5,9,1,76,3,0.007779461871228065
4900,54,5,10,1,75,0,0.00909878581430183
4900,54,4,10,1,74,0,0.010641854753569392
4900,54,3,10,1,73,0,0.012446613746864786
4900,54,3,11,1,72,3,0.014557442978789224
4900,54,3,12,1,71,3,0.01702624909799909
4900,54,3,13,1,70,2,0.01991374163508666
4900,54,3,12,1,69,1,0.023290925888990247
4900,54,4,12,1,68,0,0.027240848992971047
4900,54,3,12,1,67,1,0.03186064209704216
4900,54,4,12,1,66,1,0.03726390888542943
4900,54,5,12,1,65,0,0.043583519164244945
4900,54,4,12,1,64,3,0.05097487621549116
4900,54,4,12,1,63,1,0.059619738263732354
4900,54,5,12,1,62,1,0.06973068802775714
4900,54,5,11,1,61,1,0.08155636026638262
4900,54,6,11,1,60,0,0.09538755586711417
4900,54,5,11,1,59,2,0.11156439282703412
4900,54,4,11,1,58,3,0.13048466997313932
4900,54,4,12,1,57,2,0.15261364909139102
4900,54,3,12,1,56,2,0.17849549601332285
4900,54,3,11,1,55,1,0.20876666200388638
4900,54,4,11,1,54,2,0.24417153450746945
4900,54,4,10,1,53,1,0.28558074211399936
4900,54,5,10,1,52,3,0.3340125638760227
4900,54,5,11,1,51,2,0.3906579694456406
4900,54,4,11,1,50,3,0.45690990578437496
4900,54,4,12,1,49,0,0.5343975506249999
4900,54,3,12,1,48,2,0.6250263749999999
4900,54,3,11,1,47,3,0.7310249999999999
4900,54,3,12,1,46,0,0.855
4900,55,1,1,0,100,1,0.00015491819376364354
4900,55,2,1,0,99,3,0.0001811908698989983
4900,55,1,1,0,98,3,0.00021191914608069978
4900,55,1,2,0,97,1,0.0002478586503867834
4900,55,2,2,0,96,3,0.00028989315834711504
4900,55,2,3,0,95,0,0.0003390563255521813
4900,55,2,2,0,94,1,0.00039655710590898397
4900,55,3,2,0,93,2,0.0004638094805953029
4900,55,2,2,0,92,1,0.0005424672287664362
4900,55,3,2,0,91,0,0.0006344645950484634
4900,55,2,2,0,90,1,0.0007420638538578519
4900,55,3,2,0,89,0,0.0008679109401846222
4900,55,2,2,0,88,1,0.0010151005148358154
4900,55,3,2,0,87,3,0.0011872520641354567
4900,55,3,3,0,86,1,0.0013885989054215867
4900,55,4,3,0,85,1,0.0016240922870427914
4900,55,5,3,0,84,0,0.0018995231427401068
4900,55,5,4,0,83,3,0.0022216644944328735
4900,55,5,5,0,82,1,0.002598438005184647
4900,55,6,5,0,81,1,0.0030391087779937393
4900,55,6,6,1,80,3,0.0035545131906359524
4900,55,6,7,1,79,3,0.004157325369164857
4900,55,6,8,1,78,3,0.004862368852824394
4900,55,6,9,1,77,0,0.005686981114414496
4900,55,5,9,1,76,3,0.006651439899899995
4900,55,5,10,1,75,0,0.007779461871228065
4900,55,4,10,1,74,0,0.00909878581430183
4900,55,3,10,1,73,0,0.010641854753569392
4900,55,3,11,1,72,3,0.012446613746864786
4900,55,3,12,1,71,3,0.014557442978789224
4900,55,3,13,1,70,2,0.01702624909799909
4900,55,3,12,1,69,1,0.01991374163508666
4900,55,4,12,1,68,0,0.023290925888990247
4900,55,3,12,1,67,1,0.027240848992971047
4900,55,4,12,1,66,1,0.03186064209704216
4900,55,5,12,1,65,0,0.03726390888542943
4900,55,4,12,1,64,3,0.043583519164244945
4900,55,4,12,1,63,1,0.05097487621549116
4900,55,5,12,1,62,1,0.059619738263732354
4900,55,5,11,1,61,1,0.06973068802775714
4900,55,6,11,1,60,0,0.08155636026638262
4900,55,5,11,1,59,2,0.09538755586711417
4900,55,4,11,1,58,3,0.11156439282703412
4900,55,4,12,1,57,2,0.13048466997313932
4900,55,3,12,1,56,2,0.15261364909139102
4900,55,3,11,1,55,1,0.17849549601332285
4900,55,4,11,1,54,2,0.20876666200388638
4900,55,4,10,1,53,1,0.24417153450746945
4900,55,5,10,1,52,3,0.28558074211399936
4900,55,5,11,1,51,2,0.3340125638760227
4900,55,4,11,1,50,3,0.3906579694456406
4900,55,4,12,1,49,0,0.45690990578437496
4900,55,3,12,1,48,2,0.5343975506249999
4900,55,3,11,1,47,3,0.6250263749999999
4900,55,3,12,1,46,0,0.7310249999999999
4900,55,3,12,1,45,1,0.855
4900,56,1,1,0,100,1,0.00013245505566791523
4900,56,2,1,0,99,3,0.00015491819376364354
4900,56,1,1,0,98,3,0.0001811908698989983
4900,56,1,2,0,97,1,0.00021191914608069978
4900,56,2,2,0,96,3,0.0002478586503867834
4900,56,2,3,0,95,0,0.00028989315834711504
4900,56,2,2,0,94,1,0.0003390563255521813
4900,56,3,2,0,93,2,0.00039655710590898397
4900,56,2,2,0,92,1,0.0004638094805953029
4900,56,3,2,0,91,0,0.0005424672287664362
4900,56,2,2,0,90,1,0.0006344645950484634
4900,56,3,2,0,89,0,0.0007420638538578519
4900,56,2,2,0,88,1,0.0008679109401846222
4900,56,3,2,0,87,3,0.0010151005148358154
4900,56,3,3,0,86,1,0.0011872520641354567
4900,56,4,3,0,85,1,0.0013885989054215867
4900,56,5,3,0,84,0,0.0016240922870427914
4900,56,5,4,0,83,3,0.0018995231427401068
4900,56,5,5,0,82,1,0.0022216644944328735
4900,56,6,5,0,81,1,0.002598438005184647
4900,56,6,6,1,80,3,0.0030391087779937393
4900,56,6,7,1,79,3,0.0035545131906359524
4900,56,6,8,1,78,3,0.004157325369164857
4900,56,6,9,1,77,0,0.004862368852824394
4900,56,5,9,1,76,3,0.005686981114414496
4900,56,5,10,1,75,0,0.006651439899899995
4900,56,4,10,1,74,0,0.007779461871228065
4900,56,3,10,1,73,0,0.00909878581430183
4900,56,3,11,1,72,3,0.010641854753569392
4900,56,3,12,1,71,3,0.012446613746864786
4900,56,3,13,1,70,2,0.014557442978789224
4900,56,3,12,1,69,1,0.01702624909799909
4900,56,4,12,1,68,0,0.01991374163508666
4900,56,3,12,1,67,1,0.023290925888990247
4900,56,4,12,1,66,1,0.027240848992971047
4900,56,5,12,1,65,0,0.03186064209704216
4900,56,4,12,1,64,3,0.03726390888542943
4900,56,4,12,1,63,1,0.043583519164244945
4900,56,5,12,1,62,1,0.05097487621549116
4900,56,5,11,1,61,1,0.059619738263732354
4900,56,6,11,1,60,0,0.06973068802775714
4900,56,5,11,1,59,2,0.08155636026638262
4900,56,4,11,1,58,3,0.09538755586711417
4900,56,4,12,1,57,2,0.11156439282703412
4900,56,3,12,1,56,2,0.13048466997313932
4900,56,3,11,1,55,1,0.15261364909139102
4900,56,4,11,1,54,2,0.17849549601332285
4900,56,4,10,1,53,1,0.20876666200388638
4900,56,5,10,1,52,3,0.24417153450746945
4900,56,5,11,1,51,2,0.28558074211399936
4900,56,4,11,1,50,3,0.3340125638760227
4900,56,4,12,1,49,0,0.3906579694456406
4900,56,3,12,1,48,2,0.45690990578437496
4900,56,3,11,1,47,3,0.5343975506249999
4900,56,3,12,1,46,0,0.6250263749999999
4900,56,3,12,1,45,1,0.7310249999999999
4900,56,4,12,1,44,1,0.855
4900,57,1,1,0,100,1,0.00011324907259606752
4900,57,2,1,0,99,3,0.00013245505566791523
4900,57,1,1,0,98,3,0.00015491819376364354
4900,57,1,2,0,97,1,0.0001811908698989983
4900,57,2,2,0,96,3,0.00021191914608069978
4900,57,2,3,0,95,0,0.0002478586503867834
4900,57,2,2,0,94,1,0.00028989315834711504
4900,57,3,2,0,93,2,0.0003390563255521813
4900,57,2,2,0,92,1,0.00039655710590898397
4900,57,3,2,0,91,0,0.0004638094805953029
4900,57,2,2,0,90,1,0.0005424672287664362
4900,57,3,2,0,89,0,0.0006344645950484634
4900,57,2,2,0,88,1,0.0007420638538578519
4900,57,3,2,0,87,3,0.0008679109401846222
4900,57,3,3,0,86,1,0.0010151005148358154
4900,57,4,3,0,85,1,0.0011872520641354567
4900,57,5,3,0,84,0,0.0013885989054215867
4900,57,5,4,0,83,3,0.0016240922870427914
4900,57,5,5,0,82,1,0.0018995231427401068
4900,57,6,5,0,81,1,0.0022216644944328735
4900,57,6,6,1,80,3,0.002598438005184647
4900,57,6,7,1,79,3,0.0030391087779937393
4900,57,6,8,1,78,3,0.0035545131906359524
4900,57,6,9,1,77,0,0.004157325369164857
4900,57,5,9,1,76,3,0.004862368852824394
4900,57,5,10,1,75,0,0.005686981114414496
4900,57,4,10,1,74,0,0.006651439899899995
4900,57,3,10,1,73,0,0.007779461871228065
4900,57,3,11,1,72,3,0.00909878581430183
4900,57,3,12,1,71,3,0.010641854753569392
4900,57,3,13,1,70,2,0.012446613746864786
4900,57,3,12,1,69,1,0.014557442978789224
4900,57,4,12,1,68,0,0.01702624909799909
4900,57,3,12,1,67,1,0.01991374163508666
4900,57,4,12,1,66,1,0.023290925888990247
4900,57,5,12,1,65,0,0.027240848992971047
4900,57,4,12,1,64,3,0.03186064209704216
4900,57,4,12,1,63,1,0.03726390888542943
4900,57,5,12,1,62,1,0.043583519164244945
4900,57,5,11,1,61,1,0.05097487621549116
4900,57,6,11,1,60,0,0.059619738263732354
4900,57,5,11,1,59,2,0.06973068802775714
4900,57,4,11,1,58,3,0.08155636026638262
4900,57,4,12,1,57,2,0.09538755586711417
4900,57,3,12,1,56,2,0.11156439282703412
4900,57,3,11,1,55,1,0.13048466997313932
4900,57,4,11,1,54,2,0.15261364909139102
4900,57,4,10,1,53,1,0.17849549601332285
4900,57,5,10,1,52,3,0.20876666200388638
4900,57,5,11,1,51,2,0.24417153450746945
4900,57,4,11,1,50,3,0.28558074211399936
4900,57,4,12,1,49,0,0.3340125638760227
4900,57,3,12,1,48,2,0.3906579694456406
4900,57,3,11,1,47,3,0.45690990578437496
4900,57,3,12,1,46,0,0.5343975506249999
4900,57,3,12,1,45,1,0.6250263749999999
4900,57,4,12,1,44,1,0.7310249999999999
4900,57,4,11,1,43,1,0.855
4900,58,1,1,0,100,1,9.682795706963772e-05
4900,58,2,1,0,99,3,0.00011324907259606752
4900,58,1,1,0,98,3,0.00013245505566791523
4900,58,1,2,0,97,1,0.00015491819376364354
4900,58,2,2,0,96,3,0.0001811908698989983
4900,58,2,3,0,95,0,0.00021191914608069978
4900,58,2,2,0,94,1,0.0002478586503867834
4900,58,3,2,0,93,2,0.00028989315834711504
4900,58,2,2,0,92,1,0.0003390563255521813
4900,58,3,2,0,91,0,0.00039655710590898397
4900,58,2,2,0,90,1,0.0004638094805953029
4900,58,3,2,0,89,0,0.0005424672287664362
4900,58,2,2,0,88,1,0.0006344645950484634
4900,58,3,2,0,87,3,0.0007420638538578519
4900,58,3,3,0,86,1,0.0008679109401846222
4900,58,4,3,0,85,1,0.0010151005148358154
4900,58,5,3,0,84,0,0.0011872520641354567
4900,58,5,4,0,83,3,0.0013885989054215867
4900,58,5,5,0,82,1,0.0016240922870427914
4900,58,6,5,0,81,1,0.0018995231427401068
4900,58,6,6,1,80,3,0.0022216644944328735
4900,58,6,7,1,79,3,0.002598438005184647
4900,58,6,8,1,78,3,0.0030391087779937393
4900,58,6,9,1,77,0,0.0035545131906359524
4900,58,5,9,1,76,3,0.004157325369164857
4900,58,5,10,1,75,0,0.004862368852824394
4900,58,4,10,1,74,0,0.005686981114414496
4900,58,3,10,1,73,0,0.006651439899899995
4900,58,3,11,1,72,3,0.007779461871228065
4900,58,3,12,1,71,3,0.00909878581430183
4900,58,3,13,1,70,2,0.010641854753569392
4900,58,3,12,1,69,1,0.012446613746864786
4900,58,4,12,1,68,0,0.014557442978789224
4900,58,3,12,1,67,1,0.01702624909799909
4900,58,4,12,1,66,1,0.01991374163508666
4900,58,5,12,1,65,0,0.023290925888990247
4900,58,4,12,1,64,3,0.027240848992971047
4900,58,4,12,1,63,1,0.03186064209704216
4900,58,5,12,1,62,1,0.03726390888542943
4900,58,5,11,1,61,1,0.043583519164244945
4900,58,6,11,1,60,0,0.05097487621549116
4900,58,5,11,1,59,2,0.059619738263732354
4900,58,4,11,1,58,3,0.06973068802775714
4900,58,4,12,1,57,2,0.08155636026638262
4900,58,3,12,1,56,2,0.09538755586711417
4900,58,3,11,1,55,1,0.11156439282703412
4900,58,4,11,1,54,2,0.13048466997313932
4900,58,4,10,1,53,1,0.15261364909139102
4900,58,5,10,1,52,3,0.17849549601332285
4900,58,5,11,1,51,2,0.20876666200388638
4900,58,4,11,1,50,3,0.24417153450746945
4900,58,4,12,1,49,0,0.28558074211399936
4900,58,3,12,1,48,2,0.3340125638760227
4900,58,3,11,1,47,3,0.3906579694456406
4900,58,3,12,1,46,0,0.45690990578437496
4900,58,3,12,1,45,1,0.5343975506249999
4900,58,4,12,1,44,1,0.6250263749999999
4900,58,4,11,1,43,1,0.7310249999999999
4900,58,5,11,1,42,1,0.855
4900,59,1,1,0,100,1,8.278790329454025e-05
4900,59,2,1,0,99,3,9.682795706963772e-05
4900,59,1,1,0,98,3,0.00011324907259606752
4900,59,1,2,0,97,1,0.00013245505566791523
4900,59,2,2,0,96,3,0.00015491819376364354
4900,59,2,3,0,95,0,0.0001811908698989983
4900,59,2,2,0,94,1,0.00021191914608069978
4900,59,3,2,0,93,2,0.0002478586503867834
4900,59,2,2,0,92,1,0.00028989315834711504
4900,59,3,2,0,91,0,0.0003390563255521813
4900,59,2,2,0,90,1,0.00039655710590898397
4900,59,3,2,0,89,0,0.0004638094805953029
4900,59,2,2,0,88,1,0.0005424672287664362
4900,59,3,2,0,87,3,0.0006344645950484634
4900,59,3,3,0,86,1,0.0007420638538578519
4900,59,4,3,0,85,1,0.0008679109401846222
4900,59,5,3,0,84,0,0.0010151005148358154
4900,59,5,4,0,83,3,0.0011872520641354567
4900,59,5,5,0,82,1,0.0013885989054215867
4900,59,6,5,0,81,1,0.0016240922870427914
4900,59,6,6,1,80,3,0.0018995231427401068
4900,59,6,7,1,79,3,0.0022216644944328735
4900,59,6,8,1,78,3,0.002598438005184647
4900,59,6,9,1,77,0,0.0030391087779937393
4900,59,5,9,1,76,3,0.0035545131906359524
4900,59,5,10,1,75,0,0.004157325369164857
4900,59,4,10,1,74,0,0.004862368852824394
4900,59,3,10,1,73,0,0.005686981114414496
4900,59,3,11,1,72,3,0.006651439899899995
4900,59,3,12,1,71,3,0.007779461871228065
4900,59,3,13,1,70,2,0.00909878581430183
4900,59,3,12,1,69,1,0.010641854753569392
4900,59,4,12,1,68,0,0.012446613746864786
4900,59,3,12,1,67,1,0.014557442978789224
4900,59,4,12,1,66,1,0.01702624909799909
4900,59,5,12,1,65,0,0.01991374163508666
4900,59,4,12,1,64,3,0.023290925888990247
4900,59,4,12,1,63,1,0.027240848992971047
4900,59,5,12,1,62,1,0.03186064209704216
4900,59,5,11,1,61,1,0.03726390888542943
4900,59,6,11,1,60,0,0.043583519164244945
4900,59,5,11,1,59,2,0.05097487621549116
4900,59,4,11,1,58,3,0.059619738263732354
4900,59,4,12,1,57,2,0.06973068802775714
4900,59,3,12,1,56,2,0.08155636026638262
4900,59,3,11,1,55,1,0.09538755586711417
4900,59,4,11,1,54,2,0.11156439282703412
4900,59,4,10,1,53,1,0.13048466997313932
4900,59,5,10,1,52,3,0.15261364909139102
4900,59,5,11,1,51,2,0.17849549601332285
4900,59,4,11,1,50,3,0.20876666200388638
4900,59,4,12,1,49,0,0.24417153450746945
4900,59,3,12,1,48,2,0.28558074211399936
4900,59,3,11,1,47,3,0.3340125638760227
4900,59,3,12,1,46,0,0.3906579694456406
4900,59,3,12,1,45,1,0.45690990578437496
4900,59,4,12,1,44,1,0.5343975506249999
4900,59,4,11,1,43,1,0.6250263749999999
4900,59,5,11,1,42,1,0.7310249999999999
4900,59,5,12,1,41,3,0.855
4900,60,1,1,0,100,1,7.078365731683191e-05
4900,60,2,1,0,99,3,8.278790329454025e-05
4900,60,1,1,0,98,3,9.682795706963772e-05
4900,60,1,2,0,97,1,0.00011324907259606752
4900,60,2,2,0,96,3,0.00013245505566791523
4900,60,2,3,0,95,0,0.00015491819376364354
4900,60,2,2,0,94,1,0.0001811908698989983
4900,60,3,2,0,93,2,0.00021191914608069978
4900,60,2,2,0,92,1,0.0002478586503867834
4900,60,3,2,0,91,0,0.00028989315834711504
4900,60,2,2,0,90,1,0.0003390563255521813
4900,60,3,2,0,89,0,0.00039655710590898397
4900,60,2,2,0,88,1,0.0004638094805953029
4900,60,3,2,0,87,3,0.0005424672287664362
4900,60,3,3,0,86,1,0.0006344645950484634
4900,60,4,3,0,85,1,0.0007420638538578519
4900,60,5,3,0,84,0,0.0008679109401846222
4900,60,5,4,0,83,3,0.0010151005148358154
4900,60,5,5,0,82,1,0.0011872520641354567
4900,60,6,5,0,81,1,0.0013885989054215867
4900,60,6,6,1,80,3,0.0016240922870427914
4900,60,6,7,1,79,3,0.0018995231427401068
4900,60,6,8,1,78,3,0.0022216644944328735
4900,60,6,9,1,77,0,0.002598438005184647
4900,60,5,9,1,76,3,0.0030391087779937393
4900,60,5,10,1,75,0,0.0035545131906359524
4900,60,4,10,1,74,0,0.004157325369164857
4900,60,3,10,1,73,0,0.004862368852824394
4900,60,3,11,1,72,3,0.005686981114414496
4900,60,3,12,1,71,3,0.006651439899899995
4900,60,3,13,1,70,2,0.007779461871228065
4900,60,3,12,1,69,1,0.00909878581430183
4900,60,4,12,1,68,0,0.010641854753569392
4900,60,3,12,1,67,1,0.012446613746864786
4900,60,4,12,1,66,1,0.014557442978789224
4900,60,5,12,1,65,0,0.01702624909799909
4900,60,4,12,1,64,3,0.01991374163508666
4900,60,4,12,1,63,1,0.023290925888990247
4900,60,5,12,1,62,1,0.027240848992971047
4900,60,5,11,1,61,1,0.03186064209704216
4900,60,6,11,1,60,0,0.03726390888542943
4900,60,5,11,1,59,2,0.043583519164244945
4900,60,4,11,1,58,3,0.05097487621549116
4900,60,4,12,1,57,2,0.059619738263732354
4900,60,3,12,1,56,2,0.06973068802775714
4900,60,3,11,1,55,1,0.08155636026638262
4900,60,4,11,1,54,2,0.09538755586711417
4900,60,4,10,1,53,1,0.11156439282703412
4900,60,5,10,1,52,3,0.13048466997313932
4900,60,5,11,1,51,2,0.15261364909139102
4900,60,4,11,1,50,3,0.17849549601332285
4900,60,4,12,1,49,0,0.20876666200388638
4900,60,3,12,1,48,2,0.24417153450746945
4900,60,3,11,1,47,3,0.28558074211399936
4900,60,3,12,1,46,0,0.3340125638760227
4900,60,3,12,1,45,1,0.3906579694456406
4900,60,4,12,1,44,1,0.45690990578437496
4900,60,4,11,1,43,1,0.5343975506249999
4900,60,5,11,1,42,1,0.6250263749999999
4900,60,5,12,1,41,3,0.7310249999999999
4900,60,5,13,1,40,3,0.855
4900,61,1,1,0,100,1,6.052002700589128e-05
4900,61,2,1,0,99,3,7.078365731683191e-05
4900,61,1,1,0,98,3,8.278790329454025e-05
4900,61,1,2,0,97,1,9.682795706963772e-05
4900,61,2,2,0,96,3,0.00011324907259606752
4900,61,2,3,0,95,0,0.00013245505566791523
4900,61,2,2,0,94,1,0.00015491819376364354
4900,61,3,2,0,93,2,0.0001811908698989983
4900,61,2,2,0,92,1,0.00021191914608069978
4900,61,3,2,0,91,0,0.0002478586503867834
4900,61,2,2,0,90,1,0.00028989315834711504
4900,61,3,2,0,89,0,0.0003390563255521813
4900,61,2,2,0,88,1,0.00039655710590898397
4900,61,3,2,0,87,3,0.0004638094805953029
4900,61,3,3,0,86,1,0.0005424672287664362
4900,61,4,3,0,85,1,0.0006344645950484634
4900,61,5,3,0,84,0,0.0007420638538578519
4900,61,5,4,0,83,3,0.0008679109401846222
4900,61,5,5,0,82,1,0.0010151005148358154
4900,61,6,5,0,81,1,0.0011872520641354567
4900,61,6,6,1,80,3,0.0013885989054215867
4900,61,6,7,1,79,3,0.0016240922870427914
4900,61,6,8,1,78,3,0.0018995231427401068
4900,61,6,9,1,77,0,0.0022216644944328735
4900,61,5,9,1,76,3,0.002598438005184647
4900,61,5,10,1,75,0,0.0030391087779937393
4900,61,4,10,1,74,0,0.0035545131906359524
4900,61,3,10,1,73,0,0.004157325369164857
4900,61,3,11,1,72,3,0.004862368852824394
4900,61,3,12,1,71,3,0.005686981114414496
4900,61,3,13,1,70,2,0.006651439899899995
4900,61,3,12,1,69,1,0.007779461871228065
4900,61,4,12,1,68,0,0.00909878581430183
4900,61,3,12,1,67,1,0.010641854753569392
4900,61,4,12,1,66,1,0.012446613746864786
4900,61,5,12,1,65,0,0.014557442978789224
4900,61,4,12,1,64,3,0.01702624909799909
4900,61,4,12,1,63,1,0.01991374163508666
4900,61,5,12,1,62,1,0.023290925888990247
4900,61,5,11,1,61,1,0.027240848992971047
4900,61,6,11,1,60,0,0.03186064209704216
4900,61,5,11,1,59,2,0.03726390888542943
4900,61,4,11,1,58,3,0.043583519164244945
4900,61,4,12,1,57,2,0.05097487621549116
4900,61,3,12,1,56,2,0.059619738263732354
4900,61,3,11,1,55,1,0.06973068802775714
4900,61,4,11,1,54,2,0.08155636026638262
4900,61,4,10,1,53,1,0.09538755586711417
4900,61,5,10,1,52,3,0.11156439282703412
4900,61,5,11,1,51,2,0.13048466997313932
4900,61,4,11,1,50,3,0.15261364909139102
4900,61,4,12,1,49,0,0.17849549601332285
4900,61,3,12,1,48,2,0.20876666200388638
4900,61,3,11,1,47,3,0.24417153450746945
4900,61,3,12,1,46,0,0.28558074211399936
4900,61,3,12,1,45,1,0.3340125638760227
4900,61,4,12,1,44,1,0.3906579694456406
4900,61,4,11,1,43,1,0.45690990578437496
4900,61,5,11,1,42,1,0.5343975506249999
4900,61,5,12,1,41,3,0.6250263749999999
4900,61,5,13,1,40,3,0.7310249999999999
4900,61,5,14,1,39,1,0.855
4900,62,1,1,0,100,1,5.174462309003704e-05
4900,62,2,1,0,99,3,6.052002700589128e-05
4900,62,1,1,0,98,3,7.078365731683191e-05
4900,62,1,2,0,97,1,8.278790329454025e-05
4900,62,2,2,0,96,3,9.682795706963772e-05
4900,62,2,3,0,95,0,0.00011324907259606752
4900,62,2,2,0,94,1,0.00013245505566791523
4900,62,3,2,0,93,2,0.00015491819376364354
4900,62,2,2,0,92,1,0.0001811908698989983
4900,62,3,2,0,91,0,0.00021191914608069978
4900,62,2,2,0,90,1,0.0002478586503867834
4900,62,3,2,0,89,0,0.00028989315834711504
4900,62,2,2,0,88,1,0.0003390563255521813
4900,62,3,2,0,87,3,0.00039655710590898397
4900,62,3,3,0,86,1,0.0004638094805953029
4900,62,4,3,0,85,1,0.0005424672287664362
4900,62,5,3,0,84,0,0.0006344645950484634
4900,62,5,4,0,83,3,0.0007420638538578519
4900,62,5,5,0,82,1,0.0008679109401846222
4900,62,6,5,0,81,1,0.0010151005148358154
4900,62,6,6,1,80,3,0.0011872520641354567
4900,62,6,7,1,79,3,0.0013885989054215867
4900,62,6,8,1,78,3,0.0016240922870427914
4900,62,6,9,1,77,0,0.0018995231427401068
4900,62,5,9,1,76,3,0.0022216644944328735
4900,62,5,10,1,75,0,0.002598438005184647
4900,62,4,10,1,74,0,0.0030391087779937393
4900,62,3,10,1,73,0,0.0035545131906359524
4900,62,3,11,1,72,3,0.004157325369164857
4900,62,3,12,1,71,3,0.004862368852824394
4900,62,3,13,1,70,2,0.005686981114414496
4900,62,3,12,1,69,1,0.006651439899899995
4900,62,4,12,1,68,0,0.007779461871228065
4900,62,3,12,1,67,1,0.00909878581430183
4900,62,4,12,1,66,1,0.010641854753569392
4900,62,5,12,1,65,0,0.012446613746864786
4900,62,4,12,1,64,3,0.014557442978789224
4900,62,4,12,1,63,1,0.01702624909799909
4900,62,5,12,1,62,1,0.01991374163508666
4900,62,5,11,1,61,1,0.023290925888990247
4900,62,6,11,1,60,0,0.027240848992971047
4900,62,5,11,1,59,2,0.03186064209704216
4900,62,4,11,1,58,3,0.03726390888542943
4900,62,4,12,1,57,2,0.043583519164244945
4900,62,3,12,1,56,2,0.05097487621549116
4900,62,3,11,1,55,1,0.059619738263732354
4900,62,4,11,1,54,2,0.06973068802775714
4900,62,4,10,1,53,1,0.08155636026638262
4900,62,5,10,1,52,3,0.09538755586711417
4900,62,5,11,1,51,2,0.11156439282703412
4900,62,4,11,1,50,3,0.13048466997313932
4900,62,4,12,1,49,0,0.15261364909139102
4900,62,3,12,1,48,2,0.17849549601332285
4900,62,3,11,1,47,3,0.20876666200388638
4900,62,3,12,1,46,0,0.24417153450746945
4900,62,3,12,1,45,1,0.28558074211399936
4900,62,4,12,1,44,1,0.3340125638760227
4900,62,4,11,1,43,1,0.3906579694456406
4900,62,5,11,1,42,1,0.45690990578437496
4900,62,5,12,1,41,3,0.5343975506249999
4900,62,5,13,1,40,3,0.6250263749999999
4900,62,5,14,1,39,1,0.7310249999999999
4900,62,5,14,1,38,3,0.855
4900,63,1,1,0,100,1,4.4241652741981674e-05
4900,63,2,1,0,99,3,5.174462309003704e-05
4900,63,1,1,0,98,3,6.052002700589128e-05
4900,63,1,2,0,97,1,7.078365731683191e-05
4900,63,2,2,0,96,3,8.278790329454025e-05
4900,63,2,3,0,95,0,9.682795706963772e-05
4900,63,2,2,0,94,1,0.00011324907259606752
4900,63,3,2,0,93,2,0.00013245505566791523
4900,63,2,2,0,92,1,0.00015491819376364354
4900,63,3,2,0,91,0,0.0001811908698989983
4900,63,2,2,0,90,1,0.00021191914608069978
4900,63,3,2,0,89,0,0.0002478586503867834
4900,63,2,2,0,88,1,0.00028989315834711504
4900,63,3,2,0,87,3,0.0003390563255521813
4900,63,3,3,0,86,1,0.00039655710590898397
4900,63,4,3,0,85,1,0.0004638094805953029
4900,63,5,3,0,84,0,0.0005424672287664362
4900,63,5,4,0,83,3,0.0006344645950484634
4900,63,5,5,0,82,1,0.0007420638538578519
4900,63,6,5,0,81,1,0.0008679109401846222
4900,63,6,6,1,80,3,0.0010151005148358154
4900,63,6,7,1,79,3,0.0011872520641354567
4900,63,6,8,1,78,3,0.0013885989054215867
4900,63,6,9,1,77,0,0.0016240922870427914
4900,63,5,9,1,76,3,0.0018995231427401068
4900,63,5,10,1,75,0,0.0022216644944328735
4900,63,4,10,1,74,0,0.002598438005184647
4900,63,3,10,1,73,0,0.0030391087779937393
4900,63,3,11,1,72,3,0.0035545131906359524
4900,63,3,12,1,71,3,0.004157325369164857
4900,63,3,13,1,70,2,0.004862368852824394
4900,63,3,12,1,69,1,0.005686981114414496
4900,63,4,12,1,68,0,0.006651439899899995
4900,63,3,12,1,67,1,0.007779461871228065
4900,63,4,12,1,66,1,0.00909878581430183
4900,63,5,12,1,65,0,0.010641854753569392
4900,63,4,12,1,64,3,0.012446613746864786
4900,63,4,12,1,63,1,0.014557442978789224
4900,63,5,12,1,62,1,0.01702624909799909
4900,63,5,11,1,61,1,0.01991374163508666
4900,63,6,11,1,60,0,0.023290925888990247
4900,63,5,11,1,59,2,0.027240848992971047
4900,63,4,11,1,58,3,0.03186064209704216
4900,63,4,12,1,57,2,0.03726390888542943
4900,63,3,12,1,56,2,0.043583519164244945
4900,63,3,11,1,55,1,0.05097487621549116
4900,63,4,11,1,54,2,0.059619738263732354
4900,63,4,10,1,53,1,0.06973068802775714
4900,63,5,10,1,52,3,0.08155636026638262
4900,63,5,11,1,51,2,0.09538755586711417
4900,63,4,11,1,50,3,0.11156439282703412
4900,63,4,12,1,49,0,0.13048466997313932
4900,63,3,12,1,48,2,0.15261364909139102
4900,63,3,11,1,47,3,0.17849549601332285
4900,63,3,12,1,46,0,0.20876666200388638
4900,63,3,12,1,45,1,0.24417153450746945
4900,63,4,12,1,44,1,0.28558074211399936
4900,63,4,11,1,43,1,0.3340125638760227
4900,63,5,11,1,42,1,0.3906579694456406
4900,63,5,12,1,41,3,0.45690990578437496
4900,63,5,13,1,40,3,0.5343975506249999
4900,63,5,14,1,39,1,0.6250263749999999
4900,63,5,14,1,38,3,0.7310249999999999
4900,63,5,15,1,37,2,0.855
4900,64,1,1,0,100,1,3.782661309439433e-05
4900,64,2,1,0,99,3,4.4241652741981674e-05
4900,64,1,1,0,98,3,5.174462309003704e-05
4900,64,1,2,0,97,1,6.052002700589128e-05
4900,64,2,2,0,96,3,7.078365731683191e-05
4900,64,2,3,0,95,0,8.278790329454025e-05
4900,64,2,2,0,94,1,9.682795706963772e-05
4900,64,3,2,0,93,2,0.00011324907259606752
4900,64,2,2,0,92,1,0.00013245505566791523
4900,64,3,2,0,91,0,0.00015491819376364354
4900,64,2,2,0,90,1,0.0001811908698989983
4900,64,3,2,0,89,0,0.00021191914608069978
4900,64,2,2,0,88,1,0.0002478586503867834
4900,64,3,2,0,87,3,0.00028989315834711504
4900,64,3,3,0,86,1,0.0003390563255521813
4900,64,4,3,0,85,1,0.00039655710590898397
4900,64,5,3,0,84,0,0.0004638094805953029
4900,64,5,4,0,83,3,0.0005424672287664362
4900,64,5,5,0,82,1,0.0006344645950484634
4900,64,6,5,0,81,1,0.0007420638538578519
4900,64,6,6,1,80,3,0.0008679109401846222
4900,64,6,7,1,79,3,0.0010151005148358154
4900,64,6,8,1,78,3,0.0011872520641354567
4900,64,6,9,1,77,0,0.0013885989054215867
4900,64,5,9,1,76,3,0.0016240922870427914
4900,64,5,10,1,75,0,0.0018995231427401068
4900,64,4,10,1,74,0,0.0022216644944328735
4900,64,3,10,1,73,0,0.002598438005184647
4900,64,3,11,1,72,3,0.0030391087779937393
4900,64,3,12,1,71,3,0.0035545131906359524
4900,64,3,13,1,70,2,0.004157325369164857
4900,64,3,12,1,69,1,0.004862368852824394
4900,64,4,12,1,68,0,0.005686981114414496
4900,64,3,12,1,67,1,0.006651439899899995
4900,64,4,12,1,66,1,0.007779461871228065
4900,64,5,12,1,65,0,0.00909878581430183
4900,64,4,12,1,64,3,0.010641854753569392
4900,64,4,12,1,63,1,0.012446613746864786
4900,64,5,12,1,62,1,0.014557442978789224
4900,64,5,11,1,61,1,0.01702624909799909
4900,64,6,11,1,60,0,0.01991374163508666
4900,64,5,11,1,59,2,0.023290925888990247
4900,64,4,11,1,58,3,0.027240848992971047
4900,64,4,12,1,57,2,0.03186064209704216
4900,64,3,12,1,56,2,0.03726390888542943
4900,64,3,11,1,55,1,0.043583519164244945
4900,64,4,11,1,54,2,0.05097487621549116
4900,64,4,10,1,53,1,0.059619738263732354
4900,64,5,10,1,52,3,0.06973068802775714
4900,64,5,11,1,51,2,0.08155636026638262
4900,64,4,11,1,50,3,0.09538755586711417
4900,64,4,12,1,49,0,0.11156439282703412
4900,64,3,12,1,48,2,0.13048466997313932
4900,64,3,11,1,47,3,0.15261364909139102
4900,64,3,12,1,46,0,0.17849549601332285
4900,64,3,12,1,45,1,0.20876666200388638
4900,64,4,12,1,44,1,0.24417153450746945
4900,64,4,11,1,43,1,0.28558074211399936
4900,64,5,11,1,42,1,0.3340125638760227
4900,64,5,12,1,41,3,0.3906579694456406
4900,64,5,13,1,40,3,0.45690990578437496
4900,64,5,14,1,39,1,0.5343975506249999
4900,64,5,14,1,38,3,0.6250263749999999
4900,64,5,15,1,37,2,0.7310249999999999
4900,64,5,14,1,36,2,0.855
4900,65,1,1,0,100,1,3.2341754195707156e-05
4900,65,2,1,0,99,3,3.782661309439433e-05
4900,65,1,1,0,98,3,4.4241652741981674e-05
4900,65,1,2,0,97,1,5.174462309003704e-05
4900,65,2,2,0,96,3,6.052002700589128e-05
4900,65,2,3,0,95,0,7.078365731683191e-05
4900,65,2,2,0,94,1,8.278790329454025e-05
4900,65,3,2,0,93,2,9.682795706963772e-05
4900,65,2,2,0,92,1,0.00011324907259606752
4900,65,3,2,0,91,0,0.00013245505566791523
4900,65,2,2,0,90,1,0.00015491819376364354
4900,65,3,2,0,89,0,0.0001811908698989983
4900,65,2,2,0,88,1,0.00021191914608069978
4900,65,3,2,0,87,3,0.0002478586503867834
4900,65,3,3,0,86,1,0.00028989315834711504
4900,65,4,3,0,85,1,0.0003390563255521813
4900,65,5,3,0,84,0,0.00039655710590898397
4900,65,5,4,0,83,3,0.0004638094805953029
4900,65,5,5,0,82,1,0.0005424672287664362
4900,65,6,5,0,81,1,0.0006344645950484634
4900,65,6,6,1,80,3,0.0007420638538578519
4900,65,6,7,1,79,3,0.0008679109401846222
4900,65,6,8,1,78,3,0.0010151005148358154
4900,65,6,9,1,77,0,0.0011872520641354567
4900,65,5,9,1,76,3,0.0013885989054215867
4900,65,5,10,1,75,0,0.0016240922870427914
4900,65,4,10,1,74,0,0.0018995231427401068
4900,65,3,10,1,73,0,0.0022216644944328735
4900,65,3,11,1,72,3,0.002598438005184647
4900,65,3,12,1,71,3,0.0030391087779937393
4900,65,3,13,1,70,2,0.0035545131906359524
4900,65,3,12,1,69,1,0.004157325369164857
4900,65,4,12,1,68,0,0.004862368852824394
4900,65,3,12,1,67,1,0.005686981114414496
4900,65,4,12,1,66,1,0.006651439899899995
4900,65,5,12,1,65,0,0.007779461871228065
4900,65,4,12,1,64,3,0.00909878581430183
4900,65,4,12,1,63,1,0.010641854753569392
4900,65,5,12,1,62,1,0.012446613746864786
4900,65,5,11,1,61,1,0.014557442978789224
4900,65,6,11,1,60,0,0.01702624909799909
4900,65,5,11,1,59,2,0.01991374163508666
4900,65,4,11,1,58,3,0.023290925888990247
4900,65,4,12,1,57,2,0.027240848992971047
4900,65,3,12,1,56,2,0.03186064209704216
4900,65,3,11,1,55,1,0.03726390888542943
4900,65,4,11,1,54,2,0.043583519164244945
4900,65,4,10,1,53,1,0.05097487621549116
4900,65,5,10,1,52,3,0.059619738263732354
4900,65,5,11,1,51,2,0.06973068802775714
4900,65,4,11,1,50,3,0.08155636026638262
4900,65,4,12,1,49,0,0.09538755586711417
4900,65,3,12,1,48,2,0.11156439282703412
4900,65,3,11,1,47,3,0.13048466997313932
4900,65,3,12,1,46,0,0.15261364909139102
4900,65,3,12,1,45,1,0.17849549601332285
4900,65,4,12,1,44,1,0.20876666200388638
4900,65,4,11,1,43,1,0.24417153450746945
4900,65,5,11,1,42,1,0.28558074211399936
4900,65,5,12,1,41,3,0.3340125638760227
4900,65,5,13,1,40,3,0.3906579694456406
4900,65,5,14,1,39,1,0.45690990578437496
4900,65,5,14,1,38,3,0.5343975506249999
4900,65,5,15,1,37,2,0.6250263749999999
4900,65,5,14,1,36,2,0.7310249999999999
4900,65,5,13,1,35,0,0.855
4900,66,1,1,0,100,1,2.765219983732962e-05
4900,66,2,1,0,99,3,3.2341754195707156e-05
4900,66,1,1,0,98,3,3.782661309439433e-05
4900,66,1,2,0,97,1,4.4241652741981674e-05
4900,66,2,2,0,96,3,5.174462309003704e-05
4900,66,2,3,0,95,0,6.052002700589128e-05
4900,66,2,2,0,94,1,7.078365731683191e-05
4900,66,3,2,0,93,2,8.278790329454025e-05
4900,66,2,2,0,92,1,9.682795706963772e-05
4900,66,3,2,0,91,0,0.00011324907259606752
4900,66,2,2,0,90,1,0.00013245505566791523
4900,66,3,2,0,89,0,0.00015491819376364354
4900,66,2,2,0,88,1,0.0001811908698989983
4900,66,3,2,0,87,3,0.00021191914608069978
4900,66,3,3,0,86,1,0.0002478586503867834
4900,66,4,3,0,85,1,0.00028989315834711504
4900,66,5,3,0,84,0,0.0003390563255521813
4900,66,5,4,0,83,3,0.00039655710590898397
4900,66,5,5,0,82,1,0.0004638094805953029
4900,66,6,5,0,81,1,0.0005424672287664362
4900,66,6,6,1,80,3,0.0006344645950484634
4900,66,6,7,1,79,3,0.0007420638538578519
4900,66,6,8,1,78,3,0.0008679109401846222
4900,66,6,9,1,77,0,0.0010151005148358154
4900,66,5,9,1,76,3,0.0011872520641354567
4900,66,5,10,1,75,0,0.0013885989054215867
4900,66,4,10,1,74,0,0.0016240922870427914
4900,66,3,10,1,73,0,0.0018995231427401068
4900,66,3,11,1,72,3,0.0022216644944328735
4900,66,3,12,1,71,3,0.002598438005184647
4900,66,3,13,1,70,2,0.0030391087779937393
4900,66,3,12,1,69,1,0.0035545131906359524
4900,66,4,12,1,68,0,0.004157325369164857
4900,66,3,12,1,67,1,0.004862368852824394
4900,66,4,12,1,66,1,0.005686981114414496
4900,66,5,12,1,65,0,0.006651439899899995
4900,66,4,12,1,64,3,0.007779461871228065
4900,66,4,12,1,63,1,0.00909878581430183
4900,66,5,12,1,62,1,0.010641854753569392
4900,66,5,11,1,61,1,0.012446613746864786
4900,66,6,11,1,60,0,0.014557442978789224
4900,66,5,11,1,59,2,0.01702624909799909
4900,66,4,11,1,58,3,0.01991374163508666
4900,66,4,12,1,57,2,0.023290925888990247
4900,66,3,12,1,56,2,0.027240848992971047
4900,66,3,11,1,55,1,0.03186064209704216
4900,66,4,11,1,54,2,0.03726390888542943
4900,66,4,10,1,53,1,0.043583519164244945
4900,66,5,10,1,52,3,0.05097487621549116
4900,66,5,11,1,51,2,0.059619738263732354
4900,66,4,11,1,50,3,0.06973068802775714
4900,66,4,12,1,49,0,0.08155636026638262
4900,66,3,12,1,48,2,0.09538755586711417
4900,66,3,11,1,47,3,0.11156439282703412
4900,66,3,12,1,46,0,0.13048466997313932
4900,66,3,12,1,45,1,0.15261364909139102
4900,66,4,12,1,44,1,0.17849549601332285
4900,66,4,11,1,43,1,0.20876666200388638
4900,66,5,11,1,42,1,0.24417153450746945
4900,66,5,12,1,41,3,0.28558074211399936
4900,66,5,13,1,40,3,0.3340125638760227
4900,66,5,14,1,39,1,0.3906579694456406
4900,66,5,14,1,38,3,0.45690990578437496
4900,66,5,15,1,37,2,0.5343975506249999
4900,66,5,14,1,36,2,0.6250263749999999
4900,66,5,13,1,35,0,0.7310249999999999
4900,66,5,13,1,34,3,0.855
4900,67,1,1,0,100,1,2.3642630860916825e-05
4900,67,2,1,0,99,3,2.765219983732962e-05
4900,67,1,1,0,98,3,3.2341754195707156e-05
4900,67,1,2,0,97,1,3.782661309439433e-05
4900,67,2,2,0,96,3,4.4241652741981674e-05
4900,67,2,3,0,95,0,5.174462309003704e-05
4900,67,2,2,0,94,1,6.052002700589128e-05
4900,67,3,2,0,93,2,7.078365731683191e-05
4900,67,2,2,0,92,1,8.278790329454025e-05
4900,67,3,2,0,91,0,9.682795706963772e-05
4900,67,2,2,0,90,1,0.00011324907259606752
4900,67,3,2,0,89,0,0.00013245505566791523
4900,67,2,2,0,88,1,0.00015491819376364354
4900,67,3,2,0,87,3,0.0001811908698989983
4900,67,3,3,0,86,1,0.00021191914608069978
4900,67,4,3,0,85,1,0.0002478586503867834
4900,67,5,3,0,84,0,0.00028989315834711504
4900,67,5,4,0,83,3,0.0003390563255521813
4900,67,5,5,0,82,1,0.00039655710590898397
4900,67,6,5,0,81,1,0.0004638094805953029
4900,67,6,6,1,80,3,0.0005424672287664362
4900,67,6,7,1,79,3,0.0006344645950484634
4900,67,6,8,1,78,3,0.0007420638538578519
4900,67,6,9,1,77,0,0.0008679109401846222
4900,67,5,9,1,76,3,0.0010151005148358154
4900,67,5,10,1,75,0,0.0011872520641354567
4900,67,4,10,1,74,0,0.0013885989054215867
4900,67,3,10,1,73,0,0.0016240922870427914
4900,67,3,11,1,72,3,0.0018995231427401068
4900,67,3,12,1,71,3,0.0022216644944328735
4900,67,3,13,1,70,2,0.002598438005184647
4900,67,3,12,1,69,1,0.0030391087779937393
4900,67,4,12,1,68,0,0.0035545131906359524
4900,67,3,12,1,67,1,0.004157325369164857
4900,67,4,12,1,66,1,0.004862368852824394
4900,67,5,12,1,65,0,0.005686981114414496
4900,67,4,12,1,64,3,0.006651439899899995
4900,67,4,12,1,63,1,0.007779461871228065
4900,67,5,12,1,62,1,0.00909878581430183
4900,67,5,11,1,61,1,0.010641854753569392
4900,67,6,11,1,60,0,0.012446613746864786
4900,67,5,11,1,59,2,0.014557442978789224
4900,67,4,11,1,58,3,0.01702624909799909
4900,67,4,12,1,57,2,0.01991374163508666
4900,67,3,12,1,56,2,0.023290925888990247
4900,67,3,11,1,55,1,0.027240848992971047
4900,67,4,11,1,54,2,0.03186064209704216
4900,67,4,10,1,53,1,0.03726390888542943
4900,67,5,10,1,52,3,0.043583519164244945
4900,67,5,11,1,51,2,0.05097487621549116
4900,67,4,11,1,50,3,0.059619738263732354
4900,67,4,12,1,49,0,0.06973068802775714
4900,67,3,12,1,48,2,0.08155636026638262
4900,67,3,11,1,47,3,0.09538755586711417
4900,67,3,12,1,46,0,0.11156439282703412
4900,67,3,12,1,45,1,0.13048466997313932
4900,67,4,12,1,44,1,0.15261364909139102
4900,67,4,11,1,43,1,0.17849549601332285
4900,67,5,11,1,42,1,0.20876666200388638
4900,67,5,12,1,41,3,0.24417153450746945
4900,67,5,13,1,40,3,0.28558074211399936
4900,67,5,14,1,39,1,0.3340125638760227
4900,67,5,14,1,38,3,0.3906579694456406
4900,67,5,15,1,37,2,0.45690990578437496
4900,67,5,14,1,36,2,0.5343975506249999
4900,67,5,13,1,35,0,0.6250263749999999
4900,67,5,13,1,34,3,0.7310249999999999
4900,67,5,14,1,33,3,0.855
4900,68,1,1,0,100,1,2.0214449386083884e-05
4900,68,2,1,0,99,3,2.3642630860916825e-05
4900,68,1,1,0,98,3,2.765219983732962e-05
4900,68,1,2,0,97,1,3.2341754195707156e-05
4900,68,2,2,0,96,3,3.782661309439433e-05
4900,68,2,3,0,95,0,4.4241652741981674e-05
4900,68,2,2,0,94,1,5.174462309003704e-05
4900,68,3,2,0,93,2,6.052002700589128e-05
4900,68,2,2,0,92,1,7.078365731683191e-05
4900,68,3,2,0,91,0,8.278790329454025e-05
4900,68,2,2,0,90,1,9.682795706963772e-05
4900,68,3,2,0,89,0,0.00011324907259606752
4900,68,2,2,0,88,1,0.00013245505566791523
4900,68,3,2,0,87,3,0.00015491819376364354
4900,68,3,3,0,86,1,0.0001811908698989983
4900,68,4,3,0,85,1,0.00021191914608069978
4900,68,5,3,0,84,0,0.0002478586503867834
4900,68,5,4,0,83,3,0.00028989315834711504
4900,68,5,5,0,82,1,0.0003390563255521813
4900,68,6,5,0,81,1,0.00039655710590898397
4900,68,6,6,1,80,3,0.0004638094805953029
4900,68,6,7,1,79,3,0.0005424672287664362
4900,68,6,8,1,78,3,0.0006344645950484634
4900,68,6,9,1,77,0,0.0007420638538578519
4900,68,5,9,1,76,3,0.0008679109401846222
4900,68,5,10,1,75,0,0.0010151005148358154
4900,68,4,10,1,74,0,0.0011872520641354567
4900,68,3,10,1,73,0,0.0013885989054215867
4900,68,3,11,1,72,3,0.0016240922870427914
4900,68,3,12,1,71,3,0.0018995231427401068
4900,68,3,13,1,70,2,0.0022216644944328735
4900,68,3,12,1,69,1,0.002598438005184647
4900,68,4,12,1,68,0,0.0030391087779937393
4900,68,3,12,1,67,1,0.0035545131906359524
4900,68,4,12,1,66,1,0.004157325369164857
4900,68,5,12,1,65,0,0.004862368852824394
4900,68,4,12,1,64,3,0.005686981114414496
4900,68,4,12,1,63,1,0.006651439899899995
4900,68,5,12,1,62,1,0.007779461871228065
4900,68,5,11,1,61,1,0.00909878581430183
4900,68,6,11,1,60,0,0.010641854753569392
4900,68,5,11,1,59,2,0.012446613746864786
4900,68,4,11,1,58,3,0.014557442978789224
4900,68,4,12,1,57,2,0.01702624909799909
4900,68,3,12,1,56,2,0.01991374163508666
4900,68,3,11,1,55,1,0.023290925888990247
4900,68,4,11,1,54,2,0.027240848992971047
4900,68,4,10,1,53,1,0.03186064209704216
4900,68,5,10,1,52,3,0.03726390888542943
4900,68,5,11,1,51,2,0.043583519164244945
4900,68,4,11,1,50,3,0.05097487621549116
4900,68,4,12,1,49,0,0.059619738263732354
4900,68,3,12,1,48,2,0.06973068802775714
4900,68,3,11,1,47,3,0.08155636026638262
4900,68,3,12,1,46,0,0.09538755586711417
4900,68,3,12,1,45,1,0.11156439282703412
4900,68,4,12,1,44,1,0.13048466997313932
4900,68,4,11,1,43,1,0.15261364909139102
4900,68,5,11,1,42,1,0.17849549601332285
4900,68,5,12,1,41,3,0.20876666200388638
4900,68,5,13,1,40,3,0.24417153450746945
4900,68,5,14,1,39,1,0.28558074211399936
4900,68,5,14,1,38,3,0.3340125638760227
4900,68,5,15,1,37,2,0.3906579694456406
4900,68,5,14,1,36,2,0.45690990578437496
4900,68,5,13,1,35,0,0.5343975506249999
4900,68,5,13,1,34,3,0.6250263749999999
4900,68,5,14,1,33,3,0.7310249999999999
4900,68,5,15,1,32,0,0.855
4900,69,1,1,0,100,1,1.7283354225101722e-05
4900,69,2,1,0,99,3,2.0214449386083884e-05
4900,69,1,1,0,98,3,2.3642630860916825e-05
4900,69,1,2,0,97,1,2.765219983732962e-05
4900,69,2,2,0,96,3,3.2341754195707156e-05
4900,69,2,3,0,95,0,3.782661309439433e-05
4900,69,2,2,0,94,1,4.4241652741981674e-05
4900,69,3,2,0,93,2,5.174462309003704e-05
4900,69,2,2,0,92,1,6.052002700589128e-05
4900,69,3,2,0,91,0,7.078365731683191e-05
4900,69,2,2,0,90,1,8.278790329454025e-05
4900,69,3,2,0,89,0,9.682795706963772e-05
4900,69,2,2,0,88,1,0.00011324907259606752
4900,69,3,2,0,87,3,0.00013245505566791523
4900,69,3,3,0,86,1,0.00015491819376364354
4900,69,4,3,0,85,1,0.0001811908698989983
4900,69,5,3,0,84,0,0.00021191914608069978
4900,69,5,4,0,83,3,0.0002478586503867834
4900,69,5,5,0,82,1,0.00028989315834711504
4900,69,6,5,0,81,1,0.0003390563255521813
4900,69,6,6,1,80,3,0.00039655710590898397
4900,69,6,7,1,79,3,0.0004638094805953029
4900,69,6,8,1,78,3,0.0005424672287664362
4900,69,6,9,1,77,0,0.0006344645950484634
4900,69,5,9,1,76,3,0.0007420638538578519
4900,69,5,10,1,75,0,0.0008679109401846222
4900,69,4,10,1,74,0,0.0010151005148358154
4900,69,3,10,1,73,0,0.0011872520641354567
4900,69,3,11,1,72,3,0.0013885989054215867
4900,69,3,12,1,71,3,0.0016240922870427914
4900,69,3,13,1,70,2,0.0018995231427401068
4900,69,3,12,1,69,1,0.0022216644944328735
4900,69,4,12,1,68,0,0.002598438005184647
4900,69,3,12,1,67,1,0.0030391087779937393
4900,69,4,12,1,66,1,0.0035545131906359524
4900,69,5,12,1,65,0,0.004157325369164857
4900,69,4,12,1,64,3,0.004862368852824394
4900,69,4,12,1,63,1,0.005686981114414496
4900,69,5,12,1,62,1,0.006651439899899995
4900,69,5,11,1,61,1,0.007779461871228065
4900,69,6,11,1,60,0,0.00909878581430183
4900,69,5,11,1,59,2,0.010641854753569392
4900,69,4,11,1,58,3,0.012446613746864786
4900,69,4,12,1,57,2,0.014557442978789224
4900,69,3,12,1,56,2,0.01702624909799909
4900,69,3,11,1,55,1,0.01991374163508666
4900,69,4,11,1,54,2,0.023290925888990247
4900,69,4,10,1,53,1,0.027240848992971047
4900,69,5,10,1,52,3,0.03186064209704216
4900,69,5,11,1,51,2,0.03726390888542943
4900,69,4,11,1,50,3,0.043583519164244945
4900,69,4,12,1,49,0,0.05097487621549116
4900,69,3,12,1,48,2,0.059619738263732354
4900,69,3,11,1,47,3,0.06973068802775714
4900,69,3,12,1,46,0,0.08155636026638262
4900,69,3,12,1,45,1,0.09538755586711417
4900,69,4,12,1,44,1,0.11156439282703412
4900,69,4,11,1,43,1,0.13048466997313932
4900,69,5,11,1,42,1,0.15261364909139102
4900,69,5,12,1,41,3,0.17849549601332285
4900,69,5,13,1,40,3,0.20876666200388638
4900,69,5,14,1,39,1,0.24417153450746945
4900,69,5,14,1,38,3,0.28558074211399936
4900,69,5,15,1,37,2,0.3340125638760227
4900,69,5,14,1,36,2,0.3906579694456406
4900,69,5,13,1,35,0,0.45690990578437496
4900,69,5,13,1,34,3,0.5343975506249999
4900,69,5,14,1,33,3,0.6250263749999999
4900,69,5,15,1,32,0,0.7310249999999999
4900,69,5,16,1,31,0,0.855
4900,70,1,1,0,100,1,1.4777267862461972e-05
4900,70,2,1,0,99,3,1.7283354225101722e-05
4900,70,1,1,0,98,3,2.0214449386083884e-05
4900,70,1,2,0,97,1,2.3642630860916825e-05
4900,70,2,2,0,96,3,2.765219983732962e-05
4900,70,2,3,0,95,0,3.2341754195707156e-05
4900,70,2,2,0,94,1,3.782661309439433e-05
4900,70,3,2,0,93,2,4.4241652741981674e-05
4900,70,2,2,0,92,1,5.174462309003704e-05
4900,70,3,2,0,91,0,6.052002700589128e-05
4900,70,2,2,0,90,1,7.078365731683191e-05
4900,70,3,2,0,89,0,8.278790329454025e-05
4900,70,2,2,0,88,1,9.682795706963772e-05
4900,70,3,2,0,87,3,0.00011324907259606752
4900,70,3,3,0,86,1,0.00013245505566791523
4900,70,4,3,0,85,1,0.00015491819376364354
4900,70,5,3,0,84,0,0.0001811908698989983
4900,70,5,4,0,83,3,0.00021191914608069978
4900,70,5,5,0,82,1,0.0002478586503867834
4900,70,6,5,0,81,1,0.00028989315834711504
4900,70,6,6,1,80,3,0.0003390563255521813
4900,70,6,7,1,79,3,0.00039655710590898397
4900,70,6,8,1,78,3,0.0004638094805953029
4900,70,6,9,1,77,0,0.0005424672287664362
4900,70,5,9,1,76,3,0.0006344645950484634
4900,70,5,10,1,75,0,0.0007420638538578519
4900,70,4,10,1,74,0,0.0008679109401846222
4900,70,3,10,1,73,0,0.0010151005148358154
4900,70,3,11,1,72,3,0.0011872520641354567
4900,70,3,12,1,71,3,0.0013885989054215867
4900,70,3,13,1,70,2,0.0016240922870427914
4900,70,3,12,1,69,1,0.0018995231427401068
4900,70,4,12,1,68,0,0.0022216644944328735
4900,70,3,12,1,67,1,0.002598438005184647
4900,70,4,12,1,66,1,0.0030391087779937393
4900,70,5,12,1,65,0,0.0035545131906359524
4900,70,4,12,1,64,3,0.004157325369164857
4900,70,4,12,1,63,1,0.004862368852824394
4900,70,5,12,1,62,1,0.005686981114414496
4900,70,5,11,1,61,1,0.006651439899899995
4900,70,6,11,1,60,0,0.007779461871228065
4900,70,5,11,1,59,2,0.00909878581430183
4900,70,4,11,1,58,3,0.010641854753569392
4900,70,4,12,1,57,2,0.012446613746864786
4900,70,3,12,1,56,2,0.014557442978789224
4900,70,3,11,1,55,1,0.01702624909799909
4900,70,4,11,1,54,2,0.01991374163508666
4900,70,4,10,1,53,1,0.023290925888990247
4900,70,5,10,1,52,3,0.027240848992971047
4900,70,5,11,1,51,2,0.03186064209704216
4900,70,4,11,1,50,3,0.03726390888542943
4900,70,4,12,1,49,0,0.043583519164244945
4900,70,3,12,1,48,2,0.05097487621549116
4900,70,3,11,1,47,3,0.059619738263732354
4900,70,3,12,1,46,0,0.06973068802775714
4900,70,3,12,1,45,1,0.08155636026638262
4900,70,4,12,1,44,1,0.09538755586711417
4900,70,4,11,1,43,1,0.11156439282703412
4900,70,5,11,1,42,1,0.13048466997313932
4900,70,5,12,1,41,3,0.15261364909139102
4900,70,5,13,1,40,3,0.17849549601332285
4900,70,5,14,1,39,1,0.20876666200388638
4900,70,5,14,1,38,3,0.24417153450746945
4900,70,5,15,1,37,2,0.28558074211399936
4900,70,5,14,1,36,2,0.3340125638760227
4900,70,5,13,1,35,0,0.3906579694456406
4900,70,5,13,1,34,3,0.45690990578437496
4900,70,5,14,1,33,3,0.5343975506249999
4900,70,5,15,1,32,0,0.6250263749999999
4900,70,5,16,1,31,0,0.7310249999999999
4900,70,4,16,1,30,1,0.855
4900,71,1,1,0,100,1,1.2634564022404986e-05
4900,71,2,1,0,99,3,1.4777267862461972e-05
4900,71,1,1,0,98,3,1.7283354225101722e-05
4900,71,1,2,0,97,1,2.0214449386083884e-05
4900,71,2,2,0,96,3,2.3642630860916825e-05
4900,71,2,3,0,95,0,2.765219983732962e-05
4900,71,2,2,0,94,1,3.2341754195707156e-05
4900,71,3,2,0,93,2,3.782661309439433e-05
4900,71,2,2,0,92,1,4.4241652741981674e-05
4900,71,3,2,0,91,0,5.174462309003704e-05
4900,71,2,2,0,90,1,6.052002700589128e-05
4900,71,3,2,0,89,0,7.078365731683191e-05
4900,71,2,2,0,88,1,8.278790329454025e-05
4900,71,3,2,0,87,3,9.682795706963772e-05
4900,71,3,3,0,86,1,0.00011324907259606752
4900,71,4,3,0,85,1,0.00013245505566791523
4900,71,5,3,0,84,0,0.00015491819376364354
4900,71,5,4,0,83,3,0.0001811908698989983
4900,71,5,5,0,82,1,0.00021191914608069978
4900,71,6,5,0,81,1,0.0002478586503867834
4900,71,6,6,1,80,3,0.00028989315834711504
4900,71,6,7,1,79,3,0.0003390563255521813
4900,71,6,8,1,78,3,0.00039655710590898397
4900,71,6,9,1,77,0,0.0004638094805953029
4900,71,5,9,1,76,3,0.0005424672287664362
4900,71,5,10,1,75,0,0.0006344645950484634
4900,71,4,10,1,74,0,0.0007420638538578519
4900,71,3,10,1,73,0,0.0008679109401846222
4900,71,3,11,1,72,3,0.0010151005148358154
4900,71,3,12,1,71,3,0.0011872520641354567
4900,71,3,13,1,70,2,0.0013885989054215867
4900,71,3,12,1,69,1,0.0016240922870427914
4900,71,4,12,1,68,0,0.0018995231427401068
4900,71,3,12,1,67,1,0.0022216644944328735
4900,71,4,12,1,66,1,0.002598438005184647
4900,71,5,12,1,65,0,0.0030391087779937393
4900,71,4,12,1,64,3,0.0035545131906359524
4900,71,4,12,1,63,1,0.004157325369164857
4900,71,5,12,1,62,1,0.004862368852824394
4900,71,5,11,1,61,1,0.005686981114414496
4900,71,6,11,1,60,0,0.006651439899899995
4900,71,5,11,1,59,2,0.007779461871228065
4900,71,4,11,1,58,3,0.00909878581430183
4900,71,4,12,1,57,2,0.010641854753569392
4900,71,3,12,1,56,2,0.012446613746864786
4900,71,3,11,1,55,1,0.014557442978789224
4900,71,4,11,1,54,2,0.01702624909799909
4900,71,4,10,1,53,1,0.01991374163508666
4900,71,5,10,1,52,3,0.023290925888990247
4900,71,5,11,1,51,2,0.027240848992971047
4900,71,4,11,1,50,3,0.03186064209704216
4900,71,4,12,1,49,0,0.03726390888542943
4900,71,3,12,1,48,2,0.043583519164244945
4900,71,3,11,1,47,3,0.05097487621549116
4900,71,3,12,1,46,0,0.059619738263732354
4900,71,3,12,1,45,1,0.06973068802775714
4900,71,4,12,1,44,1,0.08155636026638262
4900,71,4,11,1,43,1,0.09538755586711417
4900,71,5,11,1,42,1,0.11156439282703412
4900,71,5,12,1,41,3,0.13048466997313932
4900,71,5,13,1,40,3,0.15261364909139102
4900,71,5,14,1,39,1,0.17849549601332285
4900,71,5,14,1,38,3,0.20876666200388638
4900,71,5,15,1,37,2,0.24417153450746945
4900,71,5,14,1,36,2,0.28558074211399936
4900,71,5,13,1,35,0,0.3340125638760227
4900,71,5,13,1,34,3,0.3906579694456406
4900,71,5,14,1,33,3,0.45690990578437496
4900,71,5,15,1,32,0,0.5343975506249999
4900,71,5,16,1,31,0,0.6250263749999999
4900,71,4,16,1,30,1,0.7310249999999999
4900,71,5,16,1,29,0,0.855
4900,72,1,1,0,100,1,1.0802552239156264e-05
4900,72,2,1,0,99,3,1.2634564022404986e-05
4900,72,1,1,0,98,3,1.4777267862461972e-05
4900,72,1,2,0,97,1,1.7283354225101722e-05
4900,72,2,2,0,96,3,2.0214449386083884e-05
4900,72,2,3,0,95,0,2.3642630860916825e-05
4900,72,2,2,0,94,1,2.765219983732962e-05
4900,72,3,2,0,93,2,3.2341754195707156e-05
4900,72,2,2,0,92,1,3.782661309439433e-05
4900,72,3,2,0,91,0,4.4241652741981674e-05
4900,72,2,2,0,90,1,5.174462309003704e-05
4900,72,3,2,0,89,0,6.052002700589128e-05
4900,72,2,2,0,88,1,7.078365731683191e-05
4900,72,3,2,0,87,3,8.278790329454025e-05
4900,72,3,3,0,86,1,9.682795706963772e-05
4900,72,4,3,0,85,1,0.00011324907259606752
4900,72,5,3,0,84,0,0.00013245505566791523
4900,72,5,4,0,83,3,0.00015491819376364354
4900,72,5,5,0,82,1,0.0001811908698989983
4900,72,6,5,0,81,1,0.00021191914608069978
4900,72,6,6,1,80,3,0.0002478586503867834
4900,72,6,7,1,79,3,0.00028989315834711504
4900,72,6,8,1,78,3,0.0003390563255521813
4900,72,6,9,1,77,0,0.00039655710590898397
4900,72,5,9,1,76,3,0.0004638094805953029
4900,72,5,10,1,75,0,0.0005424672287664362
4900,72,4,10,1,74,0,0.0006344645950484634
4900,72,3,10,1,73,0,0.0007420638538578519
4900,72,3,11,1,72,3,0.0008679109401846222
4900,72,3,12,1,71,3,0.0010151005148358154
4900,72,3,13,1,70,2,0.0011872520641354567
4900,72,3,12,1,69,1,0.0013885989054215867
4900,72,4,12,1,68,0,0.0016240922870427914
4900,72,3,12,1,67,1,0.0018995231427401068
4900,72,4,12,1,66,1,0.0022216644944328735
4900,72,5,12,1,65,0,0.002598438005184647
4900,72,4,12,1,64,3,0.0030391087779937393
4900,72,4,12,1,63,1,0.0035545131906359524
4900,72,5,12,1,62,1,0.004157325369164857
4900,72,5,11,1,61,1,0.004862368852824394
4900,72,6,11,1,60,0,0.005686981114414496
4900,72,5,11,1,59,2,0.006651439899899995
4900,72,4,11,1,58,3,0.007779461871228065
4900,72,4,12,1,57,2,0.00909878581430183
4900,72,3,12,1,56,2,0.010641854753569392
4900,72,3,11,1,55,1,0.012446613746864786
4900,72,4,11,1,54,2,0.014557442978789224
4900,72,4,10,1,53,1,0.01702624909799909
4900,72,5,10,1,52,3,0.01991374163508666
4900,72,5,11,1,51,2,0.023290925888990247
4900,72,4,11,1,50,3,0.027240848992971047
4900,72,4,12,1,49,0,0.03186064209704216
4900,72,3,12,1,48,2,0.03726390888542943
4900,72,3,11,1,47,3,0.043583519164244945
4900,72,3,12,1,46,0,0.05097487621549116
4900,72,3,12,1,45,1,0.059619738263732354
4900,72,4,12,1,44,1,0.06973068802775714
4900,72,4,11,1,43,1,0.08155636026638262
4900,72,5,11,1,42,1,0.09538755586711417
4900,72,5,12,1,41,3,0.11156439282703412
4900,72,5,13,1,40,3,0.13048466997313932
4900,72,5,14,1,39,1,0.15261364909139102
4900,72,5,14,1,38,3,0.17849549601332285
4900,72,5,15,1,37,2,0.20876666200388638
4900,72,5,14,1,36,2,0.24417153450746945
4900,72,5,13,1,35,0,0.28558074211399936
4900,72,5,13,1,34,3,0.3340125638760227
4900,72,5,14,1,33,3,0.3906579694456406
4900,72,5,15,1,32,0,0.45690990578437496
4900,72,5,16,1,31,0,0.5343975506249999
4900,72,4,16,1,30,1,0.6250263749999999
4900,72,5,16,1,29,0,0.7310249999999999
4900,72,4,16,1,28,0,0.855
4900,73,1,1,0,100,1,9.236182164478605e-06
4900,73,2,1,0,99,3,1.0802552239156264e-05
4900,73,1,1,0,98,3,1.2634564022404986e-05
4900,73,1,2,0,97,1,1.4777267862461972e-05
4900,73,2,2,0,96,3,1.7283354225101722e-05
4900,73,2,3,0,95,0,2.0214449386083884e-05
4900,73,2,2,0,94,1,2.3642630860916825e-05
4900,73,3,2,0,93,2,2.765219983732962e-05
4900,73,2,2,0,92,1,3.2341754195707156e-05
4900,73,3,2,0,91,0,3.782661309439433e-05
4900,73,2,2,0,90,1,4.4241652741981674e-05
4900,73,3,2,0,89,0,5.174462309003704e-05
4900,73,2,2,0,88,1,6.052002700589128e-05
4900,73,3,2,0,87,3,7.078365731683191e-05
4900,73,3,3,0,86,1,8.278790329454025e-05
4900,73,4,3,0,85,1,9.682795706963772e-05
4900,73,5,3,0,84,0,0.00011324907259606752
4900,73,5,4,0,83,3,0.00013245505566791523
4900,73,5,5,0,82,1,0.00015491819376364354
4900,73,6,5,0,81,1,0.0001811908698989983
4900,73,6,6,1,80,3,0.00021191914608069978
4900,73,6,7,1,79,3,0.0002478586503867834
4900,73,6,8,1,78,3,0.00028989315834711504
4900,73,6,9,1,77,0,0.0003390563255521813
4900,73,5,9,1,76,3,0.00039655710590898397
4900,73,5,10,1,75,0,0.0004638094805953029
4900,73,4,10,1,74,0,0.0005424672287664362
4900,73,3,10,1,73,0,0.0006344645950484634
4900,73,3,11,1,72,3,0.0007420638538578519
4900,73,3,12,1,71,3,0.0008679109401846222
4900,73,3,13,1,70,2,0.0010151005148358154
4900,73,3,12,1,69,1,0.0011872520641354567
4900,73,4,12,1,68,0,0.0013885989054215867
4900,73,3,12,1,67,1,0.0016240922870427914
4900,73,4,12,1,66,1,0.0018995231427401068
4900,73,5,12,1,65,0,0.0022216644944328735
4900,73,4,12,1,64,3,0.002598438005184647
4900,73,4,12,1,63,1,0.0030391087779937393
4900,73,5,12,1,62,1,0.0035545131906359524
4900,73,5,11,1,61,1,0.004157325369164857
4900,73,6,11,1,60,0,0.004862368852824394
4900,73,5,11,1,59,2,0.005686981114414496
4900,73,4,11,1,58,3,0.006651439899899995
4900,73,4,12,1,57,2,0.007779461871228065
4900,73,3,12,1,56,2,0.00909878581430183
4900,73,3,11,1,55,1,0.010641854753569392
4900,73,4,11,1,54,2,0.012446613746864786
4900,73,4,10,1,53,1,0.014557442978789224
4900,73,5,10,1,52,3,0.01702624909799909
4900,73,5,11,1,51,2,0.01991374163508666
4900,73,4,11,1,50,3,0.023290925888990247
4900,73,4,12,1,49,0,0.027240848992971047
4900,73,3,12,1,48,2,0.03186064209704216
4900,73,3,11,1,47,3,0.03726390888542943
4900,73,3,12,1,46,0,0.043583519164244945
4900,73,3,12,1,45,1,0.05097487621549116
4900,73,4,12,1,44,1,0.059619738263732354
4900,73,4,11,1,43,1,0.06973068802775714
4900,73,5,11,1,42,1,0.08155636026638262
4900,73,5,12,1,41,3,0.09538755586711417
4900,73,5,13,1,40,3,0.11156439282703412
4900,73,5,14,1,39,1,0.13048466997313932
4900,73,5,14,1,38,3,0.15261364909139102
4900,73,5,15,1,37,2,0.17849549601332285
4900,73,5,14,1,36,2,0.20876666200388638
4900,73,5,13,1,35,0,0.24417153450746945
4900,73,5,13,1,34,3,0.28558074211399936
4900,73,5,14,1,33,3,0.3340125638760227
4900,73,5,15,1,32,0,0.3906579694456406
4900,73,5,16,1,31,0,0.45690990578437496
4900,73,4,16,1,30,1,0.5343975506249999
4900,73,5,16,1,29,0,0.6250263749999999
4900,73,4,16,1,28,0,0.7310249999999999
4900,73,4,15,1,27,0,0.855
4900,74,1,1,0,100,1,7.896935750629207e-06
4900,74,2,1,0,99,3,9.236182164478605e-06
4900,74,1,1,0,98,3,1.0802552239156264e-05
4900,74,1,2,0,97,1,1.2634564022404986e-05
4900,74,2,2,0,96,3,1.4777267862461972e-05
4900,74,2,3,0,95,0,1.7283354225101722e-05
4900,74,2,2,0,94,1,2.0214449386083884e-05
4900,74,3,2,0,93,2,2.3642630860916825e-05
4900,74,2,2,0,92,1,2.765219983732962e-05
4900,74,3,2,0,91,0,3.2341754195707156e-05
4900,74,2,2,0,90,1,3.782661309439433e-05
4900,74,3,2,0,89,0,4.4241652741981674e-05
4900,74,2,2,0,88,1,5.174462309003704e-05
4900,74,3,2,0,87,3,6.052002700589128e-05
4900,74,3,3,0,86,1,7.078365731683191e-05
4900,74,4,3,0,85,1,8.278790329454025e-05
4900,74,5,3,0,84,0,9.682795706963772e-05
4900,74,5,4,0,83,3,0.00011324907259606752
4900,74,5,5,0,82,1,0.00013245505566791523
4900,74,6,5,0,81,1,0.00015491819376364354
4900,74,6,6,1,80,3,0.0001811908698989983
4900,74,6,7,1,79,3,0.00021191914608069978
4900,74,6,8,1,78,3,0.0002478586503867834
4900,74,6,9,1,77,0,0.00028989315834711504
4900,74,5,9,1,76,3,0.0003390563255521813
4900,74,5,10,1,75,0,0.00039655710590898397
4900,74,4,10,1,74,0,0.0004638094805953029
4900,74,3,10,1,73,0,0.0005424672287664362
4900,74,3,11,1,72,3,0.0006344645950484634
4900,74,3,12,1,71,3,0.0007420638538578519
4900,74,3,13,1,70,2,0.0008679109401846222
4900,74,3,12,1,69,1,0.0010151005148358154
4900,74,4,12,1,68,0,0.0011872520641354567
4900,74,3,12,1,67,1,0.0013885989054215867
4900,74,4,12,1,66,1,0.0016240922870427914
4900,74,5,12,1,65,0,0.0018995231427401068
4900,74,4,12,1,64,3,0.0022216644944328735
4900,74,4,12,1,63,1,0.002598438005184647
4900,74,5,12,1,62,1,0.0030391087779937393
4900,74,5,11,1,61,1,0.0035545131906359524
4900,74,6,11,1,60,0,0.004157325369164857
4900,74,5,11,1,59,2,0.004862368852824394
4900,74,4,11,1,58,3,0.005686981114414496
4900,74,4,12,1,57,2,0.006651439899899995
4900,74,3,12,1,56,2,0.007779461871228065
4900,74,3,11,1,55,1,0.00909878581430183
4900,74,4,11,1,54,2,0.010641854753569392
4900,74,4,10,1,53,1,0.012446613746864786
4900,74,5,10,1,52,3,0.014557442978789224
4900,74,5,11,1,51,2,0.01702624909799909
4900,74,4,11,1,50,3,0.01991374163508666
4900,74,4,12,1,49,0,0.023290925888990247
4900,74,3,12,1,48,2,0.027240848992971047
4900,74,3,11,1,47,3,0.03186064209704216
4900,74,3,12,1,46,0,0.03726390888542943
4900,74,3,12,1,45,1,0.043583519164244945
4900,74,4,12,1,44,1,0.05097487621549116
4900,74,4,11,1,43,1,0.059619738263732354
4900,74,5,11,1,42,1,0.06973068802775714
4900,74,5,12,1,41,3,0.08155636026638262
4900,74,5,13,1,40,3,0.09538755586711417
4900,74,5,14,1,39,1,0.11156439282703412
4900,74,5,14,1,38,3,0.13048466997313932
4900,74,5,15,1,37,2,0.15261364909139102
4900,74,5,14,1,36,2,0.17849549601332285
4900,74,5,13,1,35,0,0.20876666200388638
4900,74,5,13,1,34,3,0.24417153450746945
4900,74,5,14,1,33,3,0.28558074211399936
4900,74,5,15,1,32,0,0.3340125638760227
4900,74,5,16,1,31,0,0.3906579694456406
4900,74,4,16,1,30,1,0.45690990578437496
4900,74,5,16,1,29,0,0.5343975506249999
4900,74,4,16,1,28,0,0.6250263749999999
4900,74,4,15,1,27,0,0.7310249999999999
4900,74,3,15,1,26,3,0.855
4900,75,1,1,0,100,1,6.751880066787972e-06
4900,75,2,1,0,99,3,7.896935750629207e-06
4900,75,1,1,0,98,3,9.236182164478605e-06
4900,75,1,2,0,97,1,1.0802552239156264e-05
4900,75,2,2,0,96,3,1.2634564022404986e-05
4900,75,2,3,0,95,0,1.4777267862461972e-05
4900,75,2,2,0,94,1,1.7283354225101722e-05
4900,75,3,2,0,93,2,2.0214449386083884e-05
4900,75,2,2,0,92,1,2.3642630860916825e-05
4900,75,3,2,0,91,0,2.765219983732962e-05
4900,75,2,2,0,90,1,3.2341754195707156e-05
4900,75,3,2,0,89,0,3.782661309439433e-05
4900,75,2,2,0,88,1,4.4241652741981674e-05
4900,75,3,2,0,87,3,5.174462309003704e-05
4900,75,3,3,0,86,1,6.052002700589128e-05
4900,75,4,3,0,85,1,7.078365731683191e-05
4900,75,5,3,0,84,0,8.278790329454025e-05
4900,75,5,4,0,83,3,9.682795706963772e-05
4900,75,5,5,0,82,1,0.00011324907259606752
4900,75,6,5,0,81,1,0.00013245505566791523
4900,75,6,6,1,80,3,0.00015491819376364354
4900,75,6,7,1,79,3,0.0001811908698989983
4900,75,6,8,1,78,3,0.00021191914608069978
4900,75,6,9,1,77,0,0.0002478586503867834
4900,75,5,9,1,76,3,0.00028989315834711504
4900,75,5,10,1,75,0,0.0003390563255521813
4900,75,4,10,1,74,0,0.00039655710590898397
4900,75,3,10,1,73,0,0.0004638094805953029
4900,75,3,11,1,72,3,0.0005424672287664362
4900,75,3,12,1,71,3,0.0006344645950484634
4900,75,3,13,1,70,2,0.0007420638538578519
4900,75,3,12,1,69,1,0.0008679109401846222
4900,75,4,12,1,68,0,0.0010151005148358154
4900,75,3,12,1,67,1,0.0011872520641354567
4900,75,4,12,1,66,1,0.0013885989054215867
4900,75,5,12,1,65,0,0.0016240922870427914
4900,75,4,12,1,64,3,0.0018995231427401068
4900,75,4,12,1,63,1,0.0022216644944328735
4900,75,5,12,1,62,1,0.002598438005184647
4900,75,5,11,1,61,1,0.0030391087779937393
4900,75,6,11,1,60,0,0.0035545131906359524
4900,75,5,11,1,59,2,0.004157325369164857
4900,75,4,11,1,58,3,0.004862368852824394
4900,75,4,12,1,57,2,0.005686981114414496
4900,75,3,12,1,56,2,0.006651439899899995
4900,75,3,11,1,55,1,0.007779461871228065
4900,75,4,11,1,54,2,0.00909878581430183
4900,75,4,10,1,53,1,0.010641854753569392
4900,75,5,10,1,52,3,0.012446613746864786
4900,75,5,11,1,51,2,0.014557442978789224
4900,75,4,11,1,50,3,0.01702624909799909
4900,75,4,12,1,49,0,0.01991374163508666
4900,75,3,12,1,48,2,0.023290925888990247
4900,75,3,11,1,47,3,0.027240848992971047
4900,75,3,12,1,46,0,0.03186064209704216
4900,75,3,12,1,45,1,0.03726390888542943
4900,75,4,12,1,44,1,0.043583519164244945
4900,75,4,11,1,43,1,0.05097487621549116
4900,75,5,11,1,42,1,0.059619738263732354
4900,75,5,12,1,41,3,0.06973068802775714
4900,75,5,13,1,40,3,0.08155636026638262
4900,75,5,14,1,39,1,0.09538755586711417
4900,75,5,14,1,38,3,0.11156439282703412
4900,75,5,15,1,37,2,0.13048466997313932
4900,75,5,14,1,36,2,0.15261364909139102
4900,75,5,13,1,35,0,0.17849549601332285
4900,75,5,13,1,34,3,0.20876666200388638
4900,75,5,14,1,33,3,0.24417153450746945
4900,75,5,15,1,32,0,0.28558074211399936
4900,75,5,16,1,31,0,0.3340125638760227
4900,75,4,16,1,30,1,0.3906579694456406
4900,75,5,16,1,29,0,0.45690990578437496
4900,75,4,16,1,28,0,0.5343975506249999
4900,75,4,15,1,27,0,0.6250263749999999
4900,75,3,15,1,26,3,0.7310249999999999
4900,75,3,16,1,25,2,0.855
4900,76,1,1,0,100,1,5.772857457103716e-06
4900,76,2,1,0,99,3,6.751880066787972e-06
4900,76,1,1,0,98,3,7.896935750629207e-06
4900,76,1,2,0,97,1,9.236182164478605e-06
4900,76,2,2,0,96,3,1.0802552239156264e-05
4900,76,2,3,0,95,0,1.2634564022404986e-05
4900,76,2,2,0,94,1,1.4777267862461972e-05
4900,76,3,2,0,93,2,1.7283354225101722e-05
4900,76,2,2,0,92,1,2.0214449386083884e-05
4900,76,3,2,0,91,0,2.3642630860916825e-05
4900,76,2,2,0,90,1,2.765219983732962e-05
4900,76,3,2,0,89,0,3.2341754195707156e-05
4900,76,2,2,0,88,1,3.782661309439433e-05
4900,76,3,2,0,87,3,4.4241652741981674e-05
4900,76,3,3,0,86,1,5.174462309003704e-05
4900,76,4,3,0,85,1,6.052002700589128e-05
4900,76,5,3,0,84,0,7.078365731683191e-05
4900,76,5,4,0,83,3,8.278790329454025e-05
4900,76,5,5,0,82,1,9.682795706963772e-05
4900,76,6,5,0,81,1,0.00011324907259606752
4900,76,6,6,1,80,3,0.00013245505566791523
4900,76,6,7,1,79,3,0.00015491819376364354
4900,76,6,8,1,78,3,0.0001811908698989983
4900,76,6,9,1,77,0,0.00021191914608069978
4900,76,5,9,1,76,3,0.0002478586503867834
4900,76,5,10,1,75,0,0.00028989315834711504
4900,76,4,10,1,74,0,0.0003390563255521813
4900,76,3,10,1,73,0,0.00039655710590898397
4900,76,3,11,1,72,3,0.0004638094805953029
4900,76,3,12,1,71,3,0.0005424672287664362
4900,76,3,13,1,70,2,0.0006344645950484634
4900,76,3,12,1,69,1,0.0007420638538578519
4900,76,4,12,1,68,0,0.0008679109401846222
4900,76,3,12,1,67,1,0.0010151005148358154
4900,76,4,12,1,66,1,0.0011872520641354567
4900,76,5,12,1,65,0,0.0013885989054215867
4900,76,4,12,1,64,3,0.0016240922870427914
4900,76,4,12,1,63,1,0.0018995231427401068
4900,76,5,12,1,62,1,0.0022216644944328735
4900,76,5,11,1,61,1,0.002598438005184647
4900,76,6,11,1,60,0,0.0030391087779937393
4900,76,5,11,1,59,2,0.0035545131906359524
4900,76,4,11,1,58,3,0.004157325369164857
4900,76,4,12,1,57,2,0.004862368852824394
4900,76,3,12,1,56,2,0.005686981114414496
4900,76,3,11,1,55,1,0.006651439899899995
4900,76,4,11,1,54,2,0.007779461871228065
4900,76,4,10,1,53,1,0.00909878581430183
4900,76,5,10,1,52,3,0.010641854753569392
4900,76,5,11,1,51,2,0.012446613746864786
4900,76,4,11,1,50,3,0.014557442978789224
4900,76,4,12,1,49,0,0.01702624909799909
4900,76,3,12,1,48,2,0.01991374163508666
4900,76,3,11,1,47,3,0.023290925888990247
4900,76,3,12,1,46,0,0.027240848992971047
4900,76,3,12,1,45,1,0.03186064209704216
4900,76,4,12,1,44,1,0.03726390888542943
4900,76,4,11,1,43,1,0.043583519164244945
4900,76,5,11,1,42,1,0.05097487621549116
4900,76,5,12,1,41,3,0.059619738263732354
4900,76,5,13,1,40,3,0.06973068802775714
4900,76,5,14,1,39,1,0.08155636026638262
4900,76,5,14,1,38,3,0.09538755586711417
4900,76,5,15,1,37,2,0.11156439282703412
4900,76,5,14,1,36,2,0.13048466997313932
4900,76,5,13,1,35,0,0.15261364909139102
4900,76,5,13,1,34,3,0.17849549601332285
4900,76,5,14,1,33,3,0.20876666200388638
4900,76,5,15,1,32,0,0.24417153450746945
4900,76,5,16,1,31,0,0.28558074211399936
4900,76,4,16,1,30,1,0.3340125638760227
4900,76,5,16,1,29,0,0.3906579694456406
4900,76,4,16,1,28,0,0.45690990578437496
4900,76,4,15,1,27,0,0.5343975506249999
4900,76,3,15,1,26,3,0.6250263749999999
4900,76,3,16,1,25,2,0.7310249999999999
4900,76,2,16,1,24,1,0.855
4900,77,1,1,0,100,1,4.9357931258236775e-06
4900,77,2,1,0,99,3,5.772857457103716e-06
4900,77,1,1,0,98,3,6.751880066787972e-06
4900,77,1,2,0,97,1,7.896935750629207e-06
4900,77,2,2,0,96,3,9.236182164478605e-06
4900,77,2,3,0,95,0,1.0802552239156264e-05
4900,77,2,2,0,94,1,1.2634564022404986e-05
4900,77,3,2,0,93,2,1.4777267862461972e-05
4900,77,2,2,0,92,1,1.7283354225101722e-05
4900,77,3,2,0,91,0,2.0214449386083884e-05
4900,77,2,2,0,90,1,2.3642630860916825e-05
4900,77,3,2,0,89,0,2.765219983732962e-05
4900,77,2,2,0,88,1,3.2341754195707156e-05
4900,77,3,2,0,87,3,3.782661309439433e-05
4900,77,3,3,0,86,1,4.4241652741981674e-05
4900,77,4,3,0,85,1,5.174462309003704e-05
4900,77,5,3,0,84,0,6.052002700589128e-05
4900,77,5,4,0,83,3,7.078365731683191e-05
4900,77,5,5,0,82,1,8.278790329454025e-05
4900,77,6,5,0,81,1,9.682795706963772e-05
4900,77,6,6,1,80,3,0.00011324907259606752
4900,77,6,7,1,79,3,0.00013245505566791523
4900,77,6,8,1,78,3,0.00015491819376364354
4900,77,6,9,1,77,0,0.0001811908698989983
4900,77,5,9,1,76,3,0.00021191914608069978
4900,77,5,10,1,75,0,0.0002478586503867834
4900,77,4,10,1,74,0,0.00028989315834711504
4900,77,3,10,1,73,0,0.0003390563255521813
4900,77,3,11,1,72,3,0.00039655710590898397
4900,77,3,12,1,71,3,0.0004638094805953029
4900,77,3,13,1,70,2,0.0005424672287664362
4900,77,3,12,1,69,1,0.0006344645950484634
4900,77,4,12,1,68,0,0.0007420638538578519
4900,77,3,12,1,67,1,0.0008679109401846222
4900,77,4,12,1,66,1,0.0010151005148358154
4900,77,5,12,1,65,0,0.0011872520641354567
4900,77,4,12,1,64,3,0.0013885989054215867
4900,77,4,12,1,63,1,0.0016240922870427914
4900,77,5,12,1,62,1,0.0018995231427401068
4900,77,5,11,1,61,1,0.0022216644944328735
4900,77,6,11,1,60,0,0.002598438005184647
4900,77,5,11,1,59,2,0.0030391087779937393
4900,77,4,11,1,58,3,0.0035545131906359524
4900,77,4,12,1,57,2,0.004157325369164857
4900,77,3,12,1,56,2,0.004862368852824394
4900,77,3,11,1,55,1,0.005686981114414496
4900,77,4,11,1,54,2,0.006651439899899995
4900,77,4,10,1,53,1,0.007779461871228065
4900,77,5,10,1,52,3,0.00909878581430183
4900,77,5,11,1,51,2,0.010641854753569392
4900,77,4,11,1,50,3,0.012446613746864786
4900,77,4,12,1,49,0,0.014557442978789224
4900,77,3,12,1,48,2,0.01702624909799909
4900,77,3,11,1,47,3,0.01991374163508666
4900,77,3,12,1,46,0,0.023290925888990247
4900,77,3,12,1,45,1,0.027240848992971047
4900,77,4,12,1,44,1,0.03186064209704216
4900,77,4,11,1,43,1,0.03726390888542943
4900,77,5,11,1,42,1,0.043583519164244945
4900,77,5,12,1,41,3,0.05097487621549116
4900,77,5,13,1,40,3,0.059619738263732354
4900,77,5,14,1,39,1,0.06973068802775714
4900,77,5,14,1,38,3,0.08155636026638262
4900,77,5,15,1,37,2,0.09538755586711417
4900,77,5,14,1,36,2,0.11156439282703412
4900,77,5,13,1,35,0,0.13048466997313932
4900,77,5,13,1,34,3,0.15261364909139102
4900,77,5,14,1,33,3,0.17849549601332285
4900,77,5,15,1,32,0,0.20876666200388638
4900,77,5,16,1,31,0,0.24417153450746945
4900,77,4,16,1,30,1,0.28558074211399936
4900,77,5,16,1,29,0,0.3340125638760227
4900,77,4,16,1,28,0,0.3906579694456406
4900,77,4,15,1,27,0,0.45690990578437496
4900,77,3,15,1,26,3,0.5343975506249999
4900,77,3,16,1,25,2,0.6250263749999999
4900,77,2,16,1,24,1,0.7310249999999999
4900,77,2,17,1,23,3,0.855
4900,78,1,1,0,100,1,4.220103122579244e-06
4900,78,2,1,0,99,3,4.9357931258236775e-06
4900,78,1,1,0,98,3,5.772857457103716e-06
4900,78,1,2,0,97,1,6.751880066787972e-06
4900,78,2,2,0,96,3,7.896935750629207e-06
4900,78,2,3,0,95,0,9.236182164478605e-06
4900,78,2,2,0,94,1,1.0802552239156264e-05
4900,78,3,2,0,93,2,1.2634564022404986e-05
4900,78,2,2,0,92,1,1.4777267862461972e-05
4900,78,3,2,0,91,0,1.7283354225101722e-05
4900,78,2,2,0,90,1,2.0214449386083884e-05
4900,78,3,2,0,89,0,2.3642630860916825e-05
4900,78,2,2,0,88,1,2.765219983732962e-05
4900,78,3,2,0,87,3,3.2341754195707156e-05
4900,78,3,3,0,86,1,3.782661309439433e-05
4900,78,4,3,0,85,1,4.4241652741981674e-05
4900,78,5,3,0,84,0,5.174462309003704e-05
4900,78,5,4,0,83,3,6.052002700589128e-05
4900,78,5,5,0,82,1,7.078365731683191e-05
4900,78,6,5,0,81,1,8.278790329454025e-05
4900,78,6,6,1,80,3,9.682795706963772e-05
4900,78,6,7,1,79,3,0.00011324907259606752
4900,78,6,8,1,78,3,0.00013245505566791523
4900,78,6,9,1,77,0,0.00015491819376364354
4900,78,5,9,1,76,3,0.0001811908698989983
4900,78,5,10,1,75,0,0.00021191914608069978
4900,78,4,10,1,74,0,0.0002478586503867834
4900,78,3,10,1,73,0,0.00028989315834711504
4900,78,3,11,1,72,3,0.0003390563255521813
4900,78,3,12,1,71,3,0.00039655710590898397
4900,78,3,13,1,70,2,0.0004638094805953029
4900,78,3,12,1,69,1,0.0005424672287664362
4900,78,4,12,1,68,0,0.0006344645950484634
4900,78,3,12,1,67,1,0.0007420638538578519
4900,78,4,12,1,66,1,0.0008679109401846222
4900,78,5,12,1,65,0,0.0010151005148358154
4900,78,4,12,1,64,3,0.0011872520641354567
4900,78,4,12,1,63,1,0.0013885989054215867
4900,78,5,12,1,62,1,0.0016240922870427914
4900,78,5,11,1,61,1,0.0018995231427401068
4900,78,6,11,1,60,0,0.0022216644944328735
4900,78,5,11,1,59,2,0.002598438005184647
4900,78,4,11,1,58,3,0.0030391087779937393
4900,78,4,12,1,57,2,0.0035545131906359524
4900,78,3,12,1,56,2,0.004157325369164857
4900,78,3,11,1,55,1,0.004862368852824394
4900,78,4,11,1,54,2,0.005686981114414496
4900,78,4,10,1,53,1,0.006651439899899995
4900,78,5,10,1,52,3,0.007779461871228065
4900,78,5,11,1,51,2,0.00909878581430183
4900,78,4,11,1,50,3,0.010641854753569392
4900,78,4,12,1,49,0,0.012446613746864786
4900,78,3,12,1,48,2,0.014557442978789224
4900,78,3,11,1,47,3,0.01702624909799909
4900,78,3,12,1,46,0,0.01991374163508666
4900,78,3,12,1,45,1,0.023290925888990247
4900,78,4,12,1,44,1,0.027240848992971047
4900,78,4,11,1,43,1,0.03186064209704216
4900,78,5,11,1,42,1,0.03726390888542943
4900,78,5,12,1,41,3,0.043583519164244945
4900,78,5,13,1,40,3,0.05097487621549116
4900,78,5,14,1,39,1,0.059619738263732354
4900,78,5,14,1,38,3,0.06973068802775714
4900,78,5,15,1,37,2,0.08155636026638262
4900,78,5,14,1,36,2,0.09538755586711417
4900,78,5,13,1,35,0,0.11156439282703412
4900,78,5,13,1,34,3,0.13048466997313932
4900,78,5,14,1,33,3,0.15261364909139102
4900,78,5,15,1,32,0,0.17849549601332285
4900,78,5,16,1,31,0,0.20876666200388638
4900,78,4,16,1,30,1,0.24417153450746945
4900,78,5,16,1,29,0,0.28558074211399936
4900,78,4,16,1,28,0,0.3340125638760227
4900,78,4,15,1,27,0,0.3906579694456406
4900,78,3,15,1,26,3,0.45690990578437496
4900,78,3,16,1,25,2,0.5343975506249999
4900,78,2,16,1,24,1,0.6250263749999999
4900,78,2,17,1,23,3,0.7310249999999999
4900,78,3,17,1,22,1,0.855
4900,79,1,1,0,100,1,3.6081881698052537e-06
4900,79,2,1,0,99,3,4.220103122579244e-06
4900,79,1,1,0,98,3,4.9357931258236775e-06
4900,79,1,2,0,97,1,5.772857457103716e-06
4900,79,2,2,0,96,3,6.751880066787972e-06
4900,79,2,3,0,95,0,7.896935750629207e-06
4900,79,2,2,0,94,1,9.236182164478605e-06
4900,79,3,2,0,93,2,1.0802552239156264e-05
4900,79,2,2,0,92,1,1.2634564022404986e-05
4900,79,3,2,0,91,0,1.4777267862461972e-05
4900,79,2,2,0,90,1,1.7283354225101722e-05
4900,79,3,2,0,89,0,2.0214449386083884e-05
4900,79,2,2,0,88,1,2.3642630860916825e-05
4900,79,3,2,0,87,3,2.765219983732962e-05
4900,79,3,3,0,86,1,3.2341754195707156e-05
4900,79,4,3,0,85,1,3.782661309439433e-05
4900,79,5,3,0,84,0,4.4241652741981674e-05
4900,79,5,4,0,83,3,5.174462309003704e-05
4900,79,5,5,0,82,1,6.052002700589128e-05
4900,79,6,5,0,81,1,7.078365731683191e-05
4900,79,6,6,1,80,3,8.278790329454025e-05
4900,79,6,7,1,79,3,9.682795706963772e-05
4900,79,6,8,1,78,3,0.00011324907259606752
4900,79,6,9,1,77,0,0.00013245505566791523
4900,79,5,9,1,76,3,0.00015491819376364354
4900,79,5,10,1,75,0,0.0001811908698989983
4900,79,4,10,1,74,0,0.00021191914608069978
4900,79,3,10,1,73,0,0.0002478586503867834
4900,79,3,11,1,72,3,0.00028989315834711504
4900,79,3,12,1,71,3,0.0003390563255521813
4900,79,3,13,1,70,2,0.00039655710590898397
4900,79,3,12,1,69,1,0.0004638094805953029
4900,79,4,12,1,68,0,0.0005424672287664362
4900,79,3,12,1,67,1,0.0006344645950484634
4900,79,4,12,1,66,1,0.0007420638538578519
4900,79,5,12,1,65,0,0.0008679109401846222
4900,79,4,12,1,64,3,0.0010151005148358154
4900,79,4,12,1,63,1,0.0011872520641354567
4900,79,5,12,1,62,1,0.0013885989054215867
4900,79,5,11,1,61,1,0.0016240922870427914
4900,79,6,11,1,60,0,0.0018995231427401068
4900,79,5,11,1,59,2,0.0022216644944328735
4900,79,4,11,1,58,3,0.002598438005184647
4900,79,4,12,1,57,2,0.0030391087779937393
4900,79,3,12,1,56,2,0.0035545131906359524
4900,79,3,11,1,55,1,0.004157325369164857
4900,79,4,11,1,54,2,0.004862368852824394
4900,79,4,10,1,53,1,0.005686981114414496
4900,79,5,10,1,52,3,0.006651439899899995
4900,79,5,11,1,51,2,0.007779461871228065
4900,79,4,11,1,50,3,0.00909878581430183
4900,79,4,12,1,49,0,0.010641854753569392
4900,79,3,12,1,48,2,0.012446613746864786
4900,79,3,11,1,47,3,0.014557442978789224
4900,79,3,12,1,46,0,0.01702624909799909
4900,79,3,12,1,45,1,0.01991374163508666
4900,79,4,12,1,44,1,0.023290925888990247
4900,79,4,11,1,43,1,0.027240848992971047
4900,79,5,11,1,42,1,0.03186064209704216
4900,79,5,12,1,41,3,0.03726390888542943
4900,79,5,13,1,40,3,0.043583519164244945
4900,79,5,14,1,39,1,0.05097487621549116
4900,79,5,14,1,38,3,0.059619738263732354
4900,79,5,15,1,37,2,0.06973068802775714
4900,79,5,14,1,36,2,0.08155636026638262
4900,79,5,13,1,35,0,0.09538755586711417
4900,79,5,13,1,34,3,0.11156439282703412
4900,79,5,14,1,33,3,0.13048466997313932
4900,79,5,15,1,32,0,0.15261364909139102
4900,79,5,16,1,31,0,0.17849549601332285
4900,79,4,16,1,30,1,0.20876666200388638
4900,79,5,16,1,29,0,0.24417153450746945
4900,79,4,16,1,28,0,0.28558074211399936
4900,79,4,15,1,27,0,0.3340125638760227
4900,79,3,15,1,26,3,0.3906579694456406
4900,79,3,16,1,25,2,0.45690990578437496
4900,79,2,16,1,24,1,0.5343975506249999
4900,79,2,17,1,23,3,0.6250263749999999
4900,79,3,17,1,22,1,0.7310249999999999
4900,79,3,17,1,21,2,0.855
4900,80,1,1,0,100,1,3.0850008851834917e-06
4900,80,2,1,0,99,3,3.6081881698052537e-06
4900,80,1,1,0,98,3,4.220103122579244e-06
4900,80,1,2,0,97,1,4.9357931258236775e-06
4900,80,2,2,0,96,3,5.772857457103716e-06
4900,80,2,3,0,95,0,6.751880066787972e-06
4900,80,2,2,0,94,1,7.896935750629207e-06
4900,80,3,2,0,93,2,9.236182164478605e-06
4900,80,2,2,0,92,1,1.0802552239156264e-05
4900,80,3,2,0,91,0,1.2634564022404986e-05
4900,80,2,2,0,90,1,1.4777267862461972e-05
4900,80,3,2,0,89,0,1.7283354225101722e-05
4900,80,2,2,0,88,1,2.0214449386083884e-05
4900,80,3,2,0,87,3,2.3642630860916825e-05
4900,80,3,3,0,86,1,2.765219983732962e-05
4900,80,4,3,0,85,1,3.2341754195707156e-05
4900,80,5,3,0,84,0,3.782661309439433e-05
4900,80,5,4,0,83,3,4.4241652741981674e-05
4900,80,5,5,0,82,1,5.174462309003704e-05
4900,80,6,5,0,81,1,6.052002700589128e-05
4900,80,6,6,1,80,3,7.078365731683191e-05
4900,80,6,7,1,79,3,8.278790329454025e-05
4900,80,6,8,1,78,3,9.682795706963772e-05
4900,80,6,9,1,77,0,0.00011324907259606752
4900,80,5,9,1,76,3,0.00013245505566791523
4900,80,5,10,1,75,0,0.00015491819376364354
4900,80,4,10,1,74,0,0.0001811908698989983
4900,80,3,10,1,73,0,0.00021191914608069978
4900,80,3,11,1,72,3,0.0002478586503867834
4900,80,3,12,1,71,3,0.00028989315834711504
4900,80,3,13,1,70,2,0.0003390563255521813
4900,80,3,12,1,69,1,0.00039655710590898397
4900,80,4,12,1,68,0,0.0004638094805953029
4900,80,3,12,1,67,1,0.0005424672287664362
4900,80,4,12,1,66,1,0.0006344645950484634
4900,80,5,12,1,65,0,0.0007420638538578519
4900,80,4,12,1,64,3,0.0008679109401846222
4900,80,4,12,1,63,1,0.0010151005148358154
4900,80,5,12,1,62,1,0.0011872520641354567
4900,80,5,11,1,61,1,0.0013885989054215867
4900,80,6,11,1,60,0,0.0016240922870427914
4900,80,5,11,1,59,2,0.0018995231427401068
4900,80,4,11,1,58,3,0.0022216644944328735
4900,80,4,12,1,57,2,0.002598438005184647
4900,80,3,12,1,56,2,0.0030391087779937393
4900,80,3,11,1,55,1,0.0035545131906359524
4900,80,4,11,1,54,2,0.004157325369164857
4900,80,4,10,1,53,1,0.004862368852824394
4900,80,5,10,1,52,3,0.005686981114414496
4900,80,5,11,1,51,2,0.006651439899899995
4900,80,4,11,1,50,3,0.007779461871228065
4900,80,4,12,1,49,0,0.00909878581430183
4900,80,3,12,1,48,2,0.010641854753569392
4900,80,3,11,1,47,3,0.012446613746864786
4900,80,3,12,1,46,0,0.014557442978789224
4900,80,3,12,1,45,1,0.01702624909799909
4900,80,4,12,1,44,1,0.01991374163508666
4900,80,4,11,1,43,1,0.023290925888990247
4900,80,5,11,1,42,1,0.027240848992971047
4900,80,5,12,1,41,3,0.03186064209704216
4900,80,5,13,1,40,3,0.03726390888542943
4900,80,5,14,1,39,1,0.043583519164244945
4900,80,5,14,1,38,3,0.05097487621549116
4900,80,5,15,1,37,2,0.059619738263732354
4900,80,5,14,1,36,2,0.06973068802775714
4900,80,5,13,1,35,0,0.08155636026638262
4900,80,5,13,1,34,3,0.09538755586711417
4900,80,5,14,1,33,3,0.11156439282703412
4900,80,5,15,1,32,0,0.13048466997313932
4900,80,5,16,1,31,0,0.15261364909139102
4900,80,4,16,1,30,1,0.17849549601332285
4900,80,5,16,1,29,0,0.20876666200388638
4900,80,4,16,1,28,0,0.24417153450746945
4900,80,4,15,1,27,0,0.28558074211399936
4900,80,3,15,1,26,3,0.3340125638760227
4900,80,3,16,1,25,2,0.3906579694456406
4900,80,2,16,1,24,1,0.45690990578437496
4900,80,2,17,1,23,3,0.5343975506249999
4900,80,3,17,1,22,1,0.6250263749999999
4900,80,3,17,1,21,2,0.7310249999999999
4900,80,3,16,1,20,1,0.855
4900,81,1,1,0,100,1,2.6376757568318854e-06
4900,81,2,1,0,99,3,3.0850008851834917e-06
4900,81,1,1,0,98,3,3.6081881698052537e-06
4900,81,1,2,0,97,1,4.220103122579244e-06
4900,81,2,2,0,96,3,4.9357931258236775e-06
4900,81,2,3,0,95,0,5.772857457103716e-06
4900,81,2,2,0,94,1,6.751880066787972e-06
4900,81,3,2,0,93,2,7.896935750629207e-06
4900,81,2,2,0,92,1,9.236182164478605e-06
4900,81,3,2,0,91,0,1.0802552239156264e-05
4900,81,2,2,0,90,1,1.2634564022404986e-05
4900,81,3,2,0,89,0,1.4777267862461972e-05
4900,81,2,2,0,88,1,1.7283354225101722e-05
4900,81,3,2,0,87,3,2.0214449386083884e-05
4900,81,3,3,0,86,1,2.3642630860916825e-05
4900,81,4,3,0,85,1,2.765219983732962e-05
4900,81,5,3,0,84,0,3.2341754195707156e-05
4900,81,5,4,0,83,3,3.782661309439433e-05
4900,81,5,5,0,82,1,4.4241652741981674e-05
4900,81,6,5,0,81,1,5.174462309003704e-05
4900,81,6,6,1,80,3,6.052002700589128e-05
4900,81,6,7,1,79,3,7.078365731683191e-05
4900,81,6,8,1,78,3,8.278790329454025e-05
4900,81,6,9,1,77,0,9.682795706963772e-05
4900,81,5,9,1,76,3,0.00011324907259606752
4900,81,5,10,1,75,0,0.00013245505566791523
4900,81,4,10,1,74,0,0.00015491819376364354
4900,81,3,10,1,73,0,0.0001811908698989983
4900,81,3,11,1,72,3,0.00021191914608069978
4900,81,3,12,1,71,3,0.0002478586503867834
4900,81,3,13,1,70,2,0.00028989315834711504
4900,81,3,12,1,69,1,0.0003390563255521813
4900,81,4,12,1,68,0,0.00039655710590898397
4900,81,3,12,1,67,1,0.0004638094805953029
4900,81,4,12,1,66,1,0.0005424672287664362
4900,81,5,12,1,65,0,0.0006344645950484634
4900,81,4,12,1,64,3,0.0007420638538578519
4900,81,4,12,1,63,1,0.0008679109401846222
4900,81,5,12,1,62,1,0.0010151005148358154
4900,81,5,11,1,61,1,0.0011872520641354567
4900,81,6,11,1,60,0,0.0013885989054215867
4900,81,5,11,1,59,2,0.0016240922870427914
4900,81,4,11,1,58,3,0.0018995231427401068
4900,81,4,12,1,57,2,0.0022216644944328735
4900,81,3,12,1,56,2,0.002598438005184647
4900,81,3,11,1,55,1,0.0030391087779937393
4900,81,4,11,1,54,2,0.0035545131906359524
4900,81,4,10,1,53,1,0.004157325369164857
4900,81,5,10,1,52,3,0.004862368852824394
4900,81,5,11,1,51,2,0.005686981114414496
4900,81,4,11,1,50,3,0.006651439899899995
4900,81,4,12,1,49,0,0.007779461871228065
4900,81,3,12,1,48,2,0.00909878581430183
4900,81,3,11,1,47,3,0.010641854753569392
4900,81,3,12,1,46,0,0.012446613746864786
4900,81,3,12,1,45,1,0.014557442978789224
4900,81,4,12,1,44,1,0.01702624909799909
4900,81,4,11,1,43,1,0.01991374163508666
4900,81,5,11,1,42,1,0.023290925888990247
4900,81,5,12,1,41,3,0.027240848992971047
4900,81,5,13,1,40,3,0.03186064209704216
4900,81,5,14,1,39,1,0.03726390888542943
4900,81,5,14,1,38,3,0.043583519164244945
4900,81,5,15,1,37,2,0.05097487621549116
4900,81,5,14,1,36,2,0.059619738263732354
4900,81,5,13,1,35,0,0.06973068802775714
4900,81,5,13,1,34,3,0.08155636026638262
4900,81,5,14,1,33,3,0.09538755586711417
4900,81,5,15,1,32,0,0.11156439282703412
4900,81,5,16,1,31,0,0.13048466997313932
4900,81,4,16,1,30,1,0.15261364909139102
4900,81,5,16,1,29,0,0.17849549601332285
4900,81,4,16,1,28,0,0.20876666200388638
4900,81,4,15,1,27,0,0.24417153450746945
4900,81,3,15,1,26,3,0.28558074211399936
4900,81,3,16,1,25,2,0.3340125638760227
4900,81,2,16,1,24,1,0.3906579694456406
4900,81,2,17,1,23,3,0.45690990578437496
4900,81,3,17,1,22,1,0.5343975506249999
4900,81,3,17,1,21,2,0.6250263749999999
4900,81,3,16,1,20,1,0.7310249999999999
4900,81,4,16,1,19,2,0.855
4900,82,1,1,0,100,1,2.255212772091262e-06
4900,82,2,1,0,99,3,2.6376757568318854e-06
4900,82,1,1,0,98,3,3.0850008851834917e-06
4900,82,1,2,0,97,1,3.6081881698052537e-06
4900,82,2,2,0,96,3,4.220103122579244e-06
4900,82,2,3,0,95,0,4.9357931258236775e-06
4900,82,2,2,0,94,1,5.772857457103716e-06
4900,82,3,2,0,93,2,6.751880066787972e-06
4900,82,2,2,0,92,1,7.896935750629207e-06
4900,82,3,2,0,91,0,9.236182164478605e-06
4900,82,2,2,0,90,1,1.0802552239156264e-05
4900,82,3,2,0,89,0,1.2634564022404986e-05
4900,82,2,2,0,88,1,1.4777267862461972e-05
4900,82,3,2,0,87,3,1.7283354225101722e-05
4900,82,3,3,0,86,1,2.0214449386083884e-05
4900,82,4,3,0,85,1,2.3642630860916825e-05
4900,82,5,3,0,84,0,2.765219983732962e-05
4900,82,5,4,0,83,3,3.2341754195707156e-05
4900,82,5,5,0,82,1,3.782661309439433e-05
4900,82,6,5,0,81,1,4.4241652741981674e-05
4900,82,6,6,1,80,3,5.174462309003704e-05
4900,82,6,7,1,79,3,6.052002700589128e-05
4900,82,6,8,1,78,3,7.078365731683191e-05
4900,82,6,9,1,77,0,8.278790329454025e-05
4900,82,5,9,1,76,3,9.682795706963772e-05
4900,82,5,10,1,75,0,0.00011324907259606752
4900,82,4,10,1,74,0,0.00013245505566791523
4900,82,3,10,1,73,0,0.00015491819376364354
4900,82,3,11,1,72,3,0.0001811908698989983
4900,82,3,12,1,71,3,0.00021191914608069978
4900,82,3,13,1,70,2,0.0002478586503867834
4900,82,3,12,1,69,1,0.00028989315834711504
4900,82,4,12,1,68,0,0.0003390563255521813
4900,82,3,12,1,67,1,0.00039655710590898397
4900,82,4,12,1,66,1,0.0004638094805953029
4900,82,5,12,1,65,0,0.0005424672287664362
4900,82,4,12,1,64,3,0.0006344645950484634
4900,82,4,12,1,63,1,0.0007420638538578519
4900,82,5,12,1,62,1,0.0008679109401846222
4900,82,5,11,1,61,1,0.0010151005148358154
4900,82,6,11,1,60,0,0.0011872520641354567
4900,82,5,11,1,59,2,0.0013885989054215867
4900,82,4,11,1,58,3,0.0016240922870427914
4900,82,4,12,1,57,2,0.0018995231427401068
4900,82,3,12,1,56,2,0.0022216644944328735
4900,82,3,11,1,55,1,0.002598438005184647
4900,82,4,11,1,54,2,0.0030391087779937393
4900,82,4,10,1,53,1,0.0035545131906359524
4900,82,5,10,1,52,3,0.004157325369164857
4900,82,5,11,1,51,2,0.004862368852824394
4900,82,4,11,1,50,3,0.005686981114414496
4900,82,4,12,1,49,0,0.006651439899899995
4900,82,3,12,1,48,2,0.007779461871228065
4900,82,3,11,1,47,3,0.00909878581430183
4900,82,3,12,1,46,0,0.010641854753569392
4900,82,3,12,1,45,1,0.012446613746864786
4900,82,4,12,1,44,1,0.014557442978789224
4900,82,4,11,1,43,1,0.01702624909799909
4900,82,5,11,1,42,1,0.01991374163508666
4900,82,5,12,1,41,3,0.023290925888990247
4900,82,5,13,1,40,3,0.027240848992971047
4900,82,5,14,1,39,1,0.03186064209704216
4900,82,5,14,1,38,3,0.03726390888542943
4900,82,5,15,1,37,2,0.043583519164244945
4900,82,5,14,1,36,2,0.05097487621549116
4900,82,5,13,1,35,0,0.059619738263732354
4900,82,5,13,1,34,3,0.06973068802775714
4900,82,5,14,1,33,3,0.08155636026638262
4900,82,5,15,1,32,0,0.09538755586711417
4900,82,5,16,1,31,0,0.11156439282703412
4900,82,4,16,1,30,1,0.13048466997313932
4900,82,5,16,1,29,0,0.15261364909139102
4900,82,4,16,1,28,0,0.17849549601332285
4900,82,4,15,1,27,0,0.20876666200388638
4900,82,3,15,1,26,3,0.24417153450746945
4900,82,3,16,1,25,2,0.28558074211399936
4900,82,2,16,1,24,1,0.3340125638760227
4900,82,2,17,1,23,3,0.3906579694456406
4900,82,3,17,1,22,1,0.45690990578437496
4900,82,3,17,1,21,2,0.5343975506249999
4900,82,3,16,1,20,1,0.6250263749999999
4900,82,4,16,1,19,2,0.7310249999999999
4900,82,5,16,1,18,3,0.855
4900,83,1,1,0,100,1,1.928206920138029e-06
4900,83,2,1,0,99,3,2.255212772091262e-06
4900,83,1,1,0,98,3,2.6376757568318854e-06
4900,83,1,2,0,97,1,3.0850008851834917e-06
4900,83,2,2,0,96,3,3.6081881698052537e-06
4900,83,2,3,0,95,0,4.220103122579244e-06
4900,83,2,2,0,94,1,4.9357931258236775e-06
4900,83,3,2,0,93,2,5.772857457103716e-06
4900,83,2,2,0,92,1,6.751880066787972e-06
4900,83,3,2,0,91,0,7.896935750629207e-06
4900,83,2,2,0,90,1,9.236182164478605e-06
4900,83,3,2,0,89,0,1.0802552239156264e-05
4900,83,2,2,0,88,1,1.2634564022404986e-05
4900,83,3,2,0,87,3,1.4777267862461972e-05
4900,83,3,3,0,86,1,1.7283354225101722e-05
4900,83,4,3,0,85,1,2.0214449386083884e-05
4900,83,5,3,0,84,0,2.3642630860916825e-05
4900,83,5,4,0,83,3,2.765219983732962e-05
4900,83,5,5,0,82,1,3.2341754195707156e-05
4900,83,6,5,0,81,1,3.782661309439433e-05
4900,83,6,6,1,80,3,4.4241652741981674e-05
4900,83,6,7,1,79,3,5.174462309003704e-05
4900,83,6,8,1,78,3,6.052002700589128e-05
4900,83,6,9,1,77,0,7.078365731683191e-05
4900,83,5,9,1,76,3,8.278790329454025e-05
4900,83,5,10,1,75,0,9.682795706963772e-05
4900,83,4,10,1,74,0,0.00011324907259606752
4900,83,3,10,1,73,0,0.00013245505566791523
4900,83,3,11,1,72,3,0.00015491819376364354
4900,83,3,12,1,71,3,0.0001811908698989983
4900,83,3,13,1,70,2,0.00021191914608069978
4900,83,3,12,1,69,1,0.0002478586503867834
4900,83,4,12,1,68,0,0.00028989315834711504
4900,83,3,12,1,67,1,0.0003390563255521813
4900,83,4,12,1,66,1,0.00039655710590898397
4900,83,5,12,1,65,0,0.0004638094805953029
4900,83,4,12,1,64,3,0.0005424672287664362
4900,83,4,12,1,63,1,0.0006344645950484634
4900,83,5,12,1,62,1,0.0007420638538578519
4900,83,5,11,1,61,1,0.0008679109401846222
4900,83,6,11,1,60,0,0.0010151005148358154
4900,83,5,11,1,59,2,0.0011872520641354567
4900,83,4,11,1,58,3,0.0013885989054215867
4900,83,4,12,1,57,2,0.0016240922870427914
4900,83,3,12,1,56,2,0.0018995231427401068
4900,83,3,11,1,55,1,0.0022216644944328735
4900,83,4,11,1,54,2,0.002598438005184647
4900,83,4,10,1,53,1,0.0030391087779937393
4900,83,5,10,1,52,3,0.0035545131906359524
4900,83,5,11,1,51,2,0.004157325369164857
4900,83,4,11,1,50,3,0.004862368852824394
4900,83,4,12,1,49,0,0.005686981114414496
4900,83,3,12,1,48,2,0.006651439899899995
4900,83,3,11,1,47,3,0.007779461871228065
4900,83,3,12,1,46,0,0.00909878581430183
4900,83,3,12,1,45,1,0.010641854753569392
4900,83,4,12,1,44,1,0.012446613746864786
4900,83,4,11,1,43,1,0.014557442978789224
4900,83,5,11,1,42,1,0.01702624909799909
4900,83,5,12,1,41,3,0.01991374163508666
4900,83,5,13,1,40,3,0.023290925888990247
4900,83,5,14,1,39,1,0.027240848992971047
4900,83,5,14,1,38,3,0.03186064209704216
4900,83,5,15,1,37,2,0.03726390888542943
4900,83,5,14,1,36,2,0.043583519164244945
4900,83,5,13,1,35,0,0.05097487621549116
4900,83,5,13,1,34,3,0.059619738263732354
4900,83,5,14,1,33,3,0.06973068802775714
4900,83,5,15,1,32,0,0.08155636026638262
4900,83,5,16,1,31,0,0.09538755586711417
4900,83,4,16,1,30,1,0.11156439282703412
4900,83,5,16,1,29,0,0.13048466997313932
4900,83,4,16,1,28,0,0.15261364909139102
4900,83,4,15,1,27,0,0.17849549601332285
4900,83,3,15,1,26,3,0.20876666200388638
4900,83,3,16,1,25,2,0.24417153450746945
4900,83,2,16,1,24,1,0.28558074211399936
4900,83,2,17,1,23,3,0.3340125638760227
4900,83,3,17,1,22,1,0.3906579694456406
4900,83,3,17,1,21,2,0.45690990578437496
4900,83,3,16,1,20,1,0.5343975506249999
4900,83,4,16,1,19,2,0.6250263749999999
4900,83,5,16,1,18,3,0.7310249999999999
4900,83,5,17,1,17,3,0.855
4900,84,1,1,0,100,1,1.6486169167180145e-06
4900,84,2,1,0,99,3,1.928206920138029e-06
4900,84,1,1,0,98,3,2.255212772091262e-06
4900,84,1,2,0,97,1,2.6376757568318854e-06
4900,84,2,2,0,96,3,3.0850008851834917e-06
4900,84,2,3,0,95,0,3.6081881698052537e-06
4900,84,2,2,0,94,1,4.220103122579244e-06
4900,84,3,2,0,93,2,4.9357931258236775e-06
4900,84,2,2,0,92,1,5.772857457103716e-06
4900,84,3,2,0,91,0,6.751880066787972e-06
4900,84,2,2,0,90,1,7.896935750629207e-06
4900,84,3,2,0,89,0,9.236182164478605e-06
4900,84,2,2,0,88,1,1.0802552239156264e-05
4900,84,3,2,0,87,3,1.2634564022404986e-05
4900,84,3,3,0,86,1,1.4777267862461972e-05
4900,84,4,3,0,85,1,1.7283354225101722e-05
4900,84,5,3,0,84,0,2.0214449386083884e-05
4900,84,5,4,0,83,3,2.3642630860916825e-05
4900,84,5,5,0,82,1,2.765219983732962e-05
4900,84,6,5,0,81,1,3.2341754195707156e-05
4900,84,6,6,1,80,3,3.782661309439433e-05
4900,84,6,7,1,79,3,4.4241652741981674e-05
4900,84,6,8,1,78,3,5.174462309003704e-05
4900,84,6,9,1,77,0,6.052002700589128e-05
4900,84,5,9,1,76,3,7.078365731683191e-05
4900,84,5,10,1,75,0,8.278790329454025e-05
4900,84,4,10,1,74,0,9.682795706963772e-05
4900,84,3,10,1,73,0,0.00011324907259606752
4900,84,3,11,1,72,3,0.00013245505566791523
4900,84,3,12,1,71,3,0.00015491819376364354
4900,84,3,13,1,70,2,0.0001811908698989983
4900,84,3,12,1,69,1,0.00021191914608069978
4900,84,4,12,1,68,0,0.0002478586503867834
4900,84,3,12,1,67,1,0.00028989315834711504
4900,84,4,12,1,66,1,0.0003390563255521813
4900,84,5,12,1,65,0,0.00039655710590898397
4900,84,4,12,1,64,3,0.0004638094805953029
4900,84,4,12,1,63,1,0.0005424672287664362
4900,84,5,12,1,62,1,0.0006344645950484634
4900,84,5,11,1,61,1,0.0007420638538578519
4900,84,6,11,1,60,0,0.0008679109401846222
4900,84,5,11,1,59,2,0.0010151005148358154
4900,84,4,11,1,58,3,0.0011872520641354567
4900,84,4,12,1,57,2,0.0013885989054215867
4900,84,3,12,1,56,2,0.0016240922870427914
4900,84,3,11,1,55,1,0.0018995231427401068
4900,84,4,11,1,54,2,0.0022216644944328735
4900,84,4,10,1,53,1,0.002598438005184647
4900,84,5,10,1,52,3,0.0030391087779937393
4900,84,5,11,1,51,2,0.0035545131906359524
4900,84,4,11,1,50,3,0.004157325369164857
4900,84,4,12,1,49,0,0.004862368852824394
4900,84,3,12,1,48,2,0.005686981114414496
4900,84,3,11,1,47,3,0.006651439899899995
4900,84,3,12,1,46,0,0.007779461871228065
4900,84,3,12,1,45,1,0.00909878581430183
4900,84,4,12,1,44,1,0.010641854753569392
4900,84,4,11,1,43,1,0.012446613746864786
4900,84,5,11,1,42,1,0.014557442978789224
4900,84,5,12,1,41,3,0.01702624909799909
4900,84,5,13,1,40,3,0.01991374163508666
4900,84,5,14,1,39,1,0.023290925888990247
4900,84,5,14,1,38,3,0.027240848992971047
4900,84,5,15,1,37,2,0.03186064209704216
4900,84,5,14,1,36,2,0.03726390888542943
4900,84,5,13,1,35,0,0.043583519164244945
4900,84,5,13,1,34,3,0.05097487621549116
4900,84,5,14,1,33,3,0.059619738263732354
4900,84,5,15,1,32,0,0.06973068802775714
4900,84,5,16,1,31,0,0.08155636026638262
4900,84,4,16,1,30,1,0.09538755586711417
4900,84,5,16,1,29,0,0.11156439282703412
4900,84,4,16,1,28,0,0.13048466997313932
4900,84,4,15,1,27,0,0.15261364909139102
4900,84,3,15,1,26,3,0.17849549601332285
4900,84,3,16,1,25,2,0.20876666200388638
4900,84,2,16,1,24,1,0.24417153450746945
4900,84,2,17,1,23,3,0.28558074211399936
4900,84,3,17,1,22,1,0.3340125638760227
4900,84,3,17,1,21,2,0.3906579694456406
4900,84,3,16,1,20,1,0.45690990578437496
4900,84,4,16,1,19,2,0.5343975506249999
4900,84,5,16,1,18,3,0.6250263749999999
4900,84,5,17,1,17,3,0.7310249999999999
4900,84,5,17,1,16,1,0.855
4900,85,1,1,0,100,1,1.4095674637939024e-06
4900,85,2,1,0,99,3,1.6486169167180145e-06
4900,85,1,1,0,98,3,1.928206920138029e-06
4900,85,1,2,0,97,1,2.255212772091262e-06
4900,85,2,2,0,96,3,2.6376757568318854e-06
4900,85,2,3,0,95,0,3.0850008851834917e-06
4900,85,2,2,0,94,1,3.6081881698052537e-06
4900,85,3,2,0,93,2,4.220103122579244e-06
4900,85,2,2,0,92,1,4.9357931258236775e-06
4900,85,3,2,0,91,0,5.772857457103716e-06
4900,85,2,2,0,90,1,6.751880066787972e-06
4900,85,3,2,0,89,0,7.896935750629207e-06
4900,85,2,2,0,88,1,9.236182164478605e-06
4900,85,3,2,0,87,3,1.0802552239156264e-05
4900,85,3,3,0,86,1,1.2634564022404986e-05
4900,85,4,3,0,85,1,1.4777267862461972e-05
4900,85,5,3,0,84,0,1.7283354225101722e-05
4900,85,5,4,0,83,3,2.0214449386083884e-05
4900,85,5,5,0,82,1,2.3642630860916825e-05
4900,85,6,5,0,81,1,2.765219983732962e-05
4900,85,6,6,1,80,3,3.2341754195707156e-05
4900,85,6,7,1,79,3,3.782661309439433e-05
4900,85,6,8,1,78,3,4.4241652741981674e-05
4900,85,6,9,1,77,0,5.174462309003704e-05
4900,85,5,9,1,76,3,6.052002700589128e-05
4900,85,5,10,1,75,0,7.078365731683191e-05
4900,85,4,10,1,74,0,8.278790329454025e-05
4900,85,3,10,1,73,0,9.682795706963772e-05
4900,85,3,11,1,72,3,0.00011324907259606752
4900,85,3,12,1,71,3,0.00013245505566791523
4900,85,3,13,1,70,2,0.00015491819376364354
4900,85,3,12,1,69,1,0.0001811908698989983
4900,85,4,12,1,68,0,0.00021191914608069978
4900,85,3,12,1,67,1,0.0002478586503867834
4900,85,4,12,1,66,1,0.00028989315834711504
4900,85,5,12,1,65,0,0.0003390563255521813
4900,85,4,12,1,64,3,0.00039655710590898397
4900,85,4,12,1,63,1,0.0004638094805953029
4900,85,5,12,1,62,1,0.0005424672287664362
4900,85,5,11,1,61,1,0.0006344645950484634
4900,85,6,11,1,60,0,0.0007420638538578519
4900,85,5,11,1,59,2,0.0008679109401846222
4900,85,4,11,1,58,3,0.0010151005148358154
4900,85,4,12,1,57,2,0.0011872520641354567
4900,85,3,12,1,56,2,0.0013885989054215867
4900,85,3,11,1,55,1,0.0016240922870427914
4900,85,4,11,1,54,2,0.0018995231427401068
4900,85,4,10,1,53,1,0.0022216644944328735
4900,85,5,10,1,52,3,0.002598438005184647
4900,85,5,11,1,51,2,0.0030391087779937393
4900,85,4,11,1,50,3,0.0035545131906359524
4900,85,4,12,1,49,0,0.004157325369164857
4900,85,3,12,1,48,2,0.004862368852824394
4900,85,3,11,1,47,3,0.005686981114414496
4900,85,3,12,1,46,0,0.006651439899899995
4900,85,3,12,1,45,1,0.007779461871228065
4900,85,4,12,1,44,1,0.00909878581430183
4900,85,4,11,1,43,1,0.010641854753569392
4900,85,5,11,1,42,1,0.012446613746864786
4900,85,5,12,1,41,3,0.014557442978789224
4900,85,5,13,1,40,3,0.01702624909799909
4900,85,5,14,1,39,1,0.01991374163508666
4900,85,5,14,1,38,3,0.023290925888990247
4900,85,5,15,1,37,2,0.027240848992971047
4900,85,5,14,1,36,2,0.03186064209704216
4900,85,5,13,1,35,0,0.03726390888542943
4900,85,5,13,1,34,3,0.043583519164244945
4900,85,5,14,1,33,3,0.05097487621549116
4900,85,5,15,1,32,0,0.059619738263732354
4900,85,5,16,1,31,0,0.06973068802775714
4900,85,4,16,1,30,1,0.08155636026638262
4900,85,5,16,1,29,0,0.09538755586711417
4900,85,4,16,1,28,0,0.11156439282703412
4900,85,4,15,1,27,0,0.13048466997313932
4900,85,3,15,1,26,3,0.15261364909139102
4900,85,3,16,1,25,2,0.17849549601332285
4900,85,2,16,1,24,1,0.20876666200388638
4900,85,2,17,1,23,3,0.24417153450746945
4900,85,3,17,1,22,1,0.28558074211399936
4900,85,3,17,1,21,2,0.3340125638760227
4900,85,3,16,1,20,1,0.3906579694456406
4900,85,4,16,1,19,2,0.45690990578437496
4900,85,5,16,1,18,3,0.5343975506249999
4900,85,5,17,1,17,3,0.6250263749999999
4900,85,5,17,1,16,1,0.7310249999999999
4900,85,5,16,1,15,1,0.855
4900,86,1,1,0,100,1,1.2051801815437866e-06
4900,86,2,1,0,99,3,1.4095674637939024e-06
4900,86,1,1,0,98,3,1.6486169167180145e-06
4900,86,1,2,0,97,1,1.928206920138029e-06
4900,86,2,2,0,96,3,2.255212772091262e-06
4900,86,2,3,0,95,0,2.6376757568318854e-06
4900,86,2,2,0,94,1,3.0850008851834917e-06
4900,86,3,2,0,93,2,3.6081881698052537e-06
4900,86,2,2,0,92,1,4.220103122579244e-06
4900,86,3,2,0,91,0,4.9357931258236775e-06
4900,86,2,2,0,90,1,5.772857457103716e-06
4900,86,3,2,0,89,0,6.751880066787972e-06
4900,86,2,2,0,88,1,7.896935750629207e-06
4900,86,3,2,0,87,3,9.236182164478605e-06
4900,86,3,3,0,86,1,1.0802552239156264e-05
4900,86,4,3,0,85,1,1.2634564022404986e-05
4900,86,5,3,0,84,0,1.4777267862461972e-05
4900,86,5,4,0,83,3,1.7283354225101722e-05
4900,86,5,5,0,82,1,2.0214449386083884e-05
4900,86,6,5,0,81,1,2.3642630860916825e-05
4900,86,6,6,1,80,3,2.765219983732962e-05
4900,86,6,7,1,79,3,3.2341754195707156e-05
4900,86,6,8,1,78,3,3.782661309439433e-05
4900,86,6,9,1,77,0,4.4241652741981674e-05
4900,86,5,9,1,76,3,5.174462309003704e-05
4900,86,5,10,1,75,0,6.052002700589128e-05
4900,86,4,10,1,74,0,7.078365731683191e-05
4900,86,3,10,1,73,0,8.278790329454025e-05
4900,86,3,11,1,72,3,9.682795706963772e-05
4900,86,3,12,1,71,3,0.00011324907259606752
4900,86,3,13,1,70,2,0.00013245505566791523
4900,86,3,12,1,69,1,0.00015491819376364354
4900,86,4,12,1,68,0,0.0001811908698989983
4900,86,3,12,1,67,1,0.00021191914608069978
4900,86,4,12,1,66,1,0.0002478586503867834
4900,86,5,12,1,65,0,0.00028989315834711504
4900,86,4,12,1,64,3,0.0003390563255521813
4900,86,4,12,1,63,1,0.00039655710590898397
4900,86,5,12,1,62,1,0.0004638094805953029
4900,86,5,11,1,61,1,0.0005424672287664362
4900,86,6,11,1,60,0,0.0006344645950484634
4900,86,5,11,1,59,2,0.0007420638538578519
4900,86,4,11,1,58,3,0.0008679109401846222
4900,86,4,12,1,57,2,0.0010151005148358154
4900,86,3,12,1,56,2,0.0011872520641354567
4900,86,3,11,1,55,1,0.0013885989054215867
4900,86,4,11,1,54,2,0.0016240922870427914
4900,86,4,10,1,53,1,0.0018995231427401068
4900,86,5,10,1,52,3,0.0022216644944328735
4900,86,5,11,1,51,2,0.002598438005184647
4900,86,4,11,1,50,3,0.0030391087779937393
4900,86,4,12,1,49,0,0.0035545131906359524
4900,86,3,12,1,48,2,0.004157325369164857
4900,86,3,11,1,47,3,0.004862368852824394
4900,86,3,12,1,46,0,0.005686981114414496
4900,86,3,12,1,45,1,0.006651439899899995
4900,86,4,12,1,44,1,0.007779461871228065
4900,86,4,11,1,43,1,0.00909878581430183
4900,86,5,11,1,42,1,0.010641854753569392
4900,86,5,12,1,41,3,0.012446613746864786
4900,86,5,13,1,40,3,0.014557442978789224
4900,86,5,14,1,39,1,0.01702624909799909
4900,86,5,14,1,38,3,0.01991374163508666
4900,86,5,15,1,37,2,0.023290925888990247
4900,86,5,14,1,36,2,0.027240848992971047
4900,86,5,13,1,35,0,0.03186064209704216
4900,86,5,13,1,34,3,0.03726390888542943
4900,86,5,14,1,33,3,0.043583519164244945
4900,86,5,15,1,32,0,0.05097487621549116
4900,86,5,16,1,31,0,0.059619738263732354
4900,86,4,16,1,30,1,0.06973068802775714
4900,86,5,16,1,29,0,0.08155636026638262
4900,86,4,16,1,28,0,0.09538755586711417
4900,86,4,15,1,27,0,0.11156439282703412
4900,86,3,15,1,26,3,0.13048466997313932
4900,86,3,16,1,25,2,0.15261364909139102
4900,86,2,16,1,24,1,0.17849549601332285
4900,86,2,17,1,23,3,0.20876666200388638
4900,86,3,17,1,22,1,0.24417153450746945
4900,86,3,17,1,21,2,0.28558074211399936
4900,86,3,16,1,20,1,0.3340125638760227
4900,86,4,16,1,19,2,0.3906579694456406
4900,86,5,16,1,18,3,0.45690990578437496
4900,86,5,17,1,17,3,0.5343975506249999
4900,86,5,17,1,16,1,0.6250263749999999
4900,86,5,16,1,15,1,0.7310249999999999
4900,86,6,16,1,14,3,0.855
4900,87,1,1,0,100,1,1.0304290552199376e-06
4900,87,2,1,0,99,3,1.2051801815437866e-06
4900,87,1,1,0,98,3,1.4095674637939024e-06
4900,87,1,2,0,97,1,1.6486169167180145e-06
4900,87,2,2,0,96,3,1.928206920138029e-06
4900,87,2,3,0,95,0,2.255212772091262e-06
4900,87,2,2,0,94,1,2.6376757568318854e-06
4900,87,3,2,0,93,2,3.0850008851834917e-06
4900,87,2,2,0,92,1,3.6081881698052537e-06
4900,87,3,2,0,91,0,4.220103122579244e-06
4900,87,2,2,0,90,1,4.9357931258236775e-06
4900,87,3,2,0,89,0,5.772857457103716e-06
4900,87,2,2,0,88,1,6.751880066787972e-06
4900,87,3,2,0,87,3,7.896935750629207e-06
4900,87,3,3,0,86,1,9.236182164478605e-06
4900,87,4,3,0,85,1,1.0802552239156264e-05
4900,87,5,3,0,84,0,1.2634564022404986e-05
4900,87,5,4,0,83,3,1.4777267862461972e-05
4900,87,5,5,0,82,1,1.7283354225101722e-05
4900,87,6,5,0,81,1,2.0214449386083884e-05
4900,87,6,6,1,80,3,2.3642630860916825e-05
4900,87,6,7,1,79,3,2.765219983732962e-05
4900,87,6,8,1,78,3,3.2341754195707156e-05
4900,87,6,9,1,77,0,3.782661309439433e-05
4900,87,5,9,1,76,3,4.4241652741981674e-05
4900,87,5,10,1,75,0,5.174462309003704e-05
4900,87,4,10,1,74,0,6.052002700589128e-05
4900,87,3,10,1,73,0,7.078365731683191e-05
4900,87,3,11,1,72,3,8.278790329454025e-05
4900,87,3,12,1,71,3,9.682795706963772e-05
4900,87,3,13,1,70,2,0.00011324907259606752
4900,87,3,12,1,69,1,0.00013245505566791523
4900,87,4,12,1,68,0,0.00015491819376364354
4900,87,3,12,1,67,1,0.0001811908698989983
4900,87,4,12,1,66,1,0.00021191914608069978
4900,87,5,12,1,65,0,0.0002478586503867834
4900,87,4,12,1,64,3,0.00028989315834711504
4900,87,4,12,1,63,1,0.0003390563255521813
4900,87,5,12,1,62,1,0.00039655710590898397
4900,87,5,11,1,61,1,0.0004638094805953029
4900,87,6,11,1,60,0,0.0005424672287664362
4900,87,5,11,1,59,2,0.0006344645950484634
4900,87,4,11,1,58,3,0.0007420638538578519
4900,87,4,12,1,57,2,0.0008679109401846222
4900,87,3,12,1,56,2,0.0010151005148358154
4900,87,3,11,1,55,1,0.0011872520641354567
4900,87,4,11,1,54,2,0.0013885989054215867
4900,87,4,10,1,53,1,0.0016240922870427914
4900,87,5,10,1,52,3,0.0018995231427401068
4900,87,5,11,1,51,2,0.0022216644944328735
4900,87,4,11,1,50,3,0.002598438005184647
4900,87,4,12,1,49,0,0.0030391087779937393
4900,87,3,12,1,48,2,0.0035545131906359524
4900,87,3,11,1,47,3,0.004157325369164857
4900,87,3,12,1,46,0,0.004862368852824394
4900,87,3,12,1,45,1,0.005686981114414496
4900,87,4,12,1,44,1,0.006651439899899995
4900,87,4,11,1,43,1,0.007779461871228065
4900,87,5,11,1,42,1,0.00909878581430183
4900,87,5,12,1,41,3,0.010641854753569392
4900,87,5,13,1,40,3,0.012446613746864786
4900,87,5,14,1,39,1,0.014557442978789224
4900,87,5,14,1,38,3,0.01702624909799909
4900,87,5,15,1,37,2,0.01991374163508666
4900,87,5,14,1,36,2,0.023290925888990247
4900,87,5,13,1,35,0,0.027240848992971047
4900,87,5,13,1,34,3,0.03186064209704216
4900,87,5,14,1,33,3,0.03726390888542943
4900,87,5,15,1,32,0,0.043583519164244945
4900,87,5,16,1,31,0,0.05097487621549116
4900,87,4,16,1,30,1,0.059619738263732354
4900,87,5,16,1,29,0,0.06973068802775714
4900,87,4,16,1,28,0,0.08155636026638262
4900,87,4,15,1,27,0,0.09538755586711417
4900,87,3,15,1,26,3,0.11156439282703412
4900,87,3,16,1,25,2,0.13048466997313932
4900,87,2,16,1,24,1,0.15261364909139102
4900,87,2,17,1,23,3,0.17849549601332285
4900,87,3,17,1,22,1,0.20876666200388638
4900,87,3,17,1,21,2,0.24417153450746945
4900,87,3,16,1,20,1,0.28558074211399936
4900,87,4,16,1,19,2,0.3340125638760227
4900,87,5,16,1,18,3,0.3906579694456406
4900,87,5,17,1,17,3,0.45690990578437496
4900,87,5,17,1,16,1,0.5343975506249999
4900,87,5,16,1,15,1,0.6250263749999999
4900,87,6,16,1,14,3,0.7310249999999999
4900,87,6,17,1,13,2,0.855
4900,88,2,1,0,99,3,1.0304290552199376e-06
4900,88,1,1,0,98,3,1.2051801815437866e-06
4900,88,1,2,0,97,1,1.4095674637939024e-06
4900,88,2,2,0,96,3,1.6486169167180145e-06
4900,88,2,3,0,95,0,1.928206920138029e-06
4900,88,2,2,0,94,1,2.255212772091262e-06
4900,88,3,2,0,93,2,2.6376757568318854e-06
4900,88,2,2,0,92,1,3.0850008851834917e-06
4900,88,3,2,0,91,0,3.6081881698052537e-06
4900,88,2,2,0,90,1,4.220103122579244e-06
4900,88,3,2,0,89,0,4.9357931258236775e-06
4900,88,2,2,0,88,1,5.772857457103716e-06
4900,88,3,2,0,87,3,6.751880066787972e-06
4900,88,3,3,0,86,1,7.896935750629207e-06
4900,88,4,3,0,85,1,9.236182164478605e-06
4900,88,5,3,0,84,0,1.0802552239156264e-05
4900,88,5,4,0,83,3,1.2634564022404986e-05
4900,88,5,5,0,82,1,1.4777267862461972e-05
4900,88,6,5,0,81,1,1.7283354225101722e-05
4900,88,6,6,1,80,3,2.0214449386083884e-05
4900,88,6,7,1,79,3,2.3642630860916825e-05
4900,88,6,8,1,78,3,2.765219983732962e-05
4900,88,6,9,1,77,0,3.2341754195707156e-05
4900,88,5,9,1,76,3,3.782661309439433e-05
4900,88,5,10,1,75,0,4.4241652741981674e-05
4900,88,4,10,1,74,0,5.174462309003704e-05
4900,88,3,10,1,73,0,6.052002700589128e-05
4900,88,3,11,1,72,3,7.078365731683191e-05
4900,88,3,12,1,71,3,8.278790329454025e-05
4900,88,3,13,1,70,2,9.682795706963772e-05
4900,88,3,12,1,69,1,0.00011324907259606752
4900,88,4,12,1,68,0,0.00013245505566791523
4900,88,3,12,1,67,1,0.00015491819376364354
4900,88,4,12,1,66,1,0.0001811908698989983
4900,88,5,12,1,65,0,0.00021191914608069978
4900,88,4,12,1,64,3,0.0002478586503867834
4900,88,4,12,1,63,1,0.00028989315834711504
4900,88,5,12,1,62,1,0.0003390563255521813
4900,88,5,11,1,61,1,0.00039655710590898397
4900,88,6,11,1,60,0,0.0004638094805953029
4900,88,5,11,1,59,2,0.0005424672287664362
4900,88,4,11,1,58,3,0.0006344645950484634
4900,88,4,12,1,57,2,0.0007420638538578519
4900,88,3,12,1,56,2,0.0008679109401846222
4900,88,3,11,1,55,1,0.0010151005148358154
4900,88,4,11,1,54,2,0.0011872520641354567
4900,88,4,10,1,53,1,0.0013885989054215867
4900,88,5,10,1,52,3,0.0016240922870427914
4900,88,5,11,1,51,2,0.0018995231427401068
4900,88,4,11,1,50,3,0.0022216644944328735
4900,88,4,12,1,49,0,0.002598438005184647
4900,88,3,12,1,48,2,0.0030391087779937393
4900,88,3,11,1,47,3,0.0035545131906359524
4900,88,3,12,1,46,0,0.004157325369164857
4900,88,3,12,1,45,1,0.004862368852824394
4900,88,4,12,1,44,1,0.005686981114414496
4900,88,4,11,1,43,1,0.006651439899899995
4900,88,5,11,1,42,1,0.007779461871228065
4900,88,5,12,1,41,3,0.00909878581430183
4900,88,5,13,1,40,3,0.010641854753569392
4900,88,5,14,1,39,1,0.012446613746864786
4900,88,5,14,1,38,3,0.014557442978789224
4900,88,5,15,1,37,2,0.01702624909799909
4900,88,5,14,1,36,2,0.01991374163508666
4900,88,5,13,1,35,0,0.023290925888990247
4900,88,5,13,1,34,3,0.027240848992971047
4900,88,5,14,1,33,3,0.03186064209704216
4900,88,5,15,1,32,0,0.03726390888542943
4900,88,5,16,1,31,0,0.043583519164244945
4900,88,4,16,1,30,1,0.05097487621549116
4900,88,5,16,1,29,0,0.059619738263732354
4900,88,4,16,1,28,0,0.06973068802775714
4900,88,4,15,1,27,0,0.08155636026638262
4900,88,3,15,1,26,3,0.09538755586711417
4900,88,3,16,1,25,2,0.11156439282703412
4900,88,2,16,1,24,1,0.13048466997313932
4900,88,2,17,1,23,3,0.15261364909139102
4900,88,3,17,1,22,1,0.17849549601332285
4900,88,3,17,1,21,2,0.20876666200388638
4900,88,3,16,1,20,1,0.24417153450746945
4900,88,4,16,1,19,2,0.28558074211399936
4900,88,5,16,1,18,3,0.3340125638760227
4900,88,5,17,1,17,3,0.3906579694456406
4900,88,5,17,1,16,1,0.45690990578437496
4900,88,5,16,1,15,1,0.5343975506249999
4900,88,6,16,1,14,3,0.6250263749999999
4900,88,6,17,1,13,2,0.7310249999999999
4900,88,6,16,1,12,3,0.855
4900,89,1,1,0,98,3,1.0304290552199376e-06
4900,89,1,2,0,97,1,1.2051801815437866e-06
4900,89,2,2,0,96,3,1.4095674637939024e-06
4900,89,2,3,0,95,0,1.6486169167180145e-06
4900,89,2,2,0,94,1,1.928206920138029e-06
4900,89,3,2,0,93,2,2.255212772091262e-06
4900,89,2,2,0,92,1,2.6376757568318854e-06
4900,89,3,2,0,91,0,3.0850008851834917e-06
4900,89,2,2,0,90,1,3.6081881698052537e-06
4900,89,3,2,0,89,0,4.220103122579244e-06
4900,89,2,2,0,88,1,4.9357931258236775e-06
4900,89,3,2,0,87,3,5.772857457103716e-06
4900,89,3,3,0,86,1,6.751880066787972e-06
4900,89,4,3,0,85,1,7.896935750629207e-06
4900,89,5,3,0,84,0,9.236182164478605e-06
4900,89,5,4,0,83,3,1.0802552239156264e-05
4900,89,5,5,0,82,1,1.2634564022404986e-05
4900,89,6,5,0,81,1,1.4777267862461972e-05
4900,89,6,6,1,80,3,1.7283354225101722e-05
4900,89,6,7,1,79,3,2.0214449386083884e-05
4900,89,6,8,1,78,3,2.3642630860916825e-05
4900,89,6,9,1,77,0,2.765219983732962e-05
4900,89,5,9,1,76,3,3.2341754195707156e-05
4900,89,5,10,1,75,0,3.782661309439433e-05
4900,89,4,10,1,74,0,4.4241652741981674e-05
4900,89,3,10,1,73,0,5.174462309003704e-05
4900,89,3,11,1,72,3,6.052002700589128e-05
4900,89,3,12,1,71,3,7.078365731683191e-05
4900,89,3,13,1,70,2,8.278790329454025e-05
4900,89,3,12,1,69,1,9.682795706963772e-05
4900,89,4,12,1,68,0,0.00011324907259606752
4900,89,3,12,1,67,1,0.00013245505566791523
4900,89,4,12,1,66,1,0.00015491819376364354
4900,89,5,12,1,65,0,0.0001811908698989983
4900,89,4,12,1,64,3,0.00021191914608069978
4900,89,4,12,1,63,1,0.0002478586503867834
4900,89,5,12,1,62,1,0.00028989315834711504
4900,89,5,11,1,61,1,0.0003390563255521813
4900,89,6,11,1,60,0,0.00039655710590898397
4900,89,5,11,1,59,2,0.0004638094805953029
4900,89,4,11,1,58,3,0.0005424672287664362
4900,89,4,12,1,57,2,0.0006344645950484634
4900,89,3,12,1,56,2,0.0007420638538578519
4900,89,3,11,1,55,1,0.0008679109401846222
4900,89,4,11,1,54,2,0.0010151005148358154
4900,89,4,10,1,53,1,0.0011872520641354567
4900,89,5,10,1,52,3,0.0013885989054215867
4900,89,5,11,1,51,2,0.0016240922870427914
4900,89,4,11,1,50,3,0.0018995231427401068
4900,89,4,12,1,49,0,0.0022216644944328735
4900,89,3,12,1,48,2,0.002598438005184647
4900,89,3,11,1,47,3,0.0030391087779937393
4900,89,3,12,1,46,0,0.0035545131906359524
4900,89,3,12,1,45,1,0.004157325369164857
4900,89,4,12,1,44,1,0.004862368852824394
4900,89,4,11,1,43,1,0.005686981114414496
4900,89,5,11,1,42,1,0.006651439899899995
4900,89,5,12,1,41,3,0.007779461871228065
4900,89,5,13,1,40,3,0.00909878581430183
4900,89,5,14,1,39,1,0.010641854753569392
4900,89,5,14,1,38,3,0.012446613746864786
4900,89,5,15,1,37,2,0.014557442978789224
4900,89,5,14,1,36,2,0.01702624909799909
4900,89,5,13,1,35,0,0.01991374163508666
4900,89,5,13,1,34,3,0.023290925888990247
4900,89,5,14,1,33,3,0.027240848992971047
4900,89,5,15,1,32,0,0.03186064209704216
4900,89,5,16,1,31,0,0.03726390888542943
4900,89,4,16,1,30,1,0.043583519164244945
4900,89,5,16,1,29,0,0.05097487621549116
4900,89,4,16,1,28,0,0.059619738263732354
4900,89,4,15,1,27,0,0.06973068802775714
4900,89,3,15,1,26,3,0.08155636026638262
4900,89,3,16,1,25,2,0.09538755586711417
4900,89,2,16,1,24,1,0.11156439282703412
4900,89,2,17,1,23,3,0.13048466997313932
4900,89,3,17,1,22,1,0.15261364909139102
4900,89,3,17,1,21,2,0.17849549601332285
4900,89,3,16,1,20,1,0.20876666200388638
4900,89,4,16,1,19,2,0.24417153450746945
4900,89,5,16,1,18,3,0.28558074211399936
4900,89,5,17,1,17,3,0.3340125638760227
4900,89,5,17,1,16,1,0.3906579694456406
4900,89,5,16,1,15,1,0.45690990578437496
4900,89,6,16,1,14,3,0.5343975506249999
4900,89,6,17,1,13,2,0.6250263749999999
4900,89,6,16,1,12,3,0.7310249999999999
4900,89,6,17,1,11,2,0.855
4900,90,1,2,0,97,1,1.0304290552199376e-06
4900,90,2,2,0,96,3,1.2051801815437866e-06
4900,90,2,3,0,95,0,1.4095674637939024e-06
4900,90,2,2,0,94,1,1.6486169167180145e-06
4900,90,3,2,0,93,2,1.928206920138029e-06
4900,90,2,2,0,92,1,2.255212772091262e-06
4900,90,3,2,0,91,0,2.6376757568318854e-06
4900,90,2,2,0,90,1,3.0850008851834917e-06
4900,90,3,2,0,89,0,3.6081881698052537e-06
4900,90,2,2,0,88,1,4.220103122579244e-06
4900,90,3,2,0,87,3,4.9357931258236775e-06
4900,90,3,3,0,86,1,5.772857457103716e-06
4900,90,4,3,0,85,1,6.751880066787972e-06
4900,90,5,3,0,84,0,7.896935750629207e-06
4900,90,5,4,0,83,3,9.236182164478605e-06
4900,90,5,5,0,82,1,1.0802552239156264e-05
4900,90,6,5,0,81,1,1.2634564022404986e-05
4900,90,6,6,1,80,3,1.4777267862461972e-05
4900,90,6,7,1,79,3,1.7283354225101722e-05
4900,90,6,8,1,78,3,2.0214449386083884e-05
4900,90,6,9,1,77,0,2.3642630860916825e-05
4900,90,5,9,1,76,3,2.765219983732962e-05
4900,90,5,10,1,75,0,3.2341754195707156e-05
4900,90,4,10,1,74,0,3.782661309439433e-05
4900,90,3,10,1,73,0,4.4241652741981674e-05
4900,90,3,11,1,72,3,5.174462309003704e-05
4900,90,3,12,1,71,3,6.052002700589128e-05
4900,90,3,13,1,70,2,7.078365731683191e-05
4900,90,3,12,1,69,1,8.278790329454025e-05
4900,90,4,12,1,68,0,9.682795706963772e-05
4900,90,3,12,1,67,1,0.00011324907259606752
4900,90,4,12,1,66,1,0.00013245505566791523
4900,90,5,12,1,65,0,0.00015491819376364354
4900,90,4,12,1,64,3,0.0001811908698989983
4900,90,4,12,1,63,1,0.00021191914608069978
4900,90,5,12,1,62,1,0.0002478586503867834
4900,90,5,11,1,61,1,0.00028989315834711504
4900,90,6,11,1,60,0,0.0003390563255521813
4900,90,5,11,1,59,2,0.00039655710590898397
4900,90,4,11,1,58,3,0.0004638094805953029
4900,90,4,12,1,57,2,0.0005424672287664362
4900,90,3,12,1,56,2,0.0006344645950484634
4900,90,3,11,1,55,1,0.0007420638538578519
4900,90,4,11,1,54,2,0.0008679109401846222
4900,90,4,10,1,53,1,0.0010151005148358154
4900,90,5,10,1,52,3,0.0011872520641354567
4900,90,5,11,1,51,2,0.0013885989054215867
4900,90,4,11,1,50,3,0.0016240922870427914
4900,90,4,12,1,49,0,0.0018995231427401068
4900,90,3,12,1,48,2,0.0022216644944328735
4900,90,3,11,1,47,3,0.002598438005184647
4900,90,3,12,1,46,0,0.0030391087779937393
4900,90,3,12,1,45,1,0.0035545131906359524
4900,90,4,12,1,44,1,0.004157325369164857
4900,90,4,11,1,43,1,0.004862368852824394
4900,90,5,11,1,42,1,0.005686981114414496
4900,90,5,12,1,41,3,0.006651439899899995
4900,90,5,13,1,40,3,0.007779461871228065
4900,90,5,14,1,39,1,0.00909878581430183
4900,90,5,14,1,38,3,0.010641854753569392
4900,90,5,15,1,37,2,0.012446613746864786
4900,90,5,14,1,36,2,0.014557442978789224
4900,90,5,13,1,35,0,0.01702624909799909
4900,90,5,13,1,34,3,0.01991374163508666
4900,90,5,14,1,33,3,0.023290925888990247
4900,90,5,15,1,32,0,0.027240848992971047
4900,90,5,16,1,31,0,0.03186064209704216
4900,90,4,16,1,30,1,0.03726390888542943
4900,90,5,16,1,29,0,0.043583519164244945
4900,90,4,16,1,28,0,0.05097487621549116
4900,90,4,15,1,27,0,0.059619738263732354
4900,90,3,15,1,26,3,0.06973068802775714
4900,90,3,16,1,25,2,0.08155636026638262
4900,90,2,16,1,24,1,0.09538755586711417
4900,90,2,17,1,23,3,0.11156439282703412
4900,90,3,17,1,22,1,0.13048466997313932
4900,90,3,17,1,21,2,0.15261364909139102
4900,90,3,16,1,20,1,0.17849549601332285
4900,90,4,16,1,19,2,0.20876666200388638
4900,90,5,16,1,18,3,0.24417153450746945
4900,90,5,17,1,17,3,0.28558074211399936
4900,90,5,17,1,16,1,0.3340125638760227
4900,90,5,16,1,15,1,0.3906579694456406
4900,90,6,16,1,14,3,0.45690990578437496
4900,90,6,17,1,13,2,0.5343975506249999
4900,90,6,16,1,12,3,0.6250263749999999
4900,90,6,17,1,11,2,0.7310249999999999
4900,90,6,16,1,10,0,0.855
4900,91,2,2,0,96,3,1.0304290552199376e-06
4900,91,2,3,0,95,0,1.2051801815437866e-06
4900,91,2,2,0,94,1,1.4095674637939024e-06
4900,91,3,2,0,93,2,1.6486169167180145e-06
4900,91,2,2,0,92,1,1.928206920138029e-06
4900,91,3,2,0,91,0,2.255212772091262e-06
4900,91,2,2,0,90,1,2.6376757568318854e-06
4900,91,3,2,0,89,0,3.0850008851834917e-06
4900,91,2,2,0,88,1,3.6081881698052537e-06
4900,91,3,2,0,87,3,4.220103122579244e-06
4900,91,3,3,0,86,1,4.9357931258236775e-06
4900,91,4,3,0,85,1,5.772857457103716e-06
4900,91,5,3,0,84,0,6.751880066787972e-06
4900,91,5,4,0,83,3,7.896935750629207e-06
4900,91,5,5,0,82,1,9.236182164478605e-06
4900,91,6,5,0,81,1,1.0802552239156264e-05
4900,91,6,6,1,80,3,1.2634564022404986e-05
4900,91,6,7,1,79,3,1.4777267862461972e-05
4900,91,6,8,1,78,3,1.7283354225101722e-05
4900,91,6,9,1,77,0,2.0214449386083884e-05
4900,91,5,9,1,76,3,2.3642630860916825e-05
4900,91,5,10,1,75,0,2.765219983732962e-05
4900,91,4,10,1,74,0,3.2341754195707156e-05
4900,91,3,10,1,73,0,3.782661309439433e-05
4900,91,3,11,1,72,3,4.4241652741981674e-05
4900,91,3,12,1,71,3,5.174462309003704e-05
4900,91,3,13,1,70,2,6.052002700589128e-05
4900,91,3,12,1,69,1,7.078365731683191e-05
4900,91,4,12,1,68,0,8.278790329454025e-05
4900,91,3,12,1,67,1,9.682795706963772e-05
4900,91,4,12,1,66,1,0.00011324907259606752
4900,91,5,12,1,65,0,0.00013245505566791523
4900,91,4,12,1,64,3,0.00015491819376364354
4900,91,4,12,1,63,1,0.0001811908698989983
4900,91,5,12,1,62,1,0.00021191914608069978
4900,91,5,11,1,61,1,0.0002478586503867834
4900,91,6,11,1,60,0,0.00028989315834711504
4900,91,5,11,1,59,2,0.0003390563255521813
4900,91,4,11,1,58,3,0.00039655710590898397
4900,91,4,12,1,57,2,0.0004638094805953029
4900,91,3,12,1,56,2,0.0005424672287664362
4900,91,3,11,1,55,1,0.0006344645950484634
4900,91,4,11,1,54,2,0.0007420638538578519
4900,91,4,10,1,53,1,0.0008679109401846222
4900,91,5,10,1,52,3,0.0010151005148358154
4900,91,5,11,1,51,2,0.0011872520641354567
4900,91,4,11,1,50,3,0.0013885989054215867
4900,91,4,12,1,49,0,0.0016240922870427914
4900,91,3,12,1,48,2,0.0018995231427401068
4900,91,3,11,1,47,3,0.0022216644944328735
4900,91,3,12,1,46,0,0.002598438005184647
4900,91,3,12,1,45,1,0.0030391087779937393
4900,91,4,12,1,44,1,0.0035545131906359524
4900,91,4,11,1,43,1,0.004157325369164857
4900,91,5,11,1,42,1,0.004862368852824394
4900,91,5,12,1,41,3,0.005686981114414496
4900,91,5,13,1,40,3,0.006651439899899995
4900,91,5,14,1,39,1,0.007779461871228065
4900,91,5,14,1,38,3,0.00909878581430183
4900,91,5,15,1,37,2,0.010641854753569392
4900,91,5,14,1,36,2,0.012446613746864786
4900,91,5,13,1,35,0,0.014557442978789224
4900,91,5,13,1,34,3,0.01702624909799909
4900,91,5,14,1,33,3,0.01991374163508666
4900,91,5,15,1,32,0,0.023290925888990247
4900,91,5,16,1,31,0,0.027240848992971047
4900,91,4,16,1,30,1,0.03186064209704216
4900,91,5,16,1,29,0,0.03726390888542943
4900,91,4,16,1,28,0,0.043583519164244945
4900,91,4,15,1,27,0,0.05097487621549116
4900,91,3,15,1,26,3,0.059619738263732354
4900,91,3,16,1,25,2,0.06973068802775714
4900,91,2,16,1,24,1,0.08155636026638262
4900,91,2,17,1,23,3,0.09538755586711417
4900,91,3,17,1,22,1,0.11156439282703412
4900,91,3,17,1,21,2,0.13048466997313932
4900,91,3,16,1,20,1,0.15261364909139102
4900,91,4,16,1,19,2,0.17849549601332285
4900,91,5,16,1,18,3,0.20876666200388638
4900,91,5,17,1,17,3,0.24417153450746945
4900,91,5,17,1,16,1,0.28558074211399936
4900,91,5,16,1,15,1,0.3340125638760227
4900,91,6,16,1,14,3,0.3906579694456406
4900,91,6,17,1,13,2,0.45690990578437496
4900,91,6,16,1,12,3,0.5343975506249999
4900,91,6,17,1,11,2,0.6250263749999999
4900,91,6,16,1,10,0,0.7310249999999999
4900,91,5,16,1,9,1,0.855
4900,92,2,3,0,95,0,1.0304290552199376e-06
4900,92,2,2,0,94,1,1.2051801815437866e-06
4900,92,3,2,0,93,2,1.4095674637939024e-06
4900,92,2,2,0,92,1,1.6486169167180145e-06
4900,92,3,2,0,91,0,1.928206920138029e-06
4900,92,2,2,0,90,1,2.255212772091262e-06
4900,92,3,2,0,89,0,2.6376757568318854e-06
4900,92,2,2,0,88,1,3.0850008851834917e-06
4900,92,3,2,0,87,3,3.6081881698052537e-06
4900,92,3,3,0,86,1,4.220103122579244e-06
4900,92,4,3,0,85,1,4.9357931258236775e-06
4900,92,5,3,0,84,0,5.772857457103716e-06
4900,92,5,4,0,83,3,6.751880066787972e-06
4900,92,5,5,0,82,1,7.896935750629207e-06
4900,92,6,5,0,81,1,9.236182164478605e-06
4900,92,6,6,1,80,3,1.0802552239156264e-05
4900,92,6,7,1,79,3,1.2634564022404986e-05
4900,92,6,8,1,78,3,1.4777267862461972e-05
4900,92,6,9,1,77,0,1.7283354225101722e-05
4900,92,5,9,1,76,3,2.0214449386083884e-05
4900,92,5,10,1,75,0,2.3642630860916825e-05
4900,92,4,10,1,74,0,2.765219983732962e-05
4900,92,3,10,1,73,0,3.2341754195707156e-05
4900,92,3,11,1,72,3,3.782661309439433e-05
4900,92,3,12,1,71,3,4.4241652741981674e-05
4900,92,3,13,1,70,2,5.174462309003704e-05
4900,92,3,12,1,69,1,6.052002700589128e-05
4900,92,4,12,1,68,0,7.078365731683191e-05
4900,92,3,12,1,67,1,8.278790329454025e-05
4900,92,4,12,1,66,1,9.682795706963772e-05
4900,92,5,12,1,65,0,0.00011324907259606752
4900,92,4,12,1,64,3,0.00013245505566791523
4900,92,4,12,1,63,1,0.00015491819376364354
4900,92,5,12,1,62,1,0.0001811908698989983
4900,92,5,11,1,61,1,0.00021191914608069978
4900,92,6,11,1,60,0,0.0002478586503867834
4900,92,5,11,1,59,2,0.00028989315834711504
4900,92,4,11,1,58,3,0.0003390563255521813
4900,92,4,12,1,57,2,0.00039655710590898397
4900,92,3,12,1,56,2,0.0004638094805953029
4900,92,3,11,1,55,1,0.0005424672287664362
4900,92,4,11,1,54,2,0.0006344645950484634
4900,92,4,10,1,53,1,0.0007420638538578519
4900,92,5,10,1,52,3,0.0008679109401846222
4900,92,5,11,1,51,2,0.0010151005148358154
4900,92,4,11,1,50,3,0.0011872520641354567
4900,92,4,12,1,49,0,0.0013885989054215867
4900,92,3,12,1,48,2,0.0016240922870427914
4900,92,3,11,1,47,3,0.0018995231427401068
4900,92,3,12,1,46,0,0.0022216644944328735
4900,92,3,12,1,45,1,0.002598438005184647
4900,92,4,12,1,44,1,0.0030391087779937393
4900,92,4,11,1,43,1,0.0035545131906359524
4900,92,5,11,1,42,1,0.004157325369164857
4900,92,5,12,1,41,3,0.004862368852824394
4900,92,5,13,1,40,3,0.005686981114414496
4900,92,5,14,1,39,1,0.006651439899899995
4900,92,5,14,1,38,3,0.007779461871228065
4900,92,5,15,1,37,2,0.00909878581430183
4900,92,5,14,1,36,2,0.010641854753569392
4900,92,5,13,1,35,0,0.012446613746864786
4900,92,5,13,1,34,3,0.014557442978789224
4900,92,5,14,1,33,3,0.01702624909799909
4900,92,5,15,1,32,0,0.01991374163508666
4900,92,5,16,1,31,0,0.023290925888990247
4900,92,4,16,1,30,1,0.027240848992971047
4900,92,5,16,1,29,0,0.03186064209704216
4900,92,4,16,1,28,0,0.03726390888542943
4900,92,4,15,1,27,0,0.043583519164244945
4900,92,3,15,1,26,3,0.05097487621549116
4900,92,3,16,1,25,2,0.059619738263732354
4900,92,2,16,1,24,1,0.06973068802775714
4900,92,2,17,1,23,3,0.08155636026638262
4900,92,3,17,1,22,1,0.09538755586711417
4900,92,3,17,1,21,2,0.11156439282703412
4900,92,3,16,1,20,1,0.13048466997313932
4900,92,4,16,1,19,2,0.15261364909139102
4900,92,5,16,1,18,3,0.17849549601332285
4900,92,5,17,1,17,3,0.20876666200388638
4900,92,5,17,1,16,1,0.24417153450746945
4900,92,5,16,1,15,1,0.28558074211399936
4900,92,6,16,1,14,3,0.3340125638760227
4900,92,6,17,1,13,2,0.3906579694456406
4900,92,6,16,1,12,3,0.45690990578437496
4900,92,6,17,1,11,2,0.5343975506249999
4900,92,6,16,1,10,0,0.6250263749999999
4900,92,5,16,1,9,1,0.7310249999999999
4900,92,5,15,1,8,1,0.855
4900,93,2,2,0,94,1,1.0304290552199376e-06
4900,93,3,2,0,93,2,1.2051801815437866e-06
4900,93,2,2,0,92,1,1.4095674637939024e-06
4900,93,3,2,0,91,0,1.6486169167180145e-06
4900,93,2,2,0,90,1,1.928206920138029e-06
4900,93,3,2,0,89,0,2.255212772091262e-06
4900,93,2,2,0,88,1,2.6376757568318854e-06
4900,93,3,2,0,87,3,3.0850008851834917e-06
4900,93,3,3,0,86,1,3.6081881698052537e-06
4900,93,4,3,0,85,1,4.220103122579244e-06
4900,93,5,3,0,84,0,4.9357931258236775e-06
4900,93,5,4,0,83,3,5.772857457103716e-06
4900,93,5,5,0,82,1,6.751880066787972e-06
4900,93,6,5,0,81,1,7.896935750629207e-06
4900,93,6,6,1,80,3,9.236182164478605e-06
4900,93,6,7,1,79,3,1.0802552239156264e-05
4900,93,6,8,1,78,3,1.2634564022404986e-05
4900,93,6,9,1,77,0,1.4777267862461972e-05
4900,93,5,9,1,76,3,1.7283354225101722e-05
4900,93,5,10,1,75,0,2.0214449386083884e-05
4900,93,4,10,1,74,0,2.3642630860916825e-05
4900,93,3,10,1,73,0,2.765219983732962e-05
4900,93,3,11,1,72,3,3.2341754195707156e-05
4900,93,3,12,1,71,3,3.782661309439433e-05
4900,93,3,13,1,70,2,4.4241652741981674e-05
4900,93,3,12,1,69,1,5.174462309003704e-05
4900,93,4,12,1,68,0,6.052002700589128e-05
4900,93,3,12,1,67,1,7.078365731683191e-05
4900,93,4,12,1,66,1,8.278790329454025e-05
4900,93,5,12,1,65,0,9.682795706963772e-05
4900,93,4,12,1,64,3,0.00011324907259606752
4900,93,4,12,1,63,1,0.00013245505566791523
4900,93,5,12,1,62,1,0.00015491819376364354
4900,93,5,11,1,61,1,0.0001811908698989983
4900,93,6,11,1,60,0,0.00021191914608069978
4900,93,5,11,1,59,2,0.0002478586503867834
4900,93,4,11,1,58,3,0.00028989315834711504
4900,93,4,12,1,57,2,0.0003390563255521813
4900,93,3,12,1,56,2,0.00039655710590898397
4900,93,3,11,1,55,1,0.0004638094805953029
4900,93,4,11,1,54,2,0.0005424672287664362
4900,93,4,10,1,53,1,0.0006344645950484634
4900,93,5,10,1,52,3,0.0007420638538578519
4900,93,5,11,1,51,2,0.0008679109401846222
4900,93,4,11,1,50,3,0.0010151005148358154
4900,93,4,12,1,49,0,0.0011872520641354567
4900,93,3,12,1,48,2,0.0013885989054215867
4900,93,3,11,1,47,3,0.0016240922870427914
4900,93,3,12,1,46,0,0.0018995231427401068
4900,93,3,12,1,45,1,0.0022216644944328735
4900,93,4,12,1,44,1,0.002598438005184647
4900,93,4,11,1,43,1,0.0030391087779937393
4900,93,5,11,1,42,1,0.0035545131906359524
4900,93,5,12,1,41,3,0.004157325369164857
4900,93,5,13,1,40,3,0.004862368852824394
4900,93,5,14,1,39,1,0.005686981114414496
4900,93,5,14,1,38,3,0.006651439899899995
4900,93,5,15,1,37,2,0.007779461871228065
4900,93,5,14,1,36,2,0.00909878581430183
4900,93,5,13,1,35,0,0.010641854753569392
4900,93,5,13,1,34,3,0.012446613746864786
4900,93,5,14,1,33,3,0.014557442978789224
4900,93,5,15,1,32,0,0.01702624909799909
4900,93,5,16,1,31,0,0.01991374163508666
4900,93,4,16,1,30,1,0.023290925888990247
4900,93,5,16,1,29,0,0.027240848992971047
4900,93,4,16,1,28,0,0.03186064209704216
4900,93,4,15,1,27,0,0.03726390888542943
4900,93,3,15,1,26,3,0.043583519164244945
4900,93,3,16,1,25,2,0.05097487621549116
4900,93,2,16,1,24,1,0.059619738263732354
4900,93,2,17,1,23,3,0.06973068802775714
4900,93,3,17,1,22,1,0.08155636026638262
4900,93,3,17,1,21,2,0.09538755586711417
4900,93,3,16,1,20,1,0.11156439282703412
4900,93,4,16,1,19,2,0.13048466997313932
4900,93,5,16,1,18,3,0.15261364909139102
4900,93,5,17,1,17,3,0.17849549601332285
4900,93,5,17,1,16,1,0.20876666200388638
4900,93,5,16,1,15,1,0.24417153450746945
4900,93,6,16,1,14,3,0.28558074211399936
4900,93,6,17,1,13,2,0.3340125638760227
4900,93,6,16,1,12,3,0.3906579694456406
4900,93,6,17,1,11,2,0.45690990578437496
4900,93,6,16,1,10,0,0.5343975506249999
4900,93,5,16,1,9,1,0.6250263749999999
4900,93,5,15,1,8,1,0.7310249999999999
4900,93,6,15,1,7,3,0.855
4900,94,3,2,0,93,2,1.0304290552199376e-06
4900,94,2,2,0,92,1,1.2051801815437866e-06
4900,94,3,2,0,91,0,1.4095674637939024e-06
4900,94,2,2,0,90,1,1.6486169167180145e-06
4900,94,3,2,0,89,0,1.928206920138029e-06
4900,94,2,2,0,88,1,2.255212772091262e-06
4900,94,3,2,0,87,3,2.6376757568318854e-06
4900,94,3,3,0,86,1,3.0850008851834917e-06
4900,94,4,3,0,85,1,3.6081881698052537e-06
4900,94,5,3,0,84,0,4.220103122579244e-06
4900,94,5,4,0,83,3,4.9357931258236775e-06
4900,94,5,5,0,82,1,5.772857457103716e-06
4900,94,6,5,0,81,1,6.751880066787972e-06
4900,94,6,6,1,80,3,7.896935750629207e-06
4900,94,6,7,1,79,3,9.236182164478605e-06
4900,94,6,8,1,78,3,1.0802552239156264e-05
4900,94,6,9,1,77,0,1.2634564022404986e-05
4900,94,5,9,1,76,3,1.4777267862461972e-05
4900,94,5,10,1,75,0,1.7283354225101722e-05
4900,94,4,10,1,74,0,2.0214449386083884e-05
4900,94,3,10,1,73,0,2.3642630860916825e-05
4900,94,3,11,1,72,3,2.765219983732962e-05
4900,94,3,12,1,71,3,3.2341754195707156e-05
4900,94,3,13,1,70,2,3.782661309439433e-05
4900,94,3,12,1,69,1,4.4241652741981674e-05
4900,94,4,12,1,68,0,5.174462309003704e-05
4900,94,3,12,1,67,1,6.052002700589128e-05
4900,94,4,12,1,66,1,7.078365731683191e-05
4900,94,5,12,1,65,0,8.278790329454025e-05
4900,94,4,12,1,64,3,9.682795706963772e-05
4900,94,4,12,1,63,1,0.00011324907259606752
4900,94,5,12,1,62,1,0.00013245505566791523
4900,94,5,11,1,61,1,0.00015491819376364354
4900,94,6,11,1,60,0,0.0001811908698989983
4900,94,5,11,1,59,2,0.00021191914608069978
4900,94,4,11,1,58,3,0.0002478586503867834
4900,94,4,12,1,57,2,0.00028989315834711504
4900,94,3,12,1,56,2,0.0003390563255521813
4900,94,3,11,1,55,1,0.00039655710590898397
4900,94,4,11,1,54,2,0.0004638094805953029
4900,94,4,10,1,53,1,0.0005424672287664362
4900,94,5,10,1,52,3,0.0006344645950484634
4900,94,5,11,1,51,2,0.0007420638538578519
4900,94,4,11,1,50,3,0.0008679109401846222
4900,94,4,12,1,49,0,0.0010151005148358154
4900,94,3,12,1,48,2,0.0011872520641354567
4900,94,3,11,1,47,3,0.0013885989054215867
4900,94,3,12,1,46,0,0.0016240922870427914
4900,94,3,12,1,45,1,0.0018995231427401068
4900,94,4,12,1,44,1,0.0022216644944328735
4900,94,4,11,1,43,1,0.002598438005184647
4900,94,5,11,1,42,1,0.0030391087779937393
4900,94,5,12,1,41,3,0.0035545131906359524
4900,94,5,13,1,40,3,0.004157325369164857
4900,94,5,14,1,39,1,0.004862368852824394
4900,94,5,14,1,38,3,0.005686981114414496
4900,94,5,15,1,37,2,0.006651439899899995
4900,94,5,14,1,36,2,0.007779461871228065
4900,94,5,13,1,35,0,0.00909878581430183
4900,94,5,13,1,34,3,0.010641854753569392
4900,94,5,14,1,33,3,0.012446613746864786
4900,94,5,15,1,32,0,0.014557442978789224
4900,94,5,16,1,31,0,0.01702624909799909
4900,94,4,16,1,30,1,0.01991374163508666
4900,94,5,16,1,29,0,0.023290925888990247
4900,94,4,16,1,28,0,0.027240848992971047
4900,94,4,15,1,27,0,0.03186064209704216
4900,94,3,15,1,26,3,0.03726390888542943
4900,94,3,16,1,25,2,0.043583519164244945
4900,94,2,16,1,24,1,0.05097487621549116
4900,94,2,17,1,23,3,0.059619738263732354
4900,94,3,17,1,22,1,0.06973068802775714
4900,94,3,17,1,21,2,0.08155636026638262
4900,94,3,16,1,20,1,0.09538755586711417
4900,94,4,16,1,19,2,0.11156439282703412
4900,94,5,16,1,18,3,0.13048466997313932
4900,94,5,17,1,17,3,0.15261364909139102
4900,94,5,17,1,16,1,0.17849549601332285
4900,94,5,16,1,15,1,0.20876666200388638
4900,94,6,16,1,14,3,0.24417153450746945
4900,94,6,17,1,13,2,0.28558074211399936
4900,94,6,16,1,12,3,0.3340125638760227
4900,94,6,17,1,11,2,0.3906579694456406
4900,94,6,16,1,10,0,0.45690990578437496
4900,94,5,16,1,9,1,0.5343975506249999
4900,94,5,15,1,8,1,0.6250263749999999
4900,94,6,15,1,7,3,0.7310249999999999
4900,94,6,16,1,6,2,0.855
4900,95,2,2,0,92,1,1.0304290552199376e-06
4900,95,3,2,0,91,0,1.2051801815437866e-06
4900,95,2,2,0,90,1,1.4095674637939024e-06
4900,95,3,2,0,89,0,1.6486169167180145e-06
4900,95,2,2,0,88,1,1.928206920138029e-06
4900,95,3,2,0,87,3,2.255212772091262e-06
4900,95,3,3,0,86,1,2.6376757568318854e-06
4900,95,4,3,0,85,1,3.0850008851834917e-06
4900,95,5,3,0,84,0,3.6081881698052537e-06
4900,95,5,4,0,83,3,4.220103122579244e-06
4900,95,5,5,0,82,1,4.9357931258236775e-06
4900,95,6,5,0,81,1,5.772857457103716e-06
4900,95,6,6,1,80,3,6.751880066787972e-06
4900,95,6,7,1,79,3,7.896935750629207e-06
4900,95,6,8,1,78,3,9.236182164478605e-06
4900,95,6,9,1,77,0,1.0802552239156264e-05
4900,95,5,9,1,76,3,1.2634564022404986e-05
4900,95,5,10,1,75,0,1.4777267862461972e-05
4900,95,4,10,1,74,0,1.7283354225101722e-05
4900,95,3,10,1,73,0,2.0214449386083884e-05
4900,95,3,11,1,72,3,2.3642630860916825e-05
4900,95,3,12,1,71,3,2.765219983732962e-05
4900,95,3,13,1,70,2,3.2341754195707156e-05
4900,95,3,12,1,69,1,3.782661309439433e-05
4900,95,4,12,1,68,0,4.4241652741981674e-05
4900,95,3,12,1,67,1,5.174462309003704e-05
4900,95,4,12,1,66,1,6.052002700589128e-05
4900,95,5,12,1,65,0,7.078365731683191e-05
4900,95,4,12,1,64,3,8.278790329454025e-05
4900,95,4,12,1,63,1,9.682795706963772e-05
4900,95,5,12,1,62,1,0.00011324907259606752
4900,95,5,11,1,61,1,0.00013245505566791523
4900,95,6,11,1,60,0,0.00015491819376364354
4900,95,5,11,1,59,2,0.0001811908698989983
4900,95,4,11,1,58,3,0.00021191914608069978
4900,95,4,12,1,57,2,0.0002478586503867834
4900,95,3,12,1,56,2,0.00028989315834711504
4900,95,3,11,1,55,1,0.0003390563255521813
4900,95,4,11,1,54,2,0.00039655710590898397
4900,95,4,10,1,53,1,0.0004638094805953029
4900,95,5,10,1,52,3,0.0005424672287664362
4900,95,5,11,1,51,2,0.0006344645950484634
4900,95,4,11,1,50,3,0.0007420638538578519
4900,95,4,12,1,49,0,0.0008679109401846222
4900,95,3,12,1,48,2,0.0010151005148358154
4900,95,3,11,1,47,3,0.0011872520641354567
4900,95,3,12,1,46,0,0.0013885989054215867
4900,95,3,12,1,45,1,0.0016240922870427914
4900,95,4,12,1,44,1,0.0018995231427401068
4900,95,4,11,1,43,1,0.0022216644944328735
4900,95,5,11,1,42,1,0.002598438005184647
4900,95,5,12,1,41,3,0.0030391087779937393
4900,95,5,13,1,40,3,0.0035545131906359524
4900,95,5,14,1,39,1,0.004157325369164857
4900,95,5,14,1,38,3,0.004862368852824394
4900,95,5,15,1,37,2,0.005686981114414496
4900,95,5,14,1,36,2,0.006651439899899995
4900,95,5,13,1,35,0,0.007779461871228065
4900,95,5,13,1,34,3,0.00909878581430183
4900,95,5,14,1,33,3,0.010641854753569392
4900,95,5,15,1,32,0,0.012446613746864786
4900,95,5,16,1,31,0,0.014557442978789224
4900,95,4,16,1,30,1,0.01702624909799909
4900,95,5,16,1,29,0,0.01991374163508666
4900,95,4,16,1,28,0,0.023290925888990247
4900,95,4,15,1,27,0,0.027240848992971047
4900,95,3,15,1,26,3,0.03186064209704216
4900,95,3,16,1,25,2,0.03726390888542943
4900,95,2,16,1,24,1,0.043583519164244945
4900,95,2,17,1,23,3,0.05097487621549116
4900,95,3,17,1,22,1,0.059619738263732354
4900,95,3,17,1,21,2,0.06973068802775714
4900,95,3,16,1,20,1,0.08155636026638262
4900,95,4,16,1,19,2,0.09538755586711417
4900,95,5,16,1,18,3,0.11156439282703412
4900,95,5,17,1,17,3,0.13048466997313932
4900,95,5,17,1,16,1,0.15261364909139102
4900,95,5,16,1,15,1,0.17849549601332285
4900,95,6,16,1,14,3,0.20876666200388638
4900,95,6,17,1,13,2,0.24417153450746945
4900,95,6,16,1,12,3,0.28558074211399936
4900,95,6,17,1,11,2,0.3340125638760227
4900,95,6,16,1,10,0,0.3906579694456406
4900,95,5,16,1,9,1,0.45690990578437496
4900,95,5,15,1,8,1,0.5343975506249999
4900,95,6,15,1,7,3,0.6250263749999999
4900,95,6,16,1,6,2,0.7310249999999999
4900,95,6,15,1,5,0,0.855
4900,96,3,2,0,91,0,1.0304290552199376e-06
4900,96,2,2,0,90,1,1.2051801815437866e-06
4900,96,3,2,0,89,0,1.4095674637939024e-06
4900,96,2,2,0,88,1,1.6486169167180145e-06
4900,96,3,2,0,87,3,1.928206920138029e-06
4900,96,3,3,0,86,1,2.255212772091262e-06
4900,96,4,3,0,85,1,2.6376757568318854e-06
4900,96,5,3,0,84,0,3.0850008851834917e-06
4900,96,5,4,0,83,3,3.6081881698052537e-06
4900,96,5,5,0,82,1,4.220103122579244e-06
4900,96,6,5,0,81,1,4.9357931258236775e-06
4900,96,6,6,1,80,3,5.772857457103716e-06
4900,96,6,7,1,79,3,6.751880066787972e-06
4900,96,6,8,1,78,3,7.896935750629207e-06
4900,96,6,9,1,77,0,9.236182164478605e-06
4900,96,5,9,1,76,3,1.0802552239156264e-05
4900,96,5,10,1,75,0,1.2634564022404986e-05
4900,96,4,10,1,74,0,1.4777267862461972e-05
4900,96,3,10,1,73,0,1.7283354225101722e-05
4900,96,3,11,1,72,3,2.0214449386083884e-05
4900,96,3,12,1,71,3,2.3642630860916825e-05
4900,96,3,13,1,70,2,2.765219983732962e-05
4900,96,3,12,1,69,1,3.2341754195707156e-05
4900,96,4,12,1,68,0,3.782661309439433e-05
4900,96,3,12,1,67,1,4.4241652741981674e-05
4900,96,4,12,1,66,1,5.174462309003704e-05
4900,96,5,12,1,65,0,6.052002700589128e-05
4900,96,4,12,1,64,3,7.078365731683191e-05
4900,96,4,12,1,63,1,8.278790329454025e-05
4900,96,5,12,1,62,1,9.682795706963772e-05
4900,96,5,11,1,61,1,0.00011324907259606752
4900,96,6,11,1,60,0,0.00013245505566791523
4900,96,5,11,1,59,2,0.00015491819376364354
4900,96,4,11,1,58,3,0.0001811908698989983
4900,96,4,12,1,57,2,0.00021191914608069978
4900,96,3,12,1,56,2,0.0002478586503867834
4900,96,3,11,1,55,1,0.00028989315834711504
4900,96,4,11,1,54,2,0.0003390563255521813
4900,96,4,10,1,53,1,0.00039655710590898397
4900,96,5,10,1,52,3,0.0004638094805953029
4900,96,5,11,1,51,2,0.0005424672287664362
4900,96,4,11,1,50,3,0.0006344645950484634
4900,96,4,12,1,49,0,0.0007420638538578519
4900,96,3,12,1,48,2,0.0008679109401846222
4900,96,3,11,1,47,3,0.0010151005148358154
4900,96,3,12,1,46,0,0.0011872520641354567
4900,96,3,12,1,45,1,0.0013885989054215867
4900,96,4,12,1,44,1,0.0016240922870427914
4900,96,4,11,1,43,1,0.0018995231427401068
4900,96,5,11,1,42,1,0.0022216644944328735
4900,96,5,12,1,41,3,0.002598438005184647
4900,96,5,13,1,40,3,0.0030391087779937393
4900,96,5,14,1,39,1,0.0035545131906359524
4900,96,5,14,1,38,3,0.004157325369164857
4900,96,5,15,1,37,2,0.004862368852824394
4900,96,5,14,1,36,2,0.005686981114414496
4900,96,5,13,1,35,0,0.006651439899899995
4900,96,5,13,1,34,3,0.007779461871228065
4900,96,5,14,1,33,3,0.00909878581430183
4900,96,5,15,1,32,0,0.010641854753569392
4900,96,5,16,1,31,0,0.012446613746864786
4900,96,4,16,1,30,1,0.014557442978789224
4900,96,5,16,1,29,0,0.01702624909799909
4900,96,4,16,1,28,0,0.01991374163508666
4900,96,4,15,1,27,0,0.023290925888990247
4900,96,3,15,1,26,3,0.027240848992971047
4900,96,3,16,1,25,2,0.03186064209704216
4900,96,2,16,1,24,1,0.03726390888542943
4900,96,2,17,1,23,3,0.043583519164244945
4900,96,3,17,1,22,1,0.05097487621549116
4900,96,3,17,1,21,2,0.059619738263732354
4900,96,3,16,1,20,1,0.06973068802775714
4900,96,4,16,1,19,2,0.08155636026638262
4900,96,5,16,1,18,3,0.09538755586711417
4900,96,5,17,1,17,3,0.11156439282703412
4900,96,5,17,1,16,1,0.13048466997313932
4900,96,5,16,1,15,1,0.15261364909139102
4900,96,6,16,1,14,3,0.17849549601332285
4900,96,6,17,1,13,2,0.20876666200388638
4900,96,6,16,1,12,3,0.24417153450746945
4900,96,6,17,1,11,2,0.28558074211399936
4900,96,6,16,1,10,0,0.3340125638760227
4900,96,5,16,1,9,1,0.3906579694456406
4900,96,5,15,1,8,1,0.45690990578437496
4900,96,6,15,1,7,3,0.5343975506249999
4900,96,6,16,1,6,2,0.6250263749999999
4900,96,6,15,1,5,0,0.7310249999999999
4900,96,5,15,1,4,0,0.855
4900,97,2,2,0,90,1,1.0304290552199376e-06
4900,97,3,2,0,89,0,1.2051801815437866e-06
4900,97,2,2,0,88,1,1.4095674637939024e-06
4900,97,3,2,0,87,3,1.6486169167180145e-06
4900,97,3,3,0,86,1,1.928206920138029e-06
4900,97,4,3,0,85,1,2.255212772091262e-06
4900,97,5,3,0,84,0,2.6376757568318854e-06
4900,97,5,4,0,83,3,3.0850008851834917e-06
4900,97,5,5,0,82,1,3.6081881698052537e-06
4900,97,6,5,0,81,1,4.220103122579244e-06
4900,97,6,6,1,80,3,4.9357931258236775e-06
4900,97,6,7,1,79,3,5.772857457103716e-06
4900,97,6,8,1,78,3,6.751880066787972e-06
4900,97,6,9,1,77,0,7.896935750629207e-06
4900,97,5,9,1,76,3,9.236182164478605e-06
4900,97,5,10,1,75,0,1.0802552239156264e-05
4900,97,4,10,1,74,0,1.2634564022404986e-05
4900,97,3,10,1,73,0,1.4777267862461972e-05
4900,97,3,11,1,72,3,1.7283354225101722e-05
4900,97,3,12,1,71,3,2.0214449386083884e-05
4900,97,3,13,1,70,2,2.3642630860916825e-05
4900,97,3,12,1,69,1,2.765219983732962e-05
4900,97,4,12,1,68,0,3.2341754195707156e-05
4900,97,3,12,1,67,1,3.782661309439433e-05
4900,97,4,12,1,66,1,4.4241652741981674e-05
4900,97,5,12,1,65,0,5.174462309003704e-05
4900,97,4,12,1,64,3,6.052002700589128e-05
4900,97,4,12,1,63,1,7.078365731683191e-05
4900,97,5,12,1,62,1,8.278790329454025e-05
4900,97,5,11,1,61,1,9.682795706963772e-05
4900,97,6,11,1,60,0,0.00011324907259606752
4900,97,5,11,1,59,2,0.00013245505566791523
4900,97,4,11,1,58,3,0.00015491819376364354
4900,97,4,12,1,57,2,0.0001811908698989983
4900,97,3,12,1,56,2,0.00021191914608069978
4900,97,3,11,1,55,1,0.0002478586503867834
4900,97,4,11,1,54,2,0.00028989315834711504
4900,97,4,10,1,53,1,0.0003390563255521813
4900,97,5,10,1,52,3,0.00039655710590898397
4900,97,5,11,1,51,2,0.0004638094805953029
4900,97,4,11,1,50,3,0.0005424672287664362
4900,97,4,12,1,49,0,0.0006344645950484634
4900,97,3,12,1,48,2,0.0007420638538578519
4900,97,3,11,1,47,3,0.0008679109401846222
4900,97,3,12,1,46,0,0.0010151005148358154
4900,97,3,12,1,45,1,0.0011872520641354567
4900,97,4,12,1,44,1,0.0013885989054215867
4900,97,4,11,1,43,1,0.0016240922870427914
4900,97,5,11,1,42,1,0.0018995231427401068
4900,97,5,12,1,41,3,0.0022216644944328735
4900,97,5,13,1,40,3,0.002598438005184647
4900,97,5,14,1,39,1,0.0030391087779937393
4900,97,5,14,1,38,3,0.0035545131906359524
4900,97,5,15,1,37,2,0.004157325369164857
4900,97,5,14,1,36,2,0.004862368852824394
4900,97,5,13,1,35,0,0.005686981114414496
4900,97,5,13,1,34,3,0.006651439899899995
4900,97,5,14,1,33,3,0.007779461871228065
4900,97,5,15,1,32,0,0.00909878581430183
4900,97,5,16,1,31,0,0.010641854753569392
4900,97,4,16,1,30,1,0.012446613746864786
4900,97,5,16,1,29,0,0.014557442978789224
4900,97,4,16,1,28,0,0.01702624909799909
4900,97,4,15,1,27,0,0.01991374163508666
4900,97,3,15,1,26,3,0.023290925888990247
4900,97,3,16,1,25,2,0.027240848992971047
4900,97,2,16,1,24,1,0.03186064209704216
4900,97,2,17,1,23,3,0.03726390888542943
4900,97,3,17,1,22,1,0.043583519164244945
4900,97,3,17,1,21,2,0.05097487621549116
4900,97,3,16,1,20,1,0.059619738263732354
4900,97,4,16,1,19,2,0.06973068802775714
4900,97,5,16,1,18,3,0.08155636026638262
4900,97,5,17,1,17,3,0.09538755586711417
4900,97,5,17,1,16,1,0.11156439282703412
4900,97,5,16,1,15,1,0.13048466997313932
4900,97,6,16,1,14,3,0.15261364909139102
4900,97,6,17,1,13,2,0.17849549601332285
4900,97,6,16,1,12,3,0.20876666200388638
4900,97,6,17,1,11,2,0.24417153450746945
4900,97,6,16,1,10,0,0.28558074211399936
4900,97,5,16,1,9,1,0.3340125638760227
4900,97,5,15,1,8,1,0.3906579694456406
4900,97,6,15,1,7,3,0.45690990578437496
4900,97,6,16,1,6,2,0.5343975506249999
4900,97,6,15,1,5,0,0.6250263749999999
4900,97,5,15,1,4,0,0.7310249999999999
4900,97,4,15,1,3,0,0.855
4900,98,3,2,0,89,0,1.0304290552199376e-06
4900,98,2,2,0,88,1,1.2051801815437866e-06
4900,98,3,2,0,87,3,1.4095674637939024e-06
4900,98,3,3,0,86,1,1.6486169167180145e-06
4900,98,4,3,0,85,1,1.928206920138029e-06
4900,98,5,3,0,84,0,2.255212772091262e-06
4900,98,5,4,0,83,3,2.6376757568318854e-06
4900,98,5,5,0,82,1,3.0850008851834917e-06
4900,98,6,5,0,81,1,3.6081881698052537e-06
4900,98,6,6,1,80,3,4.220103122579244e-06
4900,98,6,7,1,79,3,4.9357931258236775e-06
4900,98,6,8,1,78,3,5.772857457103716e-06
4900,98,6,9,1,77,0,6.751880066787972e-06
4900,98,5,9,1,76,3,7.896935750629207e-06
4900,98,5,10,1,75,0,9.236182164478605e-06
4900,98,4,10,1,74,0,1.0802552239156264e-05
4900,98,3,10,1,73,0,1.2634564022404986e-05
4900,98,3,11,1,72,3,1.4777267862461972e-05
4900,98,3,12,1,71,3,1.7283354225101722e-05
4900,98,3,13,1,70,2,2.0214449386083884e-05
4900,98,3,12,1,69,1,2.3642630860916825e-05
4900,98,4,12,1,68,0,2.765219983732962e-05
4900,98,3,12,1,67,1,3.2341754195707156e-05
4900,98,4,12,1,66,1,3.782661309439433e-05
4900,98,5,12,1,65,0,4.4241652741981674e-05
4900,98,4,12,1,64,3,5.174462309003704e-05
4900,98,4,12,1,63,1,6.052002700589128e-05
4900,98,5,12,1,62,1,7.078365731683191e-05
4900,98,5,11,1,61,1,8.278790329454025e-05
4900,98,6,11,1,60,0,9.682795706963772e-05
4900,98,5,11,1,59,2,0.00011324907259606752
4900,98,4,11,1,58,3,0.00013245505566791523
4900,98,4,12,1,57,2,0.00015491819376364354
4900,98,3,12,1,56,2,0.0001811908698989983
4900,98,3,11,1,55,1,0.00021191914608069978
4900,98,4,11,1,54,2,0.0002478586503867834
4900,98,4,10,1,53,1,0.00028989315834711504
4900,98,5,10,1,52,3,0.0003390563255521813
4900,98,5,11,1,51,2,0.00039655710590898397
4900,98,4,11,1,50,3,0.0004638094805953029
4900,98,4,12,1,49,0,0.0005424672287664362
4900,98,3,12,1,48,2,0.0006344645950484634
4900,98,3,11,1,47,3,0.0007420638538578519
4900,98,3,12,1,46,0,0.0008679109401846222
4900,98,3,12,1,45,1,0.0010151005148358154
4900,98,4,12,1,44,1,0.0011872520641354567
4900,98,4,11,1,43,1,0.0013885989054215867
4900,98,5,11,1,42,1,0.0016240922870427914
4900,98,5,12,1,41,3,0.0018995231427401068
4900,98,5,13,1,40,3,0.0022216644944328735
4900,98,5,14,1,39,1,0.002598438005184647
4900,98,5,14,1,38,3,0.0030391087779937393
4900,98,5,15,1,37,2,0.0035545131906359524
4900,98,5,14,1,36,2,0.004157325369164857
4900,98,5,13,1,35,0,0.004862368852824394
4900,98,5,13,1,34,3,0.005686981114414496
4900,98,5,14,1,33,3,0.006651439899899995
4900,98,5,15,1,32,0,0.007779461871228065
4900,98,5,16,1,31,0,0.00909878581430183
4900,98,4,16,1,30,1,0.010641854753569392
4900,98,5,16,1,29,0,0.012446613746864786
4900,98,4,16,1,28,0,0.014557442978789224
4900,98,4,15,1,27,0,0.01702624909799909
4900,98,3,15,1,26,3,0.01991374163508666
4900,98,3,16,1,25,2,0.023290925888990247
4900,98,2,16,1,24,1,0.027240848992971047
4900,98,2,17,1,23,3,0.03186064209704216
4900,98,3,17,1,22,1,0.03726390888542943
4900,98,3,17,1,21,2,0.043583519164244945
4900,98,3,16,1,20,1,0.05097487621549116
4900,98,4,16,1,19,2,0.059619738263732354
4900,98,5,16,1,18,3,0.06973068802775714
4900,98,5,17,1,17,3,0.08155636026638262
4900,98,5,17,1,16,1,0.09538755586711417
4900,98,5,16,1,15,1,0.11156439282703412
4900,98,6,16,1,14,3,0.13048466997313932
4900,98,6,17,1,13,2,0.15261364909139102
4900,98,6,16,1,12,3,0.17849549601332285
4900,98,6,17,1,11,2,0.20876666200388638
4900,98,6,16,1,10,0,0.24417153450746945
4900,98,5,16,1,9,1,0.28558074211399936
4900,98,5,15,1,8,1,0.3340125638760227
4900,98,6,15,1,7,3,0.3906579694456406
4900,98,6,16,1,6,2,0.45690990578437496
4900,98,6,15,1,5,0,0.5343975506249999
4900,98,5,15,1,4,0,0.6250263749999999
4900,98,4,15,1,3,0,0.7310249999999999
4900,98,3,15,1,2,3,0.855
4900,99,2,2,0,88,1,1.0304290552199376e-06
4900,99,3,2,0,87,3,1.2051801815437866e-06
4900,99,3,3,0,86,1,1.4095674637939024e-06
4900,99,4,3,0,85,1,1.6486169167180145e-06
4900,99,5,3,0,84,0,1.928206920138029e-06
4900,99,5,4,0,83,3,2.255212772091262e-06
4900,99,5,5,0,82,1,2.6376757568318854e-06
4900,99,6,5,0,81,1,3.0850008851834917e-06
4900,99,6,6,1,80,3,3.6081881698052537e-06
4900,99,6,7,1,79,3,4.220103122579244e-06
4900,99,6,8,1,78,3,4.9357931258236775e-06
4900,99,6,9,1,77,0,5.772857457103716e-06
4900,99,5,9,1,76,3,6.751880066787972e-06
4900,99,5,10,1,75,0,7.896935750629207e-06
4900,99,4,10,1,74,0,9.236182164478605e-06
4900,99,3,10,1,73,0,1.0802552239156264e-05
4900,99,3,11,1,72,3,1.2634564022404986e-05
4900,99,3,12,1,71,3,1.4777267862461972e-05
4900,99,3,13,1,70,2,1.7283354225101722e-05
4900,99,3,12,1,69,1,2.0214449386083884e-05
4900,99,4,12,1,68,0,2.3642630860916825e-05
4900,99,3,12,1,67,1,2.765219983732962e-05
4900,99,4,12,1,66,1,3.2341754195707156e-05
4900,99,5,12,1,65,0,3.782661309439433e-05
4900,99,4,12,1,64,3,4.4241652741981674e-05
4900,99,4,12,1,63,1,5.174462309003704e-05
4900,99,5,12,1,62,1,6.052002700589128e-05
4900,99,5,11,1,61,1,7.078365731683191e-05
4900,99,6,11,1,60,0,8.278790329454025e-05
4900,99,5,11,1,59,2,9.682795706963772e-05
4900,99,4,11,1,58,3,0.00011324907259606752
4900,99,4,12,1,57,2,0.00013245505566791523
4900,99,3,12,1,56,2,0.00015491819376364354
4900,99,3,11,1,55,1,0.0001811908698989983
4900,99,4,11,1,54,2,0.00021191914608069978
4900,99,4,10,1,53,1,0.0002478586503867834
4900,99,5,10,1,52,3,0.00028989315834711504
4900,99,5,11,1,51,2,0.0003390563255521813
4900,99,4,11,1,50,3,0.00039655710590898397
4900,99,4,12,1,49,0,0.0004638094805953029
4900,99,3,12,1,48,2,0.0005424672287664362
4900,99,3,11,1,47,3,0.0006344645950484634
4900,99,3,12,1,46,0,0.0007420638538578519
4900,99,3,12,1,45,1,0.0008679109401846222
4900,99,4,12,1,44,1,0.0010151005148358154
4900,99,4,11,1,43,1,0.0011872520641354567
4900,99,5,11,1,42,1,0.0013885989054215867
4900,99,5,12,1,41,3,0.0016240922870427914
4900,99,5,13,1,40,3,0.0018995231427401068
4900,99,5,14,1,39,1,0.0022216644944328735
4900,99,5,14,1,38,3,0.002598438005184647
4900,99,5,15,1,37,2,0.0030391087779937393
4900,99,5,14,1,36,2,0.0035545131906359524
4900,99,5,13,1,35,0,0.004157325369164857
4900,99,5,13,1,34,3,0.004862368852824394
4900,99,5,14,1,33,3,0.005686981114414496
4900,99,5,15,1,32,0,0.006651439899899995
4900,99,5,16,1,31,0,0.007779461871228065
4900,99,4,16,1,30,1,0.00909878581430183
4900,99,5,16,1,29,0,0.010641854753569392
4900,99,4,16,1,28,0,0.012446613746864786
4900,99,4,15,1,27,0,0.014557442978789224
4900,99,3,15,1,26,3,0.01702624909799909
4900,99,3,16,1,25,2,0.01991374163508666
4900,99,2,16,1,24,1,0.023290925888990247
4900,99,2,17,1,23,3,0.027240848992971047
4900,99,3,17,1,22,1,0.03186064209704216
4900,99,3,17,1,21,2,0.03726390888542943
4900,99,3,16,1,20,1,0.043583519164244945
4900,99,4,16,1,19,2,0.05097487621549116
4900,99,5,16,1,18,3,0.059619738263732354
4900,99,5,17,1,17,3,0.06973068802775714
4900,99,5,17,1,16,1,0.08155636026638262
4900,99,5,16,1,15,1,0.09538755586711417
4900,99,6,16,1,14,3,0.11156439282703412
4900,99,6,17,1,13,2,0.13048466997313932
4900,99,6,16,1,12,3,0.15261364909139102
4900,99,6,17,1,11,2,0.17849549601332285
4900,99,6,16,1,10,0,0.20876666200388638
4900,99,5,16,1,9,1,0.24417153450746945
4900,99,5,15,1,8,1,0.28558074211399936
4900,99,6,15,1,7,3,0.3340125638760227
4900,99,6,16,1,6,2,0.3906579694456406
4900,99,6,15,1,5,0,0.45690990578437496
4900,99,5,15,1,4,0,0.5343975506249999
4900,99,4,15,1,3,0,0.6250263749999999
4900,99,3,15,1,2,3,0.7310249999999999
4900,99,3,16,1,1,3,0.855
